Listing ID,Price ($),Description,Location,Bedrooms,Bathrooms,Unit Type,Parking,Size (sqft),Website
1739049717,"1,495.00","3.5, 1 chambre, for rent, à,louer, St-Laurent, Saint Laurent",Saint Laurent,1,1,Apartment,0,N/A,https://www.kijiji.ca/v-apartments-condos/ville-de-montreal/3-5-1-chambre-for-rent-a-louer-st-laurent-saint-laurent/1739049717
1742681754,Please Contact,Appartement à louer Côte-des-Neiges h3s1x5,"Côte-des-Neiges, Montreal",1,1,Apartment,0,80,https://www.kijiji.ca/v-apartments-condos/ville-de-montreal/appartement-a-louer-cote-des-neiges-h3s1x5/1742681754
1742734018,119.00,3 1/2 beau  renove  locataire de choix un mois gratuit,"Parc-Extension, Villeray—Saint-Michel—Parc-Extension",1,1,Apartment,0,750,https://www.kijiji.ca/v-apartments-condos/ville-de-montreal/3-1-2-beau-renove-locataire-de-choix-un-mois-gratuit/1742734018
434748894,"1,500.00","West island short term rental, $1500/monthly, Dorval, Studio ava","Pointe Picard, City of Montréal",N/A,N/A,N/A,N/A,N/A,https://www.kijiji.ca/v-short-term-rental/ville-de-montreal/west-island-short-term-rental-1500-monthly-dorval-studio-ava/434748894
1709551308,"1,570.00",3.5 condo appartement a louer Ville Saint Laurent-Leora,City of Montréal,1,1,Apartment,0,N/A,https://www.kijiji.ca/v-apartments-condos/ville-de-montreal/3-5-condo-appartement-a-louer-ville-saint-laurent-leora/1709551308
1725503705,"1,295.00","3 1/2, 1 chambre, ,louer,rent,downtown",Montreal,0,1,Apartment,0,N/A,https://www.kijiji.ca/v-apartments-condos/ville-de-montreal/3-1-2-1-chambre-louer-rent-downtown/1725503705
1742870014,"1,200.00",Demi-sous-Sol Calme et Tout Inclus à Deux Pas du Métro Longueuil,"Saint-Jude, Longueuil",0,1,Basement,0,200,https://www.kijiji.ca/v-apartments-condos/longueuil-rive-sud/demi-sous-sol-calme-et-tout-inclus-a-deux-pas-du-metro-longueuil/1742870014
1742869938,"1,650.00","Spacieux et ensoleillé 2 chambres Apt à Rosemont, prè Plateau","La Petite-Patrie, Montreal",2,1,Apartment,0,700,https://www.kijiji.ca/v-apartments-condos/ville-de-montreal/spacieux-et-ensoleille-2-chambres-apt-a-rosemont-pre-plateau/1742869938
1704543859,"1,390.00",3 1/2 Large and Spacious apartment Southwest One West Island,West Island,1,1,Apartment,0,N/A,https://www.kijiji.ca/v-apartments-condos/ouest-de-lile-qc/3-1-2-large-and-spacious-apartment-southwest-one-west-island/1704543859
1742307442,"2,475.00",️ Logement haut de gamme à louer à  Ville Sainte-Catherine,"Sainte-Catherine, Sainte-Catherine",2,1,Apartment,1,1018,https://www.kijiji.ca/v-apartments-condos/longueuil-rive-sud/logement-haut-de-gamme-a-louer-a-ville-sainte-catherine/1742307442
1738158976,Please Contact,Le Bleau - Condos Locatifs au bord de l'eau à Laval,"Saint-Vincent-de-Paul, Laval",1,1,Condo,1,568,https://www.kijiji.ca/v-apartments-condos/laval-rive-nord/le-bleau-condos-locatifs-au-bord-de-leau-a-laval/1738158976
1742028491,"1,580.00",Lease Transfer - 2 bedroom (4½) in Ahuntsic (FIRST MONTH FREE),"Ahuntsic, Montreal",2,1,Apartment,0,800,https://www.kijiji.ca/v-apartments-condos/ville-de-montreal/lease-transfer-2-bedroom-4-in-ahuntsic-first-month-free/1742028491
1742869338,"1,795.00",Brossard Renovated Condo 4 1/2 with balcony,"sector B, Brossard",2,1,Apartment,1,1075,https://www.kijiji.ca/v-apartments-condos/longueuil-rive-sud/brossard-renovated-condo-4-1-2-with-balcony/1742869338
1742869201,"1,600.00",3 1/2 metro Côte-des-Neiges *HOT WATER & HEATING INCLUDED*,"Côte-des-Neiges, Montreal",1,1,Apartment,0,750,https://www.kijiji.ca/v-apartments-condos/ville-de-montreal/3-1-2-metro-cote-des-neiges-hot-water-heating-included/1742869201
1742868962,"1,445.00",Large 2-bedroom apartment for Rent in Plateau,"De Lorimier, Montreal",2,1,Apartment,0,1000,https://www.kijiji.ca/v-apartments-condos/ville-de-montreal/large-2-bedroom-apartment-for-rent-in-plateau/1742868962
1734229946,"1,890.00",Gardenia - Condos à Louer à Lachine,"Lasalle Park, Montréal",2,2,Condo,0,942,https://www.kijiji.ca/v-apartments-condos/ville-de-montreal/gardenia-condos-a-louer-a-lachine/1734229946
1739087871,Please Contact,2255 (B) et 2325 Dandurand Commercial et Industrielle a louer,"La Petite-Patrie, Montréal",5,6,Apartment,3,30000,https://www.kijiji.ca/v-apartments-condos/ville-de-montreal/2255-b-et-2325-dandurand-commercial-et-industrielle-a-louer/1739087871
1742868784,975.00,3 1/2 Valleyfield wifi inclus et chat accepté,"Salaberry-de-Valleyfield, Salaberry-de-Valleyfield",1,1,Basement,1,650,https://www.kijiji.ca/v-apartments-condos/ouest-de-lile-qc/3-1-2-valleyfield-wifi-inclus-et-chat-accepte/1742868784
1742868567,"1,350.00","Rent / Louer 3.5, 4.5","Snowdon, Côte Saint-Luc",1,1,Apartment,0,500,https://www.kijiji.ca/v-apartments-condos/ville-de-montreal/rent-louer-3-5-4-5/1742868567
1742868395,"1,421.00",logement à louer - cession de bail,"Repentigny, Laval / North Shore",2,1,Apartment,1,N/A,https://www.kijiji.ca/v-apartments-condos/laval-rive-nord/logement-a-louer-cession-de-bail/1742868395
1741230214,"3,167.00",5 1/2 - St-Constant,"Saint-Constant, Saint-Constant",3,2,Condo,1,1510,https://www.kijiji.ca/v-apartments-condos/longueuil-rive-sud/5-1-2-st-constant/1741230214
1741228825,"2,106.00",4 1/2 - St-Constant,"Saint-Constant, Saint-Constant",2,1,Condo,1,1024,https://www.kijiji.ca/v-apartments-condos/longueuil-rive-sud/4-1-2-st-constant/1741228825
1742304087,"3,249.00",✨ OPPORTUNITÉ RARE À BLAINVILLE – LOCAL PROFESSIONNEL ✨,"Blainville, Blainville",N/A,N/A,N/A,N/A,N/A,https://www.kijiji.ca/v-commercial-office-space/laval-rive-nord/opportunite-rare-a-blainville-local-professionnel/1742304087
1742868131,999.00,Appartement 2 1/2,"Parc-Extension, City of Montréal",N/A,N/A,N/A,N/A,N/A,https://www.kijiji.ca/v-room-rental-roommate/ville-de-montreal/appartement-2-1-2/1742868131
1742760799,Please Contact,3.½ Apartment in Chateauguay. well furnished,"Châteauguay, West Island",1.5,1,Apartment,1,650,https://www.kijiji.ca/v-apartments-condos/ouest-de-lile-qc/3-apartment-in-chateauguay-well-furnished/1742760799
1742868053,925.00,Appartement 1 1/2 a louer. Studio 1 1/2 for rent,"Parc-Extension, Montreal",0,1,Apartment,0,340,https://www.kijiji.ca/v-apartments-condos/ville-de-montreal/appartement-1-1-2-a-louer-studio-1-1-2-for-rent/1742868053
1742867910,550.00,Chambre a louer pour fille,"Ahuntsic, Montréal",N/A,N/A,N/A,N/A,N/A,https://www.kijiji.ca/v-room-rental-roommate/ville-de-montreal/chambre-a-louer-pour-fille/1742867910
1742867585,"1,245.00","Nice 4 1/2 renovated, hot water included Beautiful West Island","Brook Park, Montreal",2,1,Apartment,1,800,https://www.kijiji.ca/v-apartments-condos/ville-de-montreal/nice-4-1-2-renovated-hot-water-included-beautiful-west-island/1742867585
1742867402,695.00,"AUBAINE 2 chambres libres proches HEC, POLY, UDM Sept. fin Avril","Édouard-Montpetit, Outremont",N/A,N/A,N/A,N/A,N/A,https://www.kijiji.ca/v-room-rental-roommate/ville-de-montreal/aubaine-2-chambres-libres-proches-hec-poly-udm-sept-fin-avril/1742867402
1742856139,"1,700.00",Magnifique 4 1/2 sur le Plateau Mont-Royal (des Erables/Gilford),"Parc-Laurier, Montreal",2,1,Apartment,0,1000,https://www.kijiji.ca/v-apartments-condos/ville-de-montreal/magnifique-4-1-2-sur-le-plateau-mont-royal-des-erables-gilford/1742856139
1742866981,Please Contact,CHAMBRES FERMÉES MEUBLÉES À VERDUN ,"Verdun, City of Montréal",N/A,N/A,N/A,N/A,N/A,https://www.kijiji.ca/v-room-rental-roommate/ville-de-montreal/chambres-fermees-meublees-a-verdun/1742866981
1738874455,"1,500.00",warehouse/Garage,"Mount Royal Industrial, City of Montréal",N/A,N/A,N/A,N/A,N/A,https://www.kijiji.ca/v-storage-parking/ville-de-montreal/warehouse-garage/1738874455
1742020349,"1,650.00",Luxueux Condo 3 1/2 semi-équipé en plein coeur de Montréal,"Quartier-des-Spectacles, Montreal",1,1.5,Condo,0,625,https://www.kijiji.ca/v-apartments-condos/ville-de-montreal/luxueux-condo-3-1-2-semi-equipe-en-plein-coeur-de-montreal/1742020349
1734802843,"1,890.00",4½ meublé tout inclus – 2 chambres – Disponible – 1990$/mo,"Rosemont, Montréal",2,1.5,Apartment,1,1041,https://www.kijiji.ca/v-apartments-condos/ville-de-montreal/4-meuble-tout-inclus-2-chambres-disponible-1990-mo/1734802843
1737231140,850.00,Room 850$ Metro Jolicoeur,"Côte-Saint-Paul, Montreal",N/A,N/A,N/A,N/A,N/A,https://www.kijiji.ca/v-room-rental-roommate/ville-de-montreal/room-850-metro-jolicoeur/1737231140
1742866620,985.00,Studio - Apartment (CDN-NDG) - $985/mo,"Notre-Dame-de-Grâce, Montreal",0,1,Apartment,0,450,https://www.kijiji.ca/v-apartments-condos/ville-de-montreal/studio-apartment-cdn-ndg-985-mo/1742866620
1742866514,"1,770.00",Luxueux 1000 pi² avec Foyer au gaz dans HOMA   5 1/2,"Hochelaga-Maisonneuve, Montréal",3,1,Apartment,0,1000,https://www.kijiji.ca/v-apartments-condos/ville-de-montreal/luxueux-1000-pi-avec-foyer-au-gaz-dans-homa-5-1-2/1742866514
1742866382,"1,850.00",5 et demi à louer,"Roger Rousseau Park, City of Montréal",3,1,Duplex/Triplex,0,N/A,https://www.kijiji.ca/v-apartments-condos/ville-de-montreal/5-et-demi-a-louer/1742866382
1742729904,"2,500.00",Immense Logement 1900 p.c.  a Louer pret du metro monk,"Ville-Émard, Montreal",3.5,1,Apartment,1,1900,https://www.kijiji.ca/v-apartments-condos/ville-de-montreal/immense-logement-1900-p-c-a-louer-pret-du-metro-monk/1742729904
1742866114,"1,395.00",4 ½  rénové – Appartement style condo – Ahuntsic / Villeray,"Saint-Simon, Montréal",2,1,Apartment,0,900,https://www.kijiji.ca/v-apartments-condos/ville-de-montreal/4-renove-appartement-style-condo-ahuntsic-villeray/1742866114
1742864170,"1,350.00",Downtown - Superb 3 1/2 Furnished Condo - Semi Basement,"Shaughnessy Village, Montreal",1,1,Condo,0,700,https://www.kijiji.ca/v-apartments-condos/ville-de-montreal/downtown-superb-3-1-2-furnished-condo-semi-basement/1742864170
1742864242,"1,215.00",4 et demi - Hochelaga - Électros + cour arrière - 1er octobre,"Hochelaga-Maisonneuve, Montréal",2,1,Apartment,0,650,https://www.kijiji.ca/v-apartments-condos/ville-de-montreal/4-et-demi-hochelaga-electros-cour-arriere-1er-octobre/1742864242
1742864200,"1,050.00","Studio - Hochelaga - Électros, WiFi, thermopompe inclus - Dispo!","Hochelaga-Maisonneuve, Montréal",0,1,Apartment,0,350,https://www.kijiji.ca/v-apartments-condos/ville-de-montreal/studio-hochelaga-electros-wifi-thermopompe-inclus-dispo/1742864200
1742864213,"2,000.00",Downtown/Atwater - Nice Furnished 5 1/2 for rent - Semi Basement,"Shaughnessy Village, Montreal",3,1,Apartment,0,1000,https://www.kijiji.ca/v-apartments-condos/ville-de-montreal/downtown-atwater-nice-furnished-5-1-2-for-rent-semi-basement/1742864213
1742864247,"1,350.00",4 et demi - Tout inclus avec électros - Rosemont - Disponible!,"Étienne Desmarteaux, Montréal",2,1,Apartment,0,750,https://www.kijiji.ca/v-apartments-condos/ville-de-montreal/4-et-demi-tout-inclus-avec-electros-rosemont-disponible/1742864247
1742864184,"1,295.00",Mile-End - Beau Grand 3 1/2 Disponible Maintenant,"Mile End, Montreal",1,1,Apartment,0,800,https://www.kijiji.ca/v-apartments-condos/ville-de-montreal/mile-end-beau-grand-3-1-2-disponible-maintenant/1742864184
1741889213,"1,900.00",4.5 Condo appartement à louer-Ahuntsic-Cartierville-Aldea,Montreal,2,1,Apartment,0,N/A,https://www.kijiji.ca/v-apartments-condos/ville-de-montreal/4-5-condo-appartement-a-louer-ahuntsic-cartierville-aldea/1741889213
1732640368,"2,300.00",MDV loft 1cc-condo appartement luxe à louer à Outremont-Milhaus,City of Montréal,1,1,Apartment,0,N/A,https://www.kijiji.ca/v-apartments-condos/ville-de-montreal/mdv-loft-1cc-condo-appartement-luxe-a-louer-a-outremont-milhaus/1732640368
1729845223,"1,565.00",3.5 condo appartement a louer LaSalle MTL-Vida,City of Montréal,1,1,Condo,0,N/A,https://www.kijiji.ca/v-apartments-condos/ville-de-montreal/3-5-condo-appartement-a-louer-lasalle-mtl-vida/1729845223
1725765295,"1,695.00","41/2, 4.5, rénové,à louer, for rent,,McMasterville",McMasterville,2,1,Apartment,1,N/A,https://www.kijiji.ca/v-apartments-condos/longueuil-rive-sud/41-2-4-5-renove-a-louer-for-rent-mcmasterville/1725765295
1740561569,"1,650.00",1 mois gratuit- Magnifique 4 1/2 (2 chambres) - Près du REM Mont,City of Montréal,2,1,Apartment,0,834,https://www.kijiji.ca/v-apartments-condos/ville-de-montreal/1-mois-gratuit-magnifique-4-1-2-2-chambres-pres-du-rem-mont/1740561569
1734581885,"1,595.00",4 1/2 Luxueux + au bord de l'eau! Lasalle (19),City of Montréal,2,1,Apartment,0,N/A,https://www.kijiji.ca/v-apartments-condos/ville-de-montreal/4-1-2-luxueux-au-bord-de-leau-lasalle-19/1734581885
1742854691,"1,995.00",Cession de bail | Superbe 3 ½ lumineux à Montréal,"Pierre Elliott Trudeau Park, Outremont",1,1,Condo,0,600,https://www.kijiji.ca/v-apartments-condos/ville-de-montreal/cession-de-bail-superbe-3-lumineux-a-montreal/1742854691
1742854634,"1,750.00",SUPERBE 4 ½ MEUBLÉ AVEC JARDINET ET COUR ARRIÈRE – LE PLATEAU,"Saint-Louis, Montréal",1,1,Condo,0,750,https://www.kijiji.ca/v-apartments-condos/ville-de-montreal/superbe-4-meuble-avec-jardinet-et-cour-arriere-le-plateau/1742854634
1741137313,"1,399.00",Saint Laurent 3 Bedroom Apartment for Rent - 1415 - 1800 Rue Cre,City of Montréal,3,1,Apartment,0,856,https://www.kijiji.ca/v-apartments-condos/ville-de-montreal/saint-laurent-3-bedroom-apartment-for-rent-1415-1800-rue-cre/1741137313
1742722300,"1,395.00","3 1/2 ,tout meublé ,chauffé, éclairé, internet inclus.","De Lorimier, Montréal",1,1,Apartment,0,550,https://www.kijiji.ca/v-apartments-condos/ville-de-montreal/3-1-2-tout-meuble-chauffe-eclaire-internet-inclus/1742722300
1742854474,"1,675.00",Lachine Condos 1-2-3 Bedrooms . Near Lasalle,"Lasalle Park, Lachine",2,1.5,Apartment,0,558,https://www.kijiji.ca/v-apartments-condos/ville-de-montreal/lachine-condos-1-2-3-bedrooms-near-lasalle/1742854474
1723045629,"2,006.00",*Bright & Spacious 3 bdr TOWNHOUSE for rent in West Island,West Island,3,2,Apartment,0,N/A,https://www.kijiji.ca/v-apartments-condos/ouest-de-lile-qc/bright-spacious-3-bdr-townhouse-for-rent-in-west-island/1723045629
1742854344,"1,950.00",SUPERBE  6 1/2 PLATEAU CACHET,"Parc-Laurier, City of Montréal",4,1,Apartment,0,1400,https://www.kijiji.ca/v-apartments-condos/ville-de-montreal/superbe-6-1-2-plateau-cachet/1742854344
1742854296,"1,750.00",SUPERBE 4 ½ MEUBLÉ AVEC JARDINET ET COUR ARRIÈRE – LE PLATEAU,"Saint-Louis, Montréal",N/A,N/A,N/A,N/A,N/A,https://www.kijiji.ca/v-short-term-rental/ville-de-montreal/superbe-4-meuble-avec-jardinet-et-cour-arriere-le-plateau/1742854296
1708210567,"1,990.00",3 1//2 dans un projet locatif moderne à Place Gare Viger,Montréal,0,1,Apartment,1,500,https://www.kijiji.ca/v-apartments-condos/ville-de-montreal/3-1-2-dans-un-projet-locatif-moderne-a-place-gare-viger/1708210567
1708206664,"1,690.00",Studio dans un projet locatif moderne à Place Gare Viger,Montréal,0,1,Apartment,1,446,https://www.kijiji.ca/v-apartments-condos/ville-de-montreal/studio-dans-un-projet-locatif-moderne-a-place-gare-viger/1708206664
1708210480,"1,522.00",Studio dans un projet locatif moderne à Place Gare Viger,Montréal,0,1,Apartment,1,402,https://www.kijiji.ca/v-apartments-condos/ville-de-montreal/studio-dans-un-projet-locatif-moderne-a-place-gare-viger/1708210480
1740233521,"1,700.00",4 ½ à LOUER - 4 ½ for RENT - 3 chambres,"Saint-Leonard East, City of Montréal",3,1,Apartment,0,N/A,https://www.kijiji.ca/v-apartments-condos/ville-de-montreal/4-a-louer-4-for-rent-3-chambres/1740233521
1742854234,"2,035.00","3 1/2 Logements disponibles, La Citadine du Plateau-Mont-Royal","Mile End, Montreal",1,1,Apartment,0,665,https://www.kijiji.ca/v-apartments-condos/ville-de-montreal/3-1-2-logements-disponibles-la-citadine-du-plateau-mont-royal/1742854234
1742854226,"1,695.00","Furnished and utility included in new building,Oct 1","Griffintown, Montreal",1,1,Apartment,0,500,https://www.kijiji.ca/v-apartments-condos/ville-de-montreal/furnished-and-utility-included-in-new-building-oct-1/1742854226
1742854141,850.00,Room for rent,"Thorndale, Pierrefonds-Roxboro",N/A,N/A,N/A,N/A,N/A,https://www.kijiji.ca/v-room-rental-roommate/ouest-de-lile-qc/room-for-rent/1742854141
1742854110,"1,675.00",A louer 4 1/2 à Verdun,"Verdun, City of Montréal",2,1,Apartment,0,32,https://www.kijiji.ca/v-apartments-condos/ville-de-montreal/a-louer-4-1-2-a-verdun/1742854110
1729087572,849.00,❤️NDG Room to rent - ✨Student Living Made Easy✨,"Notre-Dame-de-Grâce, City of Montréal",N/A,N/A,N/A,N/A,N/A,https://www.kijiji.ca/v-room-rental-roommate/ville-de-montreal/ndg-room-to-rent-student-living-made-easy/1729087572
1742853986,"1,340.00",BEAU 4.5 MONTREAL NORD LIBRE MAINTENANT,"Bourassa, Montréal",2,1,Apartment,0,700,https://www.kijiji.ca/v-apartments-condos/ville-de-montreal/beau-4-5-montreal-nord-libre-maintenant/1742853986
1742853901,750.00,chambre à louer ,"Laurendeau, Longueuil / South Shore",4,2,House,1,36,https://www.kijiji.ca/v-apartments-condos/longueuil-rive-sud/chambre-a-louer/1742853901
1742621981,"2,100.00","6½ Rosemont Gem, Spacious 3 Bedroom, fully equipped","La Petite-Patrie, Montreal",4.5,1,Apartment,0,1000,https://www.kijiji.ca/v-apartments-condos/ville-de-montreal/6-rosemont-gem-spacious-3-bedroom-fully-equipped/1742621981
1742621082,"1,150.00","3 1/2 ensoleillé, près de tous les services, avec 2 balcons","Villeray, Montréal",1,1,Apartment,0,750,https://www.kijiji.ca/v-apartments-condos/ville-de-montreal/3-1-2-ensoleille-pres-de-tous-les-services-avec-2-balcons/1742621082
1742853809,"1,350.00",3 1/2 TOUT INCLUS – PRÈS MÉTRO CÔTE-VERTU & REM BOIS-FRANC,"Val-Royal, City of Montréal",1.5,1,Apartment,0,880,https://www.kijiji.ca/v-apartments-condos/ville-de-montreal/3-1-2-tout-inclus-pres-metro-cote-vertu-rem-bois-franc/1742853809
1742853798,"1,500.00",Appartements à louer à Longueuil,"Saint-Jean-Vianney, Longueuil",3,1,Apartment,1,1100,https://www.kijiji.ca/v-apartments-condos/longueuil-rive-sud/appartements-a-louer-a-longueuil/1742853798
1742853788,"1,950.00",2 Bedrooms & 1Bathroom Available in Downtown Montreal,"sector S, Brossard",2,1,Apartment,0,608,https://www.kijiji.ca/v-apartments-condos/longueuil-rive-sud/2-bedrooms-1bathroom-available-in-downtown-montreal/1742853788
1742853740,"2,200.00",Espace commercial à louer pour bureau professionnel ou clinique,"Rosemont, Montréal",N/A,N/A,N/A,N/A,N/A,https://www.kijiji.ca/v-commercial-office-space/ville-de-montreal/espace-commercial-a-louer-pour-bureau-professionnel-ou-clinique/1742853740
1742853721,"1,760.00","Laval, métro Cartier 5 1/2","Laval-des-Rapides, Laval",3,1,Apartment,1,1100,https://www.kijiji.ca/v-apartments-condos/laval-rive-nord/laval-metro-cartier-5-1-2/1742853721
1742853719,"1,765.00","Spacieux 5 1/2 en haut duplex, 500$ rabais pour septembre","Bellerive, Montréal",3,1,Apartment,0,1250,https://www.kijiji.ca/v-apartments-condos/ville-de-montreal/spacieux-5-1-2-en-haut-duplex-500-rabais-pour-septembre/1742853719
1742853704,"1,450.00",1 Bedroom Condo for Rent | Condo 1 chambre à louer | TERREBONNE,"Lachenaie, Terrebonne",1,1,Condo,1,630,https://www.kijiji.ca/v-apartments-condos/laval-rive-nord/1-bedroom-condo-for-rent-condo-1-chambre-a-louer-terrebonne/1742853704
1742853691,700.00,chambre à louer ,"Duvernay, Laval / North Shore",0,1,Apartment,1,100,https://www.kijiji.ca/v-apartments-condos/laval-rive-nord/chambre-a-louer/1742853691
1736153157,995.00,SUNNY STUDIO - Parc Extension - Metro ACADIE,City of Montréal,0,1,Apartment,0,N/A,https://www.kijiji.ca/v-apartments-condos/ville-de-montreal/sunny-studio-parc-extension-metro-acadie/1736153157
1741844008,"1,100.00",RENOVATED 3.5  AVAILABLE SEPT - Downtown - Place des Arts Metro,"Milton-Parc, Montreal",1,1,Apartment,0,N/A,https://www.kijiji.ca/v-apartments-condos/ville-de-montreal/renovated-3-5-available-sept-downtown-place-des-arts-metro/1741844008
1738225569,"1,175.00",Cozy 3.5 available SEPT - ACADIE - PARC - EXTENSION,City of Montréal,1,1,Apartment,0,N/A,https://www.kijiji.ca/v-apartments-condos/ville-de-montreal/cozy-3-5-available-sept-acadie-parc-extension/1738225569
1741836110,975.00,Studio AVAILABLE SEPTEMBER - Place des Arts Metro,Montreal,0,1,Apartment,0,500,https://www.kijiji.ca/v-apartments-condos/ville-de-montreal/studio-available-september-place-des-arts-metro/1741836110
1737910005,"1,150.00",RENOVATED 3.5 available SEPT 1st - ACADIE METRO - Parc-Ex,City of Montréal,1,1,Apartment,0,N/A,https://www.kijiji.ca/v-apartments-condos/ville-de-montreal/renovated-3-5-available-sept-1st-acadie-metro-parc-ex/1737910005
1730824706,950.00,STUDIO AVAILABLE NOW - ACADIE METRO - Parc-Ex,City of Montréal,0,1,Apartment,0,N/A,https://www.kijiji.ca/v-apartments-condos/ville-de-montreal/studio-available-now-acadie-metro-parc-ex/1730824706
1737910003,"1,500.00",4.5 AVAILABLE SEPT 1ST -  Parc Extension - JEAN TALON,City of Montréal,2,1,Apartment,0,N/A,https://www.kijiji.ca/v-apartments-condos/ville-de-montreal/4-5-available-sept-1st-parc-extension-jean-talon/1737910003
1742853511,"1,450.00",Condo for Rent at 1210 Boul. Lucille-Teasdale Terrebone,"Chomedey, Laval",1,1,Condo,1,737,https://www.kijiji.ca/v-apartments-condos/laval-rive-nord/condo-for-rent-at-1210-boul-lucille-teasdale-terrebone/1742853511
1742853485,800.00,Chambre à louer métro Villa Maria ,"Notre-Dame-de-Grâce, City of Montréal",N/A,N/A,N/A,N/A,N/A,https://www.kijiji.ca/v-room-rental-roommate/ville-de-montreal/chambre-a-louer-metro-villa-maria/1742853485
1742853462,"1,700.00",Anjou 4 ½ situé au 2 ième étage 1700$/mo Parc de Talcy,"Peterborough Park, Montréal",2,1,Apartment,0,900,https://www.kijiji.ca/v-apartments-condos/ville-de-montreal/anjou-4-situe-au-2-ieme-etage-1700-mo-parc-de-talcy/1742853462
1742853406,"1,470.00","4 1/2 À LOUER À MONTRÉAL (Mercier-est/Tétrautville), H1L 2A7","Mercier-Est / Tétreaultville, Montreal",2,1,Apartment,0,975,https://www.kijiji.ca/v-apartments-condos/ville-de-montreal/4-1-2-a-louer-a-montreal-mercier-est-tetrautville-h1l-2a7/1742853406
1740239648,"1,646.00","4 1/2,bedroom,louer,rent,St-Leonard, imm neuf",St-Léonard,2,1,Condo,0,N/A,https://www.kijiji.ca/v-apartments-condos/ville-de-montreal/4-1-2-bedroom-louer-rent-st-leonard-imm-neuf/1740239648
1731288189,895.00,"2.5, Studio, à louer,for rent , Charleroi, Montreal-Nord",City of Montréal,0,1,Apartment,0,N/A,https://www.kijiji.ca/v-apartments-condos/ville-de-montreal/2-5-studio-a-louer-for-rent-charleroi-montreal-nord/1731288189
1731148289,"1,508.00","3 1/2, 1 chambre, a louer, condo, immeuble neuf, Montreal",City of Montréal,1,1,Apartment,0,N/A,https://www.kijiji.ca/v-apartments-condos/ville-de-montreal/3-1-2-1-chambre-a-louer-condo-immeuble-neuf-montreal/1731148289
1740718323,"1,495.00","4 1/2 4.5, 2,chambres,bedrooms,louer, Cartierville, metro Sauvé",City of Montréal,2,1,Apartment,0,N/A,https://www.kijiji.ca/v-apartments-condos/ville-de-montreal/4-1-2-4-5-2-chambres-bedrooms-louer-cartierville-metro-sauve/1740718323
1740967482,"1,719.00","31/2,1,chambres,louer,rent,centre-ville,Montréal,mont-royal",City of Montréal,1,1,Apartment,0,N/A,https://www.kijiji.ca/v-apartments-condos/ville-de-montreal/31-2-1-chambres-louer-rent-centre-ville-montreal-mont-royal/1740967482
1735715891,"1,495.00","3 1/2, 1,chambre, bedroom, for,rent, Saint Laurent, St-Laurent",Saint-Laurent,1,1,Apartment,0,N/A,https://www.kijiji.ca/v-apartments-condos/ville-de-montreal/3-1-2-1-chambre-bedroom-for-rent-saint-laurent-st-laurent/1735715891
1525863879,"1,075.00",1½ 2½ 3½ 4½ - NDG/COTE ST-LUC - Appartement a loué TOUT INCLUS,City of Montréal,0,1,Apartment,0,N/A,https://www.kijiji.ca/v-apartments-condos/ville-de-montreal/1-2-3-4-ndg-cote-st-luc-appartement-a-loue-tout-inclus/1525863879
1735732161,"1,495.00","4.5, à louer, blvd métropolitain,St-Léonard",Montréal,2,1,Apartment,0,N/A,https://www.kijiji.ca/v-apartments-condos/ville-de-montreal/4-5-a-louer-blvd-metropolitain-st-leonard/1735732161
1742862423,600.00,"! GREAT Room in RECENT CONDO, 4 BDR 2BTH, 2km west from Downtown","Notre-Dame-de-Grâce, Côte-Des-Neiges—Notre-Dame-De-Grâce",N/A,N/A,N/A,N/A,N/A,https://www.kijiji.ca/v-room-rental-roommate/ville-de-montreal/great-room-in-recent-condo-4-bdr-2bth-2km-west-from-downtown/1742862423
1742862356,795.00,Chambres meublées Colocations Etudiant(e)s intl Teccard UQAM etc,"Hochelaga-Maisonneuve, Montréal",N/A,N/A,N/A,N/A,N/A,https://www.kijiji.ca/v-room-rental-roommate/ville-de-montreal/chambres-meublees-colocations-etudiant-e-s-intl-teccard-uqam-etc/1742862356
1742862006,"2,200.00",Appartement de 2 chambres à louer / 2-bedroom apartment for rent,"Mile End, Montreal",2,1,Apartment,1,950,https://www.kijiji.ca/v-apartments-condos/ville-de-montreal/appartement-de-2-chambres-a-louer-2-bedroom-apartment-for-rent/1742862006
1742862002,"2,500.00",In the heart of downtown one minutes walk from metro ,"Shaughnessy Village, City of Montréal",N/A,N/A,N/A,N/A,N/A,https://www.kijiji.ca/v-short-term-rental/ville-de-montreal/in-the-heart-of-downtown-one-minutes-walk-from-metro/1742862002
1742861875,"2,095.00","5 ½ à louer, LUMINEUX, Terrebonne _Aucun voisin au-dessus","Terrebonne, Terrebonne",3,1,Apartment,2,N/A,https://www.kijiji.ca/v-apartments-condos/laval-rive-nord/5-a-louer-lumineux-terrebonne-_aucun-voisin-au-dessus/1742861875
1742861797,"1,300.00",Downtown Montreal Condo/Condo Centre-Ville de Montréal,"Golden Square Mile, Montréal",1,1,Condo,0,532,https://www.kijiji.ca/v-apartments-condos/ville-de-montreal/downtown-montreal-condo-condo-centre-ville-de-montreal/1742861797
1742861747,"1,450.00",Logement 4 1/2 à louer,"Pointe-Calumet, Deux-Montagnes Regional County Municipality",2,1,Apartment,2,900,https://www.kijiji.ca/v-apartments-condos/laval-rive-nord/logement-4-1-2-a-louer/1742861747
1738496131,"2,450.00","Downtown Montreal | 4.5 Condo | Pool, Gym & 24/7 Security","Golden Square Mile, City of Montréal",2,1,Condo,0,680,https://www.kijiji.ca/v-apartments-condos/ville-de-montreal/downtown-montreal-4-5-condo-pool-gym-24-7-security/1738496131
1742861630,"1,085.00",2 1/2 Metro Papineau Montréal Appartment avec électro,"Gay Village, Montreal",0,1,Apartment,0,450,https://www.kijiji.ca/v-apartments-condos/ville-de-montreal/2-1-2-metro-papineau-montreal-appartment-avec-electro/1742861630
1742861578,"1,650.00",5 1/2 apartment for rent - appartement à louer,"Saint-Simon, Montréal",3.5,1,Duplex/Triplex,0,1250,https://www.kijiji.ca/v-apartments-condos/ville-de-montreal/5-1-2-apartment-for-rent-appartement-a-louer/1742861578
1742861422,800.00,Room for rent,"Pointe Saint Charles, Le Sud-Ouest",N/A,N/A,N/A,N/A,N/A,https://www.kijiji.ca/v-room-rental-roommate/ville-de-montreal/room-for-rent/1742861422
1729387097,"1,617.00",Loft à Montréal | Concordia University!,Montreal,0,1,Apartment,0,N/A,https://www.kijiji.ca/v-apartments-condos/ville-de-montreal/loft-a-montreal-concordia-university/1729387097
1739424547,"1,290.00",1 Chambre à Montréal -Cavendish Blvd & Blvd De Maisonneuve Ouest,Montreal,1,1,Apartment,0,N/A,https://www.kijiji.ca/v-apartments-condos/ville-de-montreal/1-chambre-a-montreal-cavendish-blvd-blvd-de-maisonneuve-ouest/1739424547
1739424535,"1,799.00",Montréal -  Notre-Dame West &vRue Saint Henri!,Montreal,1,1,Apartment,0,N/A,https://www.kijiji.ca/v-apartments-condos/ville-de-montreal/montreal-notre-dame-west-vrue-saint-henri/1739424535
1739424544,"1,657.00",À quelques pas du quartier Cavendish!,City of Montréal,1,1,Apartment,0,N/A,https://www.kijiji.ca/v-apartments-condos/ville-de-montreal/a-quelques-pas-du-quartier-cavendish/1739424544
1734322521,925.00,"2 1/2, studio, bachelor, a,louer, for,rent, metro Viau",City of Montréal,0,1,Apartment,0,N/A,https://www.kijiji.ca/v-apartments-condos/ville-de-montreal/2-1-2-studio-bachelor-a-louer-for-rent-metro-viau/1734322521
1742126548,"1,100.00",3 ½ au cœur de Laval-Ouest,"Laval-Ouest, Laval-Ouest",1,1,Apartment,1,450,https://www.kijiji.ca/v-apartments-condos/laval-rive-nord/3-au-coeur-de-laval-ouest/1742126548
1742866069,600.00,Quiet Furnished Room - All-Inclusive - $600 (VF PLus Bas),"Côte-des-Neiges, Montreal",N/A,N/A,N/A,N/A,N/A,https://www.kijiji.ca/v-room-rental-roommate/ville-de-montreal/quiet-furnished-room-all-inclusive-600-vf-plus-bas/1742866069
1742866056,Please Contact,Chambre à louer pour longue durée,"Rivière-des-Prairies North, City of Montréal",N/A,N/A,N/A,N/A,N/A,https://www.kijiji.ca/v-room-rental-roommate/ville-de-montreal/chambre-a-louer-pour-longue-duree/1742866056
1742864078,"1,595.00",Vida – Condos locatifs modernes 3 1/2 à LaSalle,"Angrignon, LaSalle Montreal",1,1,Apartment,0,N/A,https://www.kijiji.ca/v-apartments-condos/ville-de-montreal/vida-condos-locatifs-modernes-3-1-2-a-lasalle/1742864078
1742864203,"1,595.00",Ville-Marie - Beau Condo Meublé Lumineux au Demi Sous Sol,"De Lorimier, Montréal",1,1,Apartment,0,700,https://www.kijiji.ca/v-apartments-condos/ville-de-montreal/ville-marie-beau-condo-meuble-lumineux-au-demi-sous-sol/1742864203
1742864245,825.00,Studio - Hochelaga - Chauffé & électros inclus - Disponible,"Centre-Sud, Montréal",0,1,Apartment,0,350,https://www.kijiji.ca/v-apartments-condos/ville-de-montreal/studio-hochelaga-chauffe-electros-inclus-disponible/1742864245
1742864174,"3,200.00",Villeray - Superbe 7 1/2 de 4 Chambres + 2 Parkings,"Jarry Park, Montréal",5,1,Apartment,3,1600,https://www.kijiji.ca/v-apartments-condos/ville-de-montreal/villeray-superbe-7-1-2-de-4-chambres-2-parkings/1742864174
1742864230,950.00,3 et demi chauffé - Hochelaga - Électros + WiFi - 1er novembre,"HoMa South, Montreal",1,1,Apartment,0,550,https://www.kijiji.ca/v-apartments-condos/ville-de-montreal/3-et-demi-chauffe-hochelaga-electros-wifi-1er-novembre/1742864230
1742865832,"1,560.00","Cession de bail d'un3,5 en face de la station de métro Longueuil","Saint-Jude, Longueuil",1,1,Apartment,1,700,https://www.kijiji.ca/v-apartments-condos/longueuil-rive-sud/cession-de-bail-dun3-5-en-face-de-la-station-de-metro-longueuil/1742865832
1742864185,"1,800.00",Pointe Saint-Charles - Beau 5 1/2 Rénové au 3e Étage avec Balcon,"Pointe Saint Charles, Montreal",3,1,Apartment,0,1000,https://www.kijiji.ca/v-apartments-condos/ville-de-montreal/pointe-saint-charles-beau-5-1-2-renove-au-3e-etage-avec-balcon/1742864185
1739109998,"1,625.00","265 Hymus, Pointe Claire - APARTMENTS AVAILABLE FOR RENT",Pointe-Claire,2,1,Apartment,0,960,https://www.kijiji.ca/v-apartments-condos/ouest-de-lile-qc/265-hymus-pointe-claire-apartments-available-for-rent/1739109998
1742865734,"1,595.00",Beau grand 4 ½. 2 chambres fermées. 1er octobre,"Sault-au-Récollet, Montréal",2.5,1,Apartment,0,1012,https://www.kijiji.ca/v-apartments-condos/ville-de-montreal/beau-grand-4-2-chambres-fermees-1er-octobre/1742865734
1742865678,750.00,BASEMENT STUDIO VERDUN,"Desmarchais-Crawford, City of Montréal",0,1,Basement,0,450,https://www.kijiji.ca/v-apartments-condos/ville-de-montreal/basement-studio-verdun/1742865678
1742865580,"1,100.00",Ville lasalle  beau 4.5 enhaut tranquille,"Angrignon, Montreal",2,1,Apartment,0,950,https://www.kijiji.ca/v-apartments-condos/ville-de-montreal/ville-lasalle-beau-4-5-enhaut-tranquille/1742865580
1742864235,"1,175.00",3 et demi - Cartierville - Électros + WiFi inclus - 1er novembre,"Cartierville, Montréal",1,1,Apartment,0,650,https://www.kijiji.ca/v-apartments-condos/ville-de-montreal/3-et-demi-cartierville-electros-wifi-inclus-1er-novembre/1742864235
1742864216,"1,400.00",Saint-Hubert - Superbe 3 1/2 Rénové avec Parking Privé,"Laflèche, Longueuil",1,1,Apartment,1,700,https://www.kijiji.ca/v-apartments-condos/ville-de-montreal/saint-hubert-superbe-3-1-2-renove-avec-parking-prive/1742864216
1742864175,"1,950.00",Villeray - Superbe Condo 4 1/2 Rénové - Animaux Permis,"Villeray, Montréal",2,1,Apartment,0,950,https://www.kijiji.ca/v-apartments-condos/ville-de-montreal/villeray-superbe-condo-4-1-2-renove-animaux-permis/1742864175
1740418287,"1,400.00",Beautiful 1 bedroom apartment  - Near Cote Vertu Station Subway ,Montréal,1,1,Apartment,0,547,https://www.kijiji.ca/v-apartments-condos/ville-de-montreal/beautiful-1-bedroom-apartment-near-cote-vertu-station-subway/1740418287
1742035223,"2,480.00",4.5 2sdb Appartement neuf à louer Plateau-Mont-Royal-Bloc Rivard,"Parc-Laurier, Montreal",2,2,Apartment,0,N/A,https://www.kijiji.ca/v-apartments-condos/ville-de-montreal/4-5-2sdb-appartement-neuf-a-louer-plateau-mont-royal-bloc-rivard/1742035223
1734331129,"1,795.00","4 1/2, 2, chambres, bedrooms, louer, rent, downtown, CDN",Montreal,2,2,Apartment,0,1050,https://www.kijiji.ca/v-apartments-condos/ville-de-montreal/4-1-2-2-chambres-bedrooms-louer-rent-downtown-cdn/1734331129
1740239646,"1,865.00","51/2, a louer, for rent,Saint-Léonard,1 mois gratuit, imm. neuf",Saint-Léonard,3,1,Condo,0,N/A,https://www.kijiji.ca/v-apartments-condos/ville-de-montreal/51-2-a-louer-for-rent-saint-leonard-1-mois-gratuit-imm-neuf/1740239646
1690471115,"2,425.00",4.5 condo appt tout inclus a louer Sud Ouest-Griffin Square,City of Montréal,2,1,Apartment,0,N/A,https://www.kijiji.ca/v-apartments-condos/ville-de-montreal/4-5-condo-appt-tout-inclus-a-louer-sud-ouest-griffin-square/1690471115
1742852781,"2,400.00",Condo neuf et moderne à louer – Côte-des-Neiges,"Côte-des-Neiges, Montreal",2,1,Apartment,0,920,https://www.kijiji.ca/v-apartments-condos/ville-de-montreal/condo-neuf-et-moderne-a-louer-cote-des-neiges/1742852781
1742853270,"1,350.00",3 1/2 to rent in Vaudreuil,"Vaudreuil-Dorion, Vaudreuil-Dorion",1,1,Apartment,1,700,https://www.kijiji.ca/v-apartments-condos/ouest-de-lile-qc/3-1-2-to-rent-in-vaudreuil/1742853270
1742853240,Please Contact,LOCAL À LOUER – BEL EMPLACEMENT ,"Sainte-Marthe-sur-le-Lac, Laval / North Shore",N/A,N/A,N/A,N/A,N/A,https://www.kijiji.ca/v-commercial-office-space/laval-rive-nord/local-a-louer-bel-emplacement/1742853240
1742853180,800.00,Libre en octobre chambre Longueuil tout inclus,"Saint-Jude, Longueuil",N/A,N/A,N/A,N/A,N/A,https://www.kijiji.ca/v-room-rental-roommate/longueuil-rive-sud/libre-en-octobre-chambre-longueuil-tout-inclus/1742853180
1742853170,"3,650.00",Beautiful 3-bedroom condo downtown,"Little Burgundy, Montreal",3,1.5,Condo,1,1280,https://www.kijiji.ca/v-apartments-condos/ville-de-montreal/beautiful-3-bedroom-condo-downtown/1742853170
1742853124,"1,495.00",Appartement à louer tout inclus,"Chomedey, Laval",1,1,Apartment,1,650,https://www.kijiji.ca/v-apartments-condos/laval-rive-nord/appartement-a-louer-tout-inclus/1742853124
1742853086,"1,300.00",Sun-filled NDG Apartment avail. Oct 1,"Notre-Dame-de-Grâce, Côte-Des-Neiges—Notre-Dame-De-Grâce",2,1,Apartment,0,950,https://www.kijiji.ca/v-apartments-condos/ville-de-montreal/sun-filled-ndg-apartment-avail-oct-1/1742853086
1742852966,350.00,Grande chambre a louer ds un 3 demie,"Bellerive, Montréal-Est",N/A,N/A,N/A,N/A,N/A,https://www.kijiji.ca/v-room-rental-roommate/ville-de-montreal/grande-chambre-a-louer-ds-un-3-demie/1742852966
1742852963,"2,000.00",6 1/2 métro LAURIER (3  chambres a coucher),"Parc-Laurier, Montréal",4.5,1,Duplex/Triplex,0,1000,https://www.kijiji.ca/v-apartments-condos/ville-de-montreal/6-1-2-metro-laurier-3-chambres-a-coucher/1742852963
1742852848,570.00,Laval chambre à louer/ room for rent,"Pont-Viau, Laval",N/A,N/A,N/A,N/A,N/A,https://www.kijiji.ca/v-room-rental-roommate/laval-rive-nord/laval-chambre-a-louer-room-for-rent/1742852848
1722432447,"1,450.00",Logements  à louer à Saint-Lambert,"Saint-Lambert, Saint-Lambert",1,1,Apartment,1,800,https://www.kijiji.ca/v-apartments-condos/longueuil-rive-sud/logements-a-louer-a-saint-lambert/1722432447
1699275722,"1,125.00",Logements à louer - Longueuil,"Saint-Vincent-de-Paul, Longueuil",1,1,Apartment,1,800,https://www.kijiji.ca/v-apartments-condos/longueuil-rive-sud/logements-a-louer-longueuil/1699275722
1740245979,"1,360.00",*** LIBRE IMMÉDIATEMENT GRAND 5 ½ À LOUER VIEUX ST-EUSTACHE***,"Chomedey, Laval",3,1,Apartment,0,1200,https://www.kijiji.ca/v-apartments-condos/laval-rive-nord/libre-immediatement-grand-5-a-louer-vieux-st-eustache/1740245979
1742573210,"1,550.00","4 1/2 Chauffé, 3 minutes de marche du métro Henri-Bourassa","Ahuntsic, Ahuntsic-Cartierville",2,1,Apartment,0,N/A,https://www.kijiji.ca/v-apartments-condos/ville-de-montreal/4-1-2-chauffe-3-minutes-de-marche-du-metro-henri-bourassa/1742573210
1741724912,"1,650.00",Appartement 5 1/2 à louer à Longueuil,"Parcours-du-Cerf - Du Tremblay, Longueuil",3,1,Apartment,1,700,https://www.kijiji.ca/v-apartments-condos/longueuil-rive-sud/appartement-5-1-2-a-louer-a-longueuil/1741724912
1738276983,"1,575.00",2.5-Studio condo appartement a louer Saint-Henri-SudOuest-Wilcox,City of Montréal,0,1,Condo,0,496,https://www.kijiji.ca/v-apartments-condos/ville-de-montreal/2-5-studio-condo-appartement-a-louer-saint-henri-sudouest-wilcox/1738276983
1739452867,"1,450.00",4.5 (2 chambres) de grande taille complètement rénové dans Côted,"Côte-des-Neiges, City of Montréal",2,1,Apartment,0,N/A,https://www.kijiji.ca/v-apartments-condos/ville-de-montreal/4-5-2-chambres-de-grande-taille-completement-renove-dans-coted/1739452867
1742860773,"1,750.00",SPACIOUS 3½ AT THE TOP OF MOUNT ROYAL | GARAGE + LARGE TERRACE,"Côte-des-Neiges, Montreal",1.5,1,Apartment,1,679,https://www.kijiji.ca/v-apartments-condos/ville-de-montreal/spacious-3-at-the-top-of-mount-royal-garage-large-terrace/1742860773
1742860729,775.00,Chambre à louer,"Pointe-aux-Trembles South, Montréal",N/A,N/A,N/A,N/A,N/A,https://www.kijiji.ca/v-room-rental-roommate/ville-de-montreal/chambre-a-louer/1742860729
1738511272,"1,990.00",CONDO SUD OUEST-ATWATER-GARAGE-BALCON,"Pointe Saint Charles, Montréal",1,1,Condo,1,553,https://www.kijiji.ca/v-apartments-condos/ville-de-montreal/condo-sud-ouest-atwater-garage-balcon/1738511272
1742860396,"1,300.00",CESSION DE BAIL – STUDIO  LONGUEUIL – 1 300 $/MOIS + 1 MOIS GRAT,"Saint-Jude, Longueuil / South Shore",0,1,Condo,0,385,https://www.kijiji.ca/v-apartments-condos/longueuil-rive-sud/cession-de-bail-studio-longueuil-1-300-mois-1-mois-grat/1742860396
1742860306,"1,830.00",Condo Appartement à Louer Lachine 1 ^ 2 ^ 3 ^ Chambres,"Lasalle Park, Montréal",2,1.5,Apartment,0,719,https://www.kijiji.ca/v-apartments-condos/ville-de-montreal/condo-appartement-a-louer-lachine-1-2-3-chambres/1742860306
1717833081,"1,735.00",Great Model on 2 levels Ground Floor Private Terrace West Island,West Island,2,2,Apartment,0,N/A,https://www.kijiji.ca/v-apartments-condos/ouest-de-lile-qc/great-model-on-2-levels-ground-floor-private-terrace-west-island/1717833081
1735929488,"1,990.00",SUD-OUEST ATWATER MEUBLE-GARAGE-BALCON,"Pointe Saint Charles, Montréal",N/A,N/A,N/A,N/A,N/A,https://www.kijiji.ca/v-short-term-rental/ville-de-montreal/sud-ouest-atwater-meuble-garage-balcon/1735929488
1740342758,775.00,beautiful room in west island of montreal,"Sainte-Geneviève, City of Montréal",1,1,Apartment,0,250,https://www.kijiji.ca/v-apartments-condos/ville-de-montreal/beautiful-room-in-west-island-of-montreal/1740342758
1738118187,"1,850.00",Logement 4 1/2,"Charlemagne, Laval / North Shore",2,1,Apartment,1,1150,https://www.kijiji.ca/v-apartments-condos/laval-rive-nord/logement-4-1-2/1738118187
1741448502,"1,650.00","Grand 4½ à louer – 769, 4e Avenue, Fabreville (Laval)","Fabreville, Laval",2,1,Apartment,1,925,https://www.kijiji.ca/v-apartments-condos/laval-rive-nord/grand-4-a-louer-769-4e-avenue-fabreville-laval/1741448502
1742860068,"1,375.00",Appartement 4½ lumineux près du métro Longueuil,"Notre-Dame-de-la-Garde, Longueuil",2,1,Apartment,0,800,https://www.kijiji.ca/v-apartments-condos/longueuil-rive-sud/appartement-4-lumineux-pres-du-metro-longueuil/1742860068
1742860004,"1,100.00",31/2 libre refait à neuf,"Mercier-Est / Tétreaultville, Montréal",1,1,Apartment,0,900,https://www.kijiji.ca/v-apartments-condos/ville-de-montreal/31-2-libre-refait-a-neuf/1742860004
1735323341,"1,895.00",The Saguenay Apartments - 2 Bedroom available at 135 East Sherbr,City of Montréal,2,1,Apartment,0,930,https://www.kijiji.ca/v-apartments-condos/ville-de-montreal/the-saguenay-apartments-2-bedroom-available-at-135-east-sherbr/1735323341
1742859805,"1,500.00",4 ½ Villeray avec 4 électroménagers | 1 octobre,"Villeray, Montréal",2,1,Apartment,0,800,https://www.kijiji.ca/v-apartments-condos/ville-de-montreal/4-villeray-avec-4-electromenagers-1-octobre/1742859805
1742859668,850.00,Appartement de Studio et 1 salle de bain,"Pilon Park, City of Montréal",0,1,Apartment,1,2,https://www.kijiji.ca/v-apartments-condos/ville-de-montreal/appartement-de-studio-et-1-salle-de-bain/1742859668
1742859620,"1,895.00",Spacieux appartement rénové de 3 chambres | 1300 pi²+ ,"Ville-Émard, City of Montréal",3.5,1,Apartment,1,1300,https://www.kijiji.ca/v-apartments-condos/ville-de-montreal/spacieux-appartement-renove-de-3-chambres-1300-pi/1742859620
1742864228,"1,250.00",Hochelaga - Superbe 3 1/2 Lumineux au 2e Étage - 1er Octobre,"Centre-Sud, Montreal",1,1,Apartment,0,600,https://www.kijiji.ca/v-apartments-condos/ville-de-montreal/hochelaga-superbe-3-1-2-lumineux-au-2e-etage-1er-octobre/1742864228
1740045766,"1,550.00",4 1/2 meublé tout inclus Sainte-Anne-des-Plaines,"Sainte-Anne-des-Plaines, Laval / North Shore",2,1,Apartment,1,1200,https://www.kijiji.ca/v-apartments-condos/laval-rive-nord/4-1-2-meuble-tout-inclus-sainte-anne-des-plaines/1740045766
1742865476,"1,850.00",Grand Logement 5 ½ a Montreal-Nord - occupation immediate,"Sauvé Park, Montreal",3.5,2.5,Apartment,2,1500,https://www.kijiji.ca/v-apartments-condos/ville-de-montreal/grand-logement-5-a-montreal-nord-occupation-immediate/1742865476
1742864246,"1,225.00",3 et demi - Plateau Mont-Royal - Électros inclus - Dispo mtn!,"Parc-Lafontaine, Montréal",1,1,Apartment,0,500,https://www.kijiji.ca/v-apartments-condos/ville-de-montreal/3-et-demi-plateau-mont-royal-electros-inclus-dispo-mtn/1742864246
1742864190,950.00,2 et demi à louer - Villeray - Électros + WiFi inclus - Novembre,"Villeray, Montreal",0,1,Apartment,0,500,https://www.kijiji.ca/v-apartments-condos/ville-de-montreal/2-et-demi-a-louer-villeray-electros-wifi-inclus-novembre/1742864190
1742864191,975.00,2 et demi chauffé - Dorval - Électros + WiFi - 1er novembre,"Pointe Picard, Dorval, Montréal",0,1,Apartment,0,375,https://www.kijiji.ca/v-apartments-condos/ville-de-montreal/2-et-demi-chauffe-dorval-electros-wifi-1er-novembre/1742864191
1742864239,900.00,Studio à louer - Hochelaga - Électros inclus - Dispo mtn!,"Centre-Sud, Montréal",0,1,Apartment,0,350,https://www.kijiji.ca/v-apartments-condos/ville-de-montreal/studio-a-louer-hochelaga-electros-inclus-dispo-mtn/1742864239
1742864222,"2,100.00",Plateau - Superbe 5 1/2 de 3 Chambres -Disponible le 1er Juillet,"Saint-Louis, Montreal",3,1,Apartment,0,1000,https://www.kijiji.ca/v-apartments-condos/ville-de-montreal/plateau-superbe-5-1-2-de-3-chambres-disponible-le-1er-juillet/1742864222
1742864220,"1,495.00",Villeray - Superbe 3 1/2 Rénové et Meublé - 1er Septembre,"Jarry Park, Montreal",1,1,Apartment,0,700,https://www.kijiji.ca/v-apartments-condos/ville-de-montreal/villeray-superbe-3-1-2-renove-et-meuble-1er-septembre/1742864220
1742864177,"2,200.00",McGill Area - Superb 4 1/2 Furnished for Rent - September 1st,"Golden Square Mile, Montreal",2,1,Apartment,0,900,https://www.kijiji.ca/v-apartments-condos/ville-de-montreal/mcgill-area-superb-4-1-2-furnished-for-rent-september-1st/1742864177
1742864209,"1,495.00",Ville-Marie - Beau Petit 4 1/2 au 2e Étage - 1er Juin,"Centre-Sud, Montreal",2,1,Apartment,0,680,https://www.kijiji.ca/v-apartments-condos/ville-de-montreal/ville-marie-beau-petit-4-1-2-au-2e-etage-1er-juin/1742864209
1742864214,"2,050.00",Ville-Marie - Géant 5 1/2 de 3 Chambres + Bureau - 2 Balcons,"Gay Village, Montreal",3,1,Apartment,0,1500,https://www.kijiji.ca/v-apartments-condos/ville-de-montreal/ville-marie-geant-5-1-2-de-3-chambres-bureau-2-balcons/1742864214
1742864210,"1,650.00","4 et demi - Longueuil - WiFi, AC, parking inclus - 1er octobre","Laflèche, Longueuil",2,1,Apartment,1,850,https://www.kijiji.ca/v-apartments-condos/longueuil-rive-sud/4-et-demi-longueuil-wifi-ac-parking-inclus-1er-octobre/1742864210
1742864101,Please Contact,Le Noyer — Condo 3 1/2 Sud-Ouest Montréal Occ. Rapide,"Saint-Henry, Montréal Sud-Ouest",1,1,Condo,1,N/A,https://www.kijiji.ca/v-apartments-condos/ville-de-montreal/le-noyer-condo-3-1-2-sud-ouest-montreal-occ-rapide/1742864101
1742865032,"1,799.00",5 1/2 proche de metro honore beaugrand a louer Negotiable,"Bellerive, Montréal",3,1,Apartment,0,1250,https://www.kijiji.ca/v-apartments-condos/ville-de-montreal/5-1-2-proche-de-metro-honore-beaugrand-a-louer-negotiable/1742865032
1742864873,855.00,Chambre en coloc Montreal ,"Côte-des-Neiges, City of Montréal",N/A,N/A,N/A,N/A,N/A,https://www.kijiji.ca/v-room-rental-roommate/ville-de-montreal/chambre-en-coloc-montreal/1742864873
1742864871,"2,200.00","Rare, Large Plateau 6 1/2…. 2 Bathrooms/ 4 Bedrooms","De Lorimier, City of Montréal",4.5,2,Apartment,0,1200,https://www.kijiji.ca/v-apartments-condos/ville-de-montreal/rare-large-plateau-6-1-2-2-bathrooms-4-bedrooms/1742864871
1742852731,"1,300.00",Charming 5 ½ Ground Floor Apartment in Ahuntsic with Parking,"Sault-au-Récollet, Montreal",2,1,Apartment,1,1000,https://www.kijiji.ca/v-apartments-condos/ville-de-montreal/charming-5-ground-floor-apartment-in-ahuntsic-with-parking/1742852731
1742852525,570.00,Room for rent only for women Plateau Mont-Royal $ 570,"De Lorimier, Montréal",N/A,N/A,N/A,N/A,N/A,https://www.kijiji.ca/v-room-rental-roommate/ville-de-montreal/room-for-rent-only-for-women-plateau-mont-royal-570/1742852525
1710166016,"1,995.00",Condos à Louer 4 1/2 près du CENTROPOLIS et CARREFOUR LAVAL,Laval,2,1,Condo,1,920,https://www.kijiji.ca/v-apartments-condos/laval-rive-nord/condos-a-louer-4-1-2-pres-du-centropolis-et-carrefour-laval/1710166016
1668620844,"2,780.00",Condo à louer près Carrefour Laval/Centropolis - 3 1/2 Meublé,Laval / North Shore,N/A,N/A,N/A,N/A,N/A,https://www.kijiji.ca/v-short-term-rental/laval-rive-nord/condo-a-louer-pres-carrefour-laval-centropolis-3-1-2-meuble/1668620844
1640153039,"3,100.00","CONDO à Louer 4 1/2 100% Meublé - Chomedey, Laval",Laval / North Shore,N/A,N/A,N/A,N/A,N/A,https://www.kijiji.ca/v-short-term-rental/laval-rive-nord/condo-a-louer-4-1-2-100-meuble-chomedey-laval/1640153039
1739033977,"1,648.00",Condos à Louer 3 1/2 près du CENTROPOLIS et CARREFOUR LAVAL,Laval,1,1,Condo,1,725,https://www.kijiji.ca/v-apartments-condos/laval-rive-nord/condos-a-louer-3-1-2-pres-du-centropolis-et-carrefour-laval/1739033977
1742852456,"1,175.00",3 1/2 Pierrefonds électro/appliances 1 175$,"Greendale, Montrã©Al",1,1,Apartment,1,560,https://www.kijiji.ca/v-apartments-condos/ouest-de-lile-qc/3-1-2-pierrefonds-electro-appliances-1-175/1742852456
1716024521,"2,185.00",3bd  Townhouse with basement for rent West Island,West Island,3,2,House,0,10,https://www.kijiji.ca/v-apartments-condos/ouest-de-lile-qc/3bd-townhouse-with-basement-for-rent-west-island/1716024521
1742852262,"1,875.00","Maisons a louer a Laval quartier tranquille ,pratiquement pas de","Fabreville, Fabreville",3,1,House,3,1200,https://www.kijiji.ca/v-apartments-condos/laval-rive-nord/maisons-a-louer-a-laval-quartier-tranquille-pratiquement-pas-de/1742852262
1742852160,"1,690.00",5 1/2 à louer - Ville-Marie - 1er octobre - transfert de bail,"Centre-Sud, Montreal",3.5,1,Apartment,0,1100,https://www.kijiji.ca/v-apartments-condos/ville-de-montreal/5-1-2-a-louer-ville-marie-1er-octobre-transfert-de-bail/1742852160
1742845895,"1,395.00","full renovated 3.5 for rent, for October 1, in Verdun - ID 2981","Verdun, Verdun",1,1,Apartment,0,440,https://www.kijiji.ca/v-apartments-condos/ville-de-montreal/full-renovated-3-5-for-rent-for-october-1-in-verdun-id-2981/1742845895
1728834011,800.00,CHAMBRE À LOUER - rue Mackenzie - Métro Plamondon (Pour hommes),"Snowdon, Montréal",N/A,N/A,N/A,N/A,N/A,https://www.kijiji.ca/v-room-rental-roommate/ville-de-montreal/chambre-a-louer-rue-mackenzie-metro-plamondon-pour-hommes/1728834011
1742383512,"2,200.00",logement 7 1/2 à louer,"Laval-des-Rapides, Laval / North Shore",5,2,Duplex/Triplex,2,3000,https://www.kijiji.ca/v-apartments-condos/laval-rive-nord/logement-7-1-2-a-louer/1742383512
1742848671,"2,699.00",Central Parc Laval - 2 Bedroom Penthouse (Camellia Royale) Apart,"Chomedey, Laval",2,2,Apartment,0,1085,https://www.kijiji.ca/v-apartments-condos/laval-rive-nord/central-parc-laval-2-bedroom-penthouse-camellia-royale-apart/1742848671
1742851761,"1,060.00",MONTRÉAL- Rosemont- LIBRE: Nov.- 41/2- 2 pièces doubles- Rénové,"Old Rosemont, Montréal",2,1,Duplex/Triplex,0,N/A,https://www.kijiji.ca/v-apartments-condos/ville-de-montreal/montreal-rosemont-libre:-nov-41-2-2-pieces-doubles-renove/1742851761
1742851758,700.00,Chambre dans grand appartement pour homme,"Gay Village, Montreal",N/A,N/A,N/A,N/A,N/A,https://www.kijiji.ca/v-room-rental-roommate/ville-de-montreal/chambre-dans-grand-appartement-pour-homme/1742851758
1717040780,800.00,Roommates Room  rent  Montreal Chambre à louer colocation coloc,"Côte-Saint-Paul, Montreal",N/A,N/A,N/A,N/A,N/A,https://www.kijiji.ca/v-room-rental-roommate/ville-de-montreal/roommates-room-rent-montreal-chambre-a-louer-colocation-coloc/1717040780
1742851438,"1,475.00","10 minutes de Métro Papineau, 4 e 1/2 Rénové Style Condo, MTL","Centre-Sud, Montreal",2,1,Apartment,0,925,https://www.kijiji.ca/v-apartments-condos/ville-de-montreal/10-minutes-de-metro-papineau-4-e-1-2-renove-style-condo-mtl/1742851438
1742851400,800.00," très grande chambre, double à louer  dans sous sol maison","The Old Greenfield Park, Longueuil / South Shore",N/A,N/A,N/A,N/A,N/A,https://www.kijiji.ca/v-room-rental-roommate/longueuil-rive-sud/tres-grande-chambre-double-a-louer-dans-sous-sol-maison/1742851400
1742851330,"1,095.00",LIBRE TRES GRAND 3 1/2 à louer à Vimont,"Vimont, Laval",1,1,Apartment,1,700,https://www.kijiji.ca/v-apartments-condos/laval-rive-nord/libre-tres-grand-3-1-2-a-louer-a-vimont/1742851330
1737500606,"2,195.00",5 1/2 au Mile End -  All Appliances Included 12e mois gratuit,City of Montréal,3,1,Apartment,0,N/A,https://www.kijiji.ca/v-apartments-condos/ville-de-montreal/5-1-2-au-mile-end-all-appliances-included-12e-mois-gratuit/1737500606
1692170050,"1,660.00",3.5 condo appartement à louer LUXE Old Port Ville Marie-Domo,City of Montréal,1,1,Apartment,0,N/A,https://www.kijiji.ca/v-apartments-condos/ville-de-montreal/3-5-condo-appartement-a-louer-luxe-old-port-ville-marie-domo/1692170050
1741220101,975.00,"Dorval studio- 150 Dorval ave., Dorval","Pointe Marion, Dorval",0,1,Apartment,0,N/A,https://www.kijiji.ca/v-apartments-condos/ville-de-montreal/dorval-studio-150-dorval-ave-dorval/1741220101
1684195739,"2,380.00",4.5 condo appartement a louer Griffintown-McCord,City of Montréal,2,1,Condo,0,N/A,https://www.kijiji.ca/v-apartments-condos/ville-de-montreal/4-5-condo-appartement-a-louer-griffintown-mccord/1684195739
1742864183,"2,050.00",Lachine - Superbe Appartement 5 1/2 avec Parking - 3 Chambres,"Lasalle Park, Montreal",3,1,Apartment,1,1000,https://www.kijiji.ca/v-apartments-condos/ville-de-montreal/lachine-superbe-appartement-5-1-2-avec-parking-3-chambres/1742864183
1742864195,"1,575.00",Ville-Marie - Superbe 3 1/2 Rénové au 2e Étage - Disponible,"Centre-Sud, Montréal",1,1,Apartment,0,750,https://www.kijiji.ca/v-apartments-condos/ville-de-montreal/ville-marie-superbe-3-1-2-renove-au-2e-etage-disponible/1742864195
1742864181,"2,000.00",Downtown / Atwater - Bright and Spacious 5 1/2 on the Last Floor,"Shaughnessy Village, Montreal",3,1,Apartment,0,1100,https://www.kijiji.ca/v-apartments-condos/ville-de-montreal/downtown-atwater-bright-and-spacious-5-1-2-on-the-last-floor/1742864181
1742864066,20.00,Brossard DIX30 - Bureaux aménagés 777 pc et 2679 pc 2e étage,"sector C, Brossard",N/A,N/A,N/A,N/A,N/A,https://www.kijiji.ca/v-commercial-office-space/longueuil-rive-sud/brossard-dix30-bureaux-amenages-777-pc-et-2679-pc-2e-etage/1742864066
1742864803,"2,375.00",4 et demi 2 chambres fermés Rosemont sous location 6 mois ,"La Petite-Patrie, City of Montréal",N/A,N/A,N/A,N/A,N/A,https://www.kijiji.ca/v-short-term-rental/ville-de-montreal/4-et-demi-2-chambres-fermes-rosemont-sous-location-6-mois/1742864803
1742864077,"1,805.00",LE FLEURI -- Condos locatifs neufs à Ahuntsic,"Ahuntsic, Montreal Ahuntsic",2,1,Apartment,0,N/A,https://www.kijiji.ca/v-apartments-condos/ville-de-montreal/le-fleuri-condos-locatifs-neufs-a-ahuntsic/1742864077
1742864194,"1,800.00",NDG - Superbe 5 1/2 Lumineux au 3e Étage - 1er Juillet,"Côte-des-Neiges, Montréal",3,1,Apartment,0,1000,https://www.kijiji.ca/v-apartments-condos/ville-de-montreal/ndg-superbe-5-1-2-lumineux-au-3e-etage-1er-juillet/1742864194
1742864208,"1,600.00",Rosemont - Beau 4 1/2 Rénové au Demi-Sous-Sol - 1 Juillet,"Rosemont, Montréal",2,1,Apartment,0,750,https://www.kijiji.ca/v-apartments-condos/ville-de-montreal/rosemont-beau-4-1-2-renove-au-demi-sous-sol-1-juillet/1742864208
1742864202,"1,650.00",Villeray - Superbe Condo 3 1/2 Rénové - Animaux Permis,"Villeray, Montréal",1,1,Condo,0,750,https://www.kijiji.ca/v-apartments-condos/ville-de-montreal/villeray-superbe-condo-3-1-2-renove-animaux-permis/1742864202
1742864413,"2,270.00",Spacious 2-Bedroom Apartment in TMR - Lease Transfer,"Connaught Park, City of Montréal",N/A,N/A,N/A,N/A,N/A,https://www.kijiji.ca/v-short-term-rental/ville-de-montreal/spacious-2-bedroom-apartment-in-tmr-lease-transfer/1742864413
1742864188,"2,400.00",Plateau-Mont-Royal - Superbe 5 1/2 sur 2 Étages - 3 Chambres,"Saint-Louis, Montreal",3,1.5,Apartment,0,1100,https://www.kijiji.ca/v-apartments-condos/ville-de-montreal/plateau-mont-royal-superbe-5-1-2-sur-2-etages-3-chambres/1742864188
1742864102,"1,693.00",LE LOYAL -- La Perle Rare au Seuil de Westmount,"Snowdon, Montréal",1,1,Condo,1,N/A,https://www.kijiji.ca/v-apartments-condos/ville-de-montreal/le-loyal-la-perle-rare-au-seuil-de-westmount/1742864102
1742113886,"1,495.00",Logement neuf 3 1/2 tout inclus,"Sacré-Coeur, Longueuil",1,1,Apartment,1,800,https://www.kijiji.ca/v-apartments-condos/longueuil-rive-sud/logement-neuf-3-1-2-tout-inclus/1742113886
1741685844,"1,550.00",BEAU et GRAND 5 1/2 dans HOMA 1550$ / mois,"Hochelaga-Maisonneuve, Montréal",3,1,Apartment,0,850,https://www.kijiji.ca/v-apartments-condos/ville-de-montreal/beau-et-grand-5-1-2-dans-homa-1550-mois/1741685844
1742863007,"1,450.00",Grand 6½ à Louer Près du Métro_ Spacious 6½ for Rent Near Metro,"Côte-Saint-Paul, Montreal",4,1,Apartment,1,800,https://www.kijiji.ca/v-apartments-condos/ville-de-montreal/grand-6-a-louer-pres-du-metro_-spacious-6-for-rent-near-metro/1742863007
1742863856,"1,390.00","4½ WITH 2 FLOORS | $1,390 | 2 BEDROOMS + LAUNDRY ROOM","Lefebvre Park, City of Montréal",2,1,Apartment,0,2000,https://www.kijiji.ca/v-apartments-condos/ville-de-montreal/4-with-2-floors-1-390-2-bedrooms-laundry-room/1742863856
1742859545,"1,700.00",4 1/2 apartment for rent,"Lefebvre Park, Montréal",2.5,1,Apartment,0,1260,https://www.kijiji.ca/v-apartments-condos/ville-de-montreal/4-1-2-apartment-for-rent/1742859545
1742859484,"1,300.00","Pointe-aux-Trembles, Tricentenaire grand 41/2 pour septembre","Pointe-aux-Trembles South, Montréal",2,1,Apartment,1,1270,https://www.kijiji.ca/v-apartments-condos/ville-de-montreal/pointe-aux-trembles-tricentenaire-grand-41-2-pour-septembre/1742859484
1742722424,"1,100.00",Appartement 3 1/2 à louer Villeray Métro Jean-Talon,"Jarry Park, Montréal",1,1,Apartment,0,500,https://www.kijiji.ca/v-apartments-condos/ville-de-montreal/appartement-3-1-2-a-louer-villeray-metro-jean-talon/1742722424
1742438189,"1,800.00",Grand appartement meublé tout équipé – Hochelaga,"Jarry Park, Villeray—Saint-Michel—Parc-Extension",3,1,Apartment,0,1000,https://www.kijiji.ca/v-apartments-condos/ville-de-montreal/grand-appartement-meuble-tout-equipe-hochelaga/1742438189
1742674961,"1,150.00",3 ½ NDG-CsL,"Loyola, Montreal",1,1,Apartment,0,850,https://www.kijiji.ca/v-apartments-condos/ville-de-montreal/3-ndg-csl/1742674961
1741915801,"1,000.00","3 ½, 150 mètres du métro Sauve – 9665 Lajeunesse (coin Sauve)","Ahuntsic, Montreal",1,1,Apartment,0,N/A,https://www.kijiji.ca/v-apartments-condos/ville-de-montreal/3-150-metres-du-metro-sauve-9665-lajeunesse-coin-sauve/1741915801
1742859276,"1,295.00",Pointe-aux-trembles beau grand 4 1/2 renové situé à l'etage,"Pointe-aux-Trembles South, Montréal",2,1,Apartment,1,1280,https://www.kijiji.ca/v-apartments-condos/ville-de-montreal/pointe-aux-trembles-beau-grand-4-1-2-renove-situe-a-letage/1742859276
1742859115,"1,300.00","3 ½ Rénové 2 min Métro Longueuil tout inclus, dispo 1  novembre","Notre-Dame-de-la-Garde, Longueuil",1,1,Apartment,0,N/A,https://www.kijiji.ca/v-apartments-condos/longueuil-rive-sud/3-renove-2-min-metro-longueuil-tout-inclus-dispo-1-novembre/1742859115
1740956030,"1,850.00",Fully Furnished / Equipped 2 Bedroom Apt. In Parc Extension,"Parc-Extension, Villeray—Saint-Michel—Parc-Extension",2.5,1,Apartment,1,900,https://www.kijiji.ca/v-apartments-condos/ville-de-montreal/fully-furnished-equipped-2-bedroom-apt-in-parc-extension/1740956030
1742864224,"2,250.00",Pointe St-Charles - Superb Renovated 5 1/2 Furnished,"Pointe Saint Charles, Montreal",3,1,Apartment,0,1000,https://www.kijiji.ca/v-apartments-condos/ville-de-montreal/pointe-st-charles-superb-renovated-5-1-2-furnished/1742864224
1742864225,"2,200.00",Ville-Marie - Superbe 6 1/2 Rénové au 2e Étage - 4 Chambres,"Centre-Sud, Montreal",4,1,Apartment,0,1500,https://www.kijiji.ca/v-apartments-condos/ville-de-montreal/ville-marie-superbe-6-1-2-renove-au-2e-etage-4-chambres/1742864225
1742864096,"1,449.00",Aera St-Hilaire - Condo 3 1/2 Occ. Immédiate,"Mont-Saint-Hilaire, Mont-Saint-Hilaire",1,1,Condo,0,N/A,https://www.kijiji.ca/v-apartments-condos/longueuil-rive-sud/aera-st-hilaire-condo-3-1-2-occ-immediate/1742864096
1742864103,"2,250.00",Le Noyer — Condo haut de gamme 4 1/2 Sud-Ouest Mtl Occ. Rapide,"Saint-Henry, Montréal Sud-Ouest",2,1,Condo,1,N/A,https://www.kijiji.ca/v-apartments-condos/ville-de-montreal/le-noyer-condo-haut-de-gamme-4-1-2-sud-ouest-mtl-occ-rapide/1742864103
1742864217,"2,700.00",Saint-Henri - Superbe Loft 3 1/2 Spacieux et Rénové,"Saint-Henry, Montreal",1,1,Condo,0,1000,https://www.kijiji.ca/v-apartments-condos/ville-de-montreal/saint-henri-superbe-loft-3-1-2-spacieux-et-renove/1742864217
1742864104,"1,450.00",ENTREZ DANS L’ÉLÉGANCE LE GRAY,"Fatima, Longueuil",1,1,Condo,1,N/A,https://www.kijiji.ca/v-apartments-condos/longueuil-rive-sud/entrez-dans-l-elegance-le-gray/1742864104
1742851309,"1,750.00",Grand 5 1/2 à louer ,"Lacordaire Park, City of Montréal",3.5,1,Duplex/Triplex,2,1200,https://www.kijiji.ca/v-apartments-condos/ville-de-montreal/grand-5-1-2-a-louer/1742851309
1742851264,"1,972.00",logement,"Mascouche, Laval / North Shore",3,1,Condo,2,123,https://www.kijiji.ca/v-apartments-condos/laval-rive-nord/logement/1742851264
1742851072,"1,500.00",Grand 3½ entièrement meublé — Sous-location clé en main,"Parc-Extension, Montreal",1.5,1,Apartment,0,832,https://www.kijiji.ca/v-apartments-condos/ville-de-montreal/grand-3-entierement-meuble-sous-location-cle-en-main/1742851072
1742843529,"2,200.00",Magnifique appartement 51/2,"Centre-Sud, City of Montréal",3,1,Apartment,0,1000,https://www.kijiji.ca/v-apartments-condos/ville-de-montreal/magnifique-appartement-51-2/1742843529
1742845894,"1,795.00","Atwater metro, near Dawson / Concordia University - ID 807",Westmount,1,1,Apartment,0,600,https://www.kijiji.ca/v-apartments-condos/ville-de-montreal/atwater-metro-near-dawson-concordia-university-id-807/1742845894
1738419722,895.00,"U d M,  HEC 1 1/2 Bachelor","Côte-des-Neiges, Montréal",N/A,N/A,N/A,N/A,N/A,https://www.kijiji.ca/v-room-rental-roommate/ville-de-montreal/u-d-m-hec-1-1-2-bachelor/1738419722
1725716753,"1,795.00","3.5, 1,chambre,for,to,rent,à,louer,west island,ouest,ile",Pointe-Claire,1,1,Apartment,0,N/A,https://www.kijiji.ca/v-apartments-condos/ville-de-montreal/3-5-1-chambre-for-to-rent-a-louer-west-island-ouest-ile/1725716753
1650788577,"1,295.00","3 1/2 Villa St-Germain, Style Condo, Semi-Meublé, 1295$",City of Montréal,1,1,Apartment,0,N/A,https://www.kijiji.ca/v-apartments-condos/ville-de-montreal/3-1-2-villa-st-germain-style-condo-semi-meuble-1295/1650788577
1700338671,725.00,*Montréal métro DeCastelnau - chambres à louer - rooms for rent*,"Jarry Park, Montréal",N/A,N/A,N/A,N/A,N/A,https://www.kijiji.ca/v-room-rental-roommate/ville-de-montreal/montreal-metro-decastelnau-chambres-a-louer-rooms-for-rent/1700338671
1742858987,650.00,2 bedrooms  for rent 2 chembre à louer,"Verdun, City of Montréal",N/A,N/A,N/A,N/A,N/A,https://www.kijiji.ca/v-room-rental-roommate/ville-de-montreal/2-bedrooms-for-rent-2-chembre-a-louer/1742858987
1742858922,"1,960.00",Spacieux 6 1/2 disponible a partir de 1 septembre,"Carillon - Saint-Pie-X, Longueuil / South Shore",4,1,Apartment,2,900,https://www.kijiji.ca/v-apartments-condos/longueuil-rive-sud/spacieux-6-1-2-disponible-a-partir-de-1-septembre/1742858922
1742858847,"2,000.00",Grand 4½ (900 pi²) – Plateau Mt-Royal – Métro Laurier – Terrasse,"Mile End, Montreal",2,1,Condo,0,900,https://www.kijiji.ca/v-apartments-condos/ville-de-montreal/grand-4-900-pi-plateau-mt-royal-metro-laurier-terrasse/1742858847
1742858625,"1,400.00","4½, Mercier Hochelaga-Maisonneuve, haut duplex","Mercier-Est / Tétreaultville, Montréal",2,1,Apartment,1,950,https://www.kijiji.ca/v-apartments-condos/ville-de-montreal/4-mercier-hochelaga-maisonneuve-haut-duplex/1742858625
1742858689,"1,250.00",Incredible Deal in Pointe Claire,"Lakeside Heights, Pointe-Claire",1,1,Apartment,1,400,https://www.kijiji.ca/v-apartments-condos/ouest-de-lile-qc/incredible-deal-in-pointe-claire/1742858689
1720088586,"1,100.00","2 1/2 , 3 1/2 ou 4 1/2 RÉNOVÉ Ahuntsic","Ahuntsic, Montréal",1,1,Apartment,0,500,https://www.kijiji.ca/v-apartments-condos/ville-de-montreal/2-1-2-3-1-2-ou-4-1-2-renove-ahuntsic/1720088586
1737029637,"2,150.00","Très grand, rénové, 5 ½, près McGill, parc Baldwin et Lafontaine","Centre-Sud, Montreal",3,1,Apartment,0,1300,https://www.kijiji.ca/v-apartments-condos/ville-de-montreal/tres-grand-renove-5-pres-mcgill-parc-baldwin-et-lafontaine/1737029637
1742295073,Please Contact,Mellem Grace Dart 3 MOIS PAYÉS / 3 MONTHS PAID,"New Rosemont, Montreal",1,1,Apartment,0,598,https://www.kijiji.ca/v-apartments-condos/ville-de-montreal/mellem-grace-dart-3-mois-payes-3-months-paid/1742295073
1742858602,"1,000.00",41/2. 51/2. À louer logement étudiant Montreal plateau Mont-Roya,"Parc-Laurier, Montréal",2,1,Apartment,0,500,https://www.kijiji.ca/v-apartments-condos/ville-de-montreal/41-2-51-2-a-louer-logement-etudiant-montreal-plateau-mont-roya/1742858602
1742858599,800.00, room for rent ,"Verdun, City of Montréal",N/A,N/A,N/A,N/A,N/A,https://www.kijiji.ca/v-room-rental-roommate/ville-de-montreal/room-for-rent/1742858599
1742858553,"1,150.00",4 and half for rent in Brossard!,"sector N, Brossard",2,1,Apartment,1,1000,https://www.kijiji.ca/v-apartments-condos/longueuil-rive-sud/4-and-half-for-rent-in-brossard/1742858553
1742858534,"1,150.00",STUDIO APT Lease Transfer 3440 Rue Durocher DT !! Sep until Feb,"Milton-Parc, Montreal",N/A,N/A,N/A,N/A,N/A,https://www.kijiji.ca/v-short-term-rental/ville-de-montreal/studio-apt-lease-transfer-3440-rue-durocher-dt-sep-until-feb/1742858534
1742858496,840.00,2 1/2 à Rosemont - disponible mi-septembre,"Étienne Desmarteaux, Rosemont—La Petite-Patrie",0,1,Apartment,0,400,https://www.kijiji.ca/v-apartments-condos/ville-de-montreal/2-1-2-a-rosemont-disponible-mi-septembre/1742858496
1740859695,950.00,STUDIO À LOUER À MONTRÉAL,"Bellerive, Montréal",0,1,Apartment,0,450,https://www.kijiji.ca/v-apartments-condos/ville-de-montreal/studio-a-louer-a-montreal/1740859695
1742857710,975.00,"3½, Hochelaga situé au 1er étage","Mercier-Ouest / Longue-Pointe, Montréal",1,1,Apartment,0,650,https://www.kijiji.ca/v-apartments-condos/ville-de-montreal/3-hochelaga-situe-au-1er-etage/1742857710
1742835529,440.00,salon fermé,"Mercier-Ouest / Longue-Pointe, City of Montréal",1,1,Apartment,1,N/A,https://www.kijiji.ca/v-apartments-condos/ville-de-montreal/salon-ferme/1742835529
1742863790,"1,175.00",3.5 - Grand - Chauffage et Eau Chaude Inclus,"Chomedey, Laval",1.5,1,Condo,0,680,https://www.kijiji.ca/v-apartments-condos/laval-rive-nord/3-5-grand-chauffage-et-eau-chaude-inclus/1742863790
1742863488,"1,350.00",3 1/2 près du métro Snowndon*EAU CHAUDE & CHAUFFAGE INCLUDED*,"Snowdon, Côte Saint-Luc",1,1,Apartment,0,750,https://www.kijiji.ca/v-apartments-condos/ville-de-montreal/3-1-2-pres-du-metro-snowndon-eau-chaude-chauffage-included/1742863488
1742863295,880.00,"TOP Choice! Clean, Safe! Good Area! ALL-INCLUSIVE! Avail NOW!","La Petite-Patrie, Montreal",N/A,N/A,N/A,N/A,N/A,https://www.kijiji.ca/v-room-rental-roommate/ville-de-montreal/top-choice-clean-safe-good-area-all-inclusive-avail-now/1742863295
1742863282,"1,345.00","Appartement 100% rénové, sur Fleury, 4 1/2 pour 1er octobre","Sault-au-Récollet, Montréal",2,1,Apartment,0,1012,https://www.kijiji.ca/v-apartments-condos/ville-de-montreal/appartement-100-renove-sur-fleury-4-1-2-pour-1er-octobre/1742863282
1742863073,800.00,Studio de 5 chambres à louer,"Sainte-Anne-de-Bellevue Town Centre, City of Montréal",3,2.5,House,3,200,https://www.kijiji.ca/v-apartments-condos/ville-de-montreal/studio-de-5-chambres-a-louer/1742863073
1742680078,"1,500.00","5 1/2 dans Rosemont, entrée L/S+PARKING, 1,500$, LIBRE","Étienne Desmarteaux, Montréal",2,1,Apartment,0,N/A,https://www.kijiji.ca/v-apartments-condos/ville-de-montreal/5-1-2-dans-rosemont-entree-l-s-parking-1-500-libre/1742680078
1735679149,"1,300.00",PROMO* 3 1/2 rénové 2 étages 1300$ tout inclus LIBRE,Montréal,1.5,1,Apartment,0,N/A,https://www.kijiji.ca/v-apartments-condos/ville-de-montreal/promo-3-1-2-renove-2-etages-1300-tout-inclus-libre/1735679149
1742544613,"1,350.00","Beau 5 ½ sur la 28e av, Rosemont. 1350$ chauffé eau chaude LIBRE",Montreal,3,1,Apartment,0,N/A,https://www.kijiji.ca/v-apartments-condos/ville-de-montreal/beau-5-sur-la-28e-av-rosemont-1350-chauffe-eau-chaude-libre/1742544613
1742500123,940.00,"2 1/2 métro Jean-Talon, Meublé TOUT INCLUS 940$ SEPTEMBRE","Jarry Park, Montreal",0,1,Apartment,0,N/A,https://www.kijiji.ca/v-apartments-condos/ville-de-montreal/2-1-2-metro-jean-talon-meuble-tout-inclus-940-septembre/1742500123
1741226681,"1,350.00",Beau 4 ½ métro Jean-Talon 1350$ LIBRE PROMO!!!!!,City of Montréal,2,1,Apartment,0,N/A,https://www.kijiji.ca/v-apartments-condos/ville-de-montreal/beau-4-metro-jean-talon-1350-libre-promo/1741226681
1742584110,"1,080.00","Beau 3 1/2, 13ème/Masson, 1080$ CHAUFFÉ, 15 septemre","Rosemont, Montreal",1,1,Apartment,0,N/A,https://www.kijiji.ca/v-apartments-condos/ville-de-montreal/beau-3-1-2-13eme-masson-1080-chauffe-15-septemre/1742584110
1742862889,800.00,"ROSMONT--BEAU PETIT 2½ -- 800$ chauffé, eau chaude inclus.","Rosemont, Montréal",0,1,Apartment,0,353,https://www.kijiji.ca/v-apartments-condos/ville-de-montreal/rosmont-beau-petit-2-800-chauffe-eau-chaude-inclus/1742862889
1742862831,900.00,2 ½ à louer sur Beaubien (poêle et frigo compris)!,"La Petite-Patrie, Montréal",0,1,Apartment,0,460,https://www.kijiji.ca/v-apartments-condos/ville-de-montreal/2-a-louer-sur-beaubien-poele-et-frigo-compris/1742862831
1742862803,600.00,Private room available for rent,"Bourassa, Montreal",N/A,N/A,N/A,N/A,N/A,https://www.kijiji.ca/v-room-rental-roommate/ville-de-montreal/private-room-available-for-rent/1742862803
1742862759,800.00,Room for rent,"La Petite-Patrie, City of Montréal",N/A,N/A,N/A,N/A,N/A,https://www.kijiji.ca/v-short-term-rental/ville-de-montreal/room-for-rent/1742862759
1739980294,"1,615.00",4 1/2 fraîchement rénové à Rosemont,"Rosemont, City of Montréal",1.5,1,Apartment,0,700,https://www.kijiji.ca/v-apartments-condos/ville-de-montreal/4-1-2-fraichement-renove-a-rosemont/1739980294
1742862701,"1,640.00",4 1/2 Verdun,"Verdun, City of Montréal",1.5,1,Apartment,0,890,https://www.kijiji.ca/v-apartments-condos/ville-de-montreal/4-1-2-verdun/1742862701
1742862687,220.00,Montreal Pied à terre à la semaine Metro Pie-IX Joliette,"Hochelaga-Maisonneuve, Montréal",N/A,N/A,N/A,N/A,N/A,https://www.kijiji.ca/v-short-term-rental/ville-de-montreal/montreal-pied-a-terre-a-la-semaine-metro-pie-ix-joliette/1742862687
1717432739,"2,000.00",4.5 2sdb condo appartement a louer Ville Saint-Laurent-Leora,Montreal,2,2,Condo,0,N/A,https://www.kijiji.ca/v-apartments-condos/ville-de-montreal/4-5-2sdb-condo-appartement-a-louer-ville-saint-laurent-leora/1717432739
1741610314,"1,895.00","4.5, 2 chambres, for rent, à, louer, St-Laurent, Saint Laurent",Saint Laurent,2,1,Apartment,0,N/A,https://www.kijiji.ca/v-apartments-condos/ville-de-montreal/4-5-2-chambres-for-rent-a-louer-st-laurent-saint-laurent/1741610314
1742857672,"1,600.00","Loft for rent Plateau Mont Royal metro ""Mont-Royal""","Mile End, Montreal",0,1,Apartment,0,1100,https://www.kijiji.ca/v-apartments-condos/ville-de-montreal/loft-for-rent-plateau-mont-royal-metro-mont-royal/1742857672
1742857623,"1,660.00",5 1/2 à louer - Lasalle,"Pointe McDonald, Montréal",3,1,Apartment,0,1000,https://www.kijiji.ca/v-apartments-condos/ville-de-montreal/5-1-2-a-louer-lasalle/1742857623
1742857596,"1,500.00",Superbe 41/2 à 2 étages / Métro Frontenac ,"Centre-Sud, City of Montréal",2,1,Apartment,0,700,https://www.kijiji.ca/v-apartments-condos/ville-de-montreal/superbe-41-2-a-2-etages-metro-frontenac/1742857596
1734290672,"1,250.00",3 1/2 style condo neuf à Hochelaga - électros et WiFi inclus,Montréal,1,1,Apartment,0,650,https://www.kijiji.ca/v-apartments-condos/ville-de-montreal/3-1-2-style-condo-neuf-a-hochelaga-electros-et-wifi-inclus/1734290672
1742857332,"1,500.00",Appartement à louer,"Sainte-Thérèse, Sainte-Thérèse",2,1,Condo,1,801,https://www.kijiji.ca/v-apartments-condos/laval-rive-nord/appartement-a-louer/1742857332
1741519541,"1,950.00","Appartement tout inclus 2 chambres  | UdeM | metro, REM","Côte-des-Neiges, Côte-Des-Neiges—Notre-Dame-De-Grâce",1.5,1,Apartment,0,700,https://www.kijiji.ca/v-apartments-condos/ville-de-montreal/appartement-tout-inclus-2-chambres-udem-metro-rem/1741519541
1741678649,"1,590.00",grand 4 1/2 lumineux entièrement rénové Verdun ouest,"Desmarchais-Crawford, City of Montréal",2,1,Duplex/Triplex,1,900,https://www.kijiji.ca/v-apartments-condos/ville-de-montreal/grand-4-1-2-lumineux-entierement-renove-verdun-ouest/1741678649
1742149483,"1,500.00",À louer – Grand 4½ | Métro Côte-Ste-Catherine,"Notre-Dame-de-Grâce, Côte-Des-Neiges—Notre-Dame-De-Grâce",2,1,Apartment,0,900,https://www.kijiji.ca/v-apartments-condos/ville-de-montreal/a-louer-grand-4-metro-cote-ste-catherine/1742149483
1742854613,"2,405.00",The Onyx Montreal Apartments - 2 Bedroom available,"Griffintown, Montréal",2,1,Apartment,0,1258,https://www.kijiji.ca/v-apartments-condos/ville-de-montreal/the-onyx-montreal-apartments-2-bedroom-available/1742854613
1742854622,"1,495.00",Place Du Boulevard Apartments - 1 Bedroom available for Rent,"Quartier-des-Spectacles, Montréal",1,1,Apartment,0,600,https://www.kijiji.ca/v-apartments-condos/ville-de-montreal/place-du-boulevard-apartments-1-bedroom-available-for-rent/1742854622
1742857148,"1,100.00",appartement a louer 4 1/2,"Val-Royal, City of Montréal",N/A,N/A,N/A,N/A,N/A,https://www.kijiji.ca/v-short-term-rental/ville-de-montreal/appartement-a-louer-4-1-2/1742857148
1742854627,"1,495.00","Benny Crescent Apartments - 2 Bedroom - 2400, 2420, 2444, 2460, ","Notre-Dame-de-Grâce, Montréal",2,1,Apartment,0,1035,https://www.kijiji.ca/v-apartments-condos/ville-de-montreal/benny-crescent-apartments-2-bedroom-2400-2420-2444-2460/1742854627
1742854600,"1,175.00","The Lorne Apartments - Bachelor available at 3580 Lorne Avenue, ","Milton-Parc, Montréal",0,1,Apartment,0,364,https://www.kijiji.ca/v-apartments-condos/ville-de-montreal/the-lorne-apartments-bachelor-available-at-3580-lorne-avenue/1742854600
1742856744,"1,300.00",3.5 A LOUER POUR OCTOBRE,"Old Rosemont, Montréal",1,1,Apartment,0,550,https://www.kijiji.ca/v-apartments-condos/ville-de-montreal/3-5-a-louer-pour-octobre/1742856744
1742856759,"1,650.00","Grand 5.5 haut de duplex Sécurtaire, Tranquille- SEPTEMBRE","Bourassa, Montreal",3,1,Apartment,0,1167,https://www.kijiji.ca/v-apartments-condos/ville-de-montreal/grand-5-5-haut-de-duplex-securtaire-tranquille-septembre/1742856759
1742856756,"1,050.00","3½, Côte-des-Neiges, situé près de tous les services","Côte-des-Neiges, Montreal",1,1,Apartment,0,850,https://www.kijiji.ca/v-apartments-condos/ville-de-montreal/3-cote-des-neiges-situe-pres-de-tous-les-services/1742856756
1742856409,"1,350.00",4 1/2 NDG,"Notre-Dame-de-Grâce, Montréal",2,1,Apartment,0,950,https://www.kijiji.ca/v-apartments-condos/ville-de-montreal/4-1-2-ndg/1742856409
1735614932,950.00,"Métro PARC (à 91m) 2 1/2, WIFI inclus",City of Montréal,0,1,Apartment,0,N/A,https://www.kijiji.ca/v-apartments-condos/ville-de-montreal/metro-parc-a-91m-2-1-2-wifi-inclus/1735614932
1742862664,Please Contact,espace commercial a louer,"La Petite-Patrie, City of Montréal",N/A,N/A,N/A,N/A,N/A,https://www.kijiji.ca/v-commercial-office-space/ville-de-montreal/espace-commercial-a-louer/1742862664
1742862548,"1,795.00","5 1/2 ADJ Westmount, 3CAC, 5 MIN WALK CUSM &VENDOME  METRO","Notre-Dame-de-Grâce, Montréal",3,1,Apartment,0,1200,https://www.kijiji.ca/v-apartments-condos/ville-de-montreal/5-1-2-adj-westmount-3cac-5-min-walk-cusm-vendome-metro/1742862548
1740273187,"1,450.00","Grand 5½ à louer – 4e Avenue, Verdun – Libre le 1er août 2026","Verdun, Verdun",2,1,Apartment,0,800,https://www.kijiji.ca/v-apartments-condos/ville-de-montreal/grand-5-a-louer-4e-avenue-verdun-libre-le-1er-aout-2026/1740273187
1741589454,"1,550.00",3 1/2 et 4 1/2 Bois-des-Filion (bloc non fumeur),"Bois-des-Filion, Bois-des-Filion",2,1,Apartment,1,650,https://www.kijiji.ca/v-apartments-condos/laval-rive-nord/3-1-2-et-4-1-2-bois-des-filion-bloc-non-fumeur/1741589454
1742394590,"1,950.00",Grand 5 1/2  rénové à 9  Tétreaultville près de toute commodité,"Mercier-Est / Tétreaultville, Montréal",3,1,Duplex/Triplex,0,N/A,https://www.kijiji.ca/v-apartments-condos/ville-de-montreal/grand-5-1-2-renove-a-9-tetreaultville-pres-de-toute-commodite/1742394590
1731159899,"1,295.00","GRAND 3 1/2, 1 chambre, louer, rent, downtown, CDN, Montréal",City of Montréal,1,1,Apartment,0,700,https://www.kijiji.ca/v-apartments-condos/ville-de-montreal/grand-3-1-2-1-chambre-louer-rent-downtown-cdn-montreal/1731159899
1730317107,"1,150.00",STUDIO PLATEAU MONT-ROYAL PROCHE DE TOUT,"Saint-Louis, Le Plateau-Mont-Royal",0,1,Apartment,0,250,https://www.kijiji.ca/v-apartments-condos/ville-de-montreal/studio-plateau-mont-royal-proche-de-tout/1730317107
1701307643,"2,480.00",4.5 Condo Appartement à louer-GRIFFINTOWN-tout inclus-WillRich,City of Montréal,2,1,Apartment,0,N/A,https://www.kijiji.ca/v-apartments-condos/ville-de-montreal/4-5-condo-appartement-a-louer-griffintown-tout-inclus-willrich/1701307643
1741228916,"1,970.00","Magnifique condo 2 chambres, métro Crémazie - ligne Orange!","Youville, Montréal",N/A,N/A,N/A,N/A,N/A,https://www.kijiji.ca/v-room-rental-roommate/ville-de-montreal/magnifique-condo-2-chambres-metro-cremazie-ligne-orange/1741228916
1742856292,"1,000.00",A louer Studio Chambre pour étudiant Montréal Plateau Mont-Royal,"Parc-Laurier, Le Plateau-Mont-Royal",N/A,N/A,N/A,N/A,N/A,https://www.kijiji.ca/v-room-rental-roommate/ville-de-montreal/a-louer-studio-chambre-pour-etudiant-montreal-plateau-mont-royal/1742856292
1742854593,"1,125.00","The 1350 Dufort Apartments - Jr 1 Bedroom, Montreal Apt for Rent","Shaughnessy Village, Montréal",1,1,Apartment,0,400,https://www.kijiji.ca/v-apartments-condos/ville-de-montreal/the-1350-dufort-apartments-jr-1-bedroom-montreal-apt-for-rent/1742854593
1742856133,"1,166.00",Lease Transfer - Bright Downtown Studio,"Milton-Parc, City of Montréal",1,1,Apartment,0,N/A,https://www.kijiji.ca/v-apartments-condos/ville-de-montreal/lease-transfer-bright-downtown-studio/1742856133
1742856117,975.00,"4 1/2 à louer , Salaberry-de-Valleyfield","Salaberry-de-Valleyfield, Salaberry-de-Valleyfield",2,1,Apartment,1,400,https://www.kijiji.ca/v-apartments-condos/ouest-de-lile-qc/4-1-2-a-louer-salaberry-de-valleyfield/1742856117
1739486269,"2,575.00",Superbe condo moderne au cœur de Montréal avec services haut de,"Cité du Multimédia, Montréal",2,2,Apartment,0,849,https://www.kijiji.ca/v-apartments-condos/ville-de-montreal/superbe-condo-moderne-au-coeur-de-montreal-avec-services-haut-de/1739486269
1742854596,"2,385.00",Le DIX65 Boisbriand Apartments - 3 Bedroom available at 1065 Des,"Boisbriand, Boisbriand",3,1,Apartment,0,1233,https://www.kijiji.ca/v-apartments-condos/laval-rive-nord/le-dix65-boisbriand-apartments-3-bedroom-available-at-1065-des/1742854596
1742854630,"1,645.00","1 Bedroom available at 1555 Boul. Laval, Laval","Chomedey, Laval",1,1,Apartment,0,775,https://www.kijiji.ca/v-apartments-condos/laval-rive-nord/1-bedroom-available-at-1555-boul-laval-laval/1742854630
1742855827,"1,750.00","Charmant 5 ½ rénové en 2023, 795 pi², situé au demi-sous-sol","Villeray, Montréal",3,1,Apartment,0,795,https://www.kijiji.ca/v-apartments-condos/ville-de-montreal/charmant-5-renove-en-2023-795-pi-situe-au-demi-sous-sol/1742855827
1742855778,550.00,Grande chambre équipée $550 tous inclus,"Lucie-Bruneau Park, Montreal",N/A,N/A,N/A,N/A,N/A,https://www.kijiji.ca/v-room-rental-roommate/ville-de-montreal/grande-chambre-equipee-550-tous-inclus/1742855778
1742855643,"1,291.00","4 1/2 Metro Frontenac, Meublés, Rénové, libre maintenant,2 étage","Centre-Sud, Montreal",2,1,Apartment,0,781,https://www.kijiji.ca/v-apartments-condos/ville-de-montreal/4-1-2-metro-frontenac-meubles-renove-libre-maintenant-2-etage/1742855643
1742854624,"1,395.00",Red Top Tower Apartments - 1 Bedroom available at 5740 Cavendish,"Meadowbrook, Côte-Saint-Luc",1,1,Apartment,0,747,https://www.kijiji.ca/v-apartments-condos/ville-de-montreal/red-top-tower-apartments-1-bedroom-available-at-5740-cavendish/1742854624
1742854668,"2,125.00","B&C Apartments - 2 Bedroom available at 1255 rue De Bullion, Mon","Quartier-des-Spectacles, Montréal",2,1,Apartment,0,789,https://www.kijiji.ca/v-apartments-condos/ville-de-montreal/b-c-apartments-2-bedroom-available-at-1255-rue-de-bullion-mon/1742854668
1742855512,"1,420.00",Bel 4 1/2 à louer à Ahuntsic,"Saint-Sulpice, Ahuntsic-Cartierville",2,1,Duplex/Triplex,0,850,https://www.kijiji.ca/v-apartments-condos/ville-de-montreal/bel-4-1-2-a-louer-a-ahuntsic/1742855512
1740239650,"1,495.00","41/2,2,chambres,bedrooms,louer,Ahuntsic - Cartierville","Marcelin Wilson Park, City of Montréal",2,1,Apartment,0,N/A,https://www.kijiji.ca/v-apartments-condos/ville-de-montreal/41-2-2-chambres-bedrooms-louer-ahuntsic-cartierville/1740239650
1638455422,"2,400.00",4.5 condo appartement luxe à louer à Outremont-Milhaus,City of Montréal,2,1,Apartment,0,N/A,https://www.kijiji.ca/v-apartments-condos/ville-de-montreal/4-5-condo-appartement-luxe-a-louer-a-outremont-milhaus/1638455422
1738284550,"2,415.00",4.5 condo a louer Quartier des spectacles-Myriade,City of Montréal,2,1,Condo,0,N/A,https://www.kijiji.ca/v-apartments-condos/ville-de-montreal/4-5-condo-a-louer-quartier-des-spectacles-myriade/1738284550
1738540959,"1,275.00",3½ rénové à Laval | Piscine · Clim · Eau chaude incl.,Laval / North Shore,1,1,Apartment,0,N/A,https://www.kijiji.ca/v-apartments-condos/laval-rive-nord/3-renove-a-laval-piscine-clim-eau-chaude-incl/1738540959
1512462940,"1,025.00",Appartement 1½ 2½ 3½ 4½ à louer METRO Guy Concordia TOUT INCLUS,City of Montréal,0,1.5,Apartment,0,N/A,https://www.kijiji.ca/v-apartments-condos/ville-de-montreal/appartement-1-2-3-4-a-louer-metro-guy-concordia-tout-inclus/1512462940
1734337335,"1,695.00","One Month FREE!- Une mois gratuits! Beautiful renov, Large 4 1/2","Snowdon, Montréal",2,1,Apartment,0,1075,https://www.kijiji.ca/v-apartments-condos/ville-de-montreal/one-month-free-une-mois-gratuits-beautiful-renov-large-4-1-2/1734337335
1742850737,"1,750.00",Grand 4 1/2 Marieville disponible immédiatement ,"Marieville, Longueuil / South Shore",2,1,Apartment,2,1200,https://www.kijiji.ca/v-apartments-condos/longueuil-rive-sud/grand-4-1-2-marieville-disponible-immediatement/1742850737
1742850701,"1,950.00",Magnifique Loft meublé et équipé,"Hochelaga-Maisonneuve, Montréal",N/A,N/A,N/A,N/A,N/A,https://www.kijiji.ca/v-short-term-rental/ville-de-montreal/magnifique-loft-meuble-et-equipe/1742850701
1742850696,"1,325.00",ROSEMONT–MAINTENANT/NOW–TOUT MEUBLÉ/FULLY furnished – 3 1/2,"Rosemont, Rosemont—La Petite-Patrie",1,1,Apartment,0,500,https://www.kijiji.ca/v-apartments-condos/ville-de-montreal/rosemont-maintenant-now-tout-meuble-fully-furnished-3-1-2/1742850696
1670346294,"1,200.00",appartement à louer 3-1/2 à Saint Lambert (Longueuil) J4S 1G8,"Saint-Lambert, Saint-Lambert",1,1,Apartment,1,700,https://www.kijiji.ca/v-apartments-condos/longueuil-rive-sud/appartement-a-louer-3-1-2-a-saint-lambert-longueuil-j4s-1g8/1670346294
1731811247,"1,425.00",4.5 (2 chambres) complètement rénové dans CôtedesNeiges. Aire ou,montreal,2,1,Apartment,0,N/A,https://www.kijiji.ca/v-apartments-condos/ville-de-montreal/4-5-2-chambres-completement-renove-dans-cotedesneiges-aire-ou/1731811247
1734644958,"1,225.00",3 1/2 rénové avec goût à 4 métro Côte-des-neige,cote des neiges,1.5,1,Apartment,0,N/A,https://www.kijiji.ca/v-apartments-condos/ville-de-montreal/3-1-2-renove-avec-gout-a-4-metro-cote-des-neige/1734644958
1742850629,"1,729.00",3½ NEUF 2026 – 2 MOIS GRATUIT – Saint-Bruno,"Saint-Bruno-de-Montarville, Saint-Bruno-de-Montarville",1,1,Apartment,1,633,https://www.kijiji.ca/v-apartments-condos/longueuil-rive-sud/3-neuf-2026-2-mois-gratuit-saint-bruno/1742850629
1740901025,"1,190.00",3 1/2 à Louer | 1 bedrooms for Rent | Laval,Laval,1,1,Apartment,0,N/A,https://www.kijiji.ca/v-apartments-condos/laval-rive-nord/3-1-2-a-louer-1-bedrooms-for-rent-laval/1740901025
1742552767,"1,305.00",3 1/2 à louer | 1 bedrooms for rent | Ahuntsic-Cartierville,"Saint-Simon, Montréal",1,1,Apartment,0,N/A,https://www.kijiji.ca/v-apartments-condos/ville-de-montreal/3-1-2-a-louer-1-bedrooms-for-rent-ahuntsic-cartierville/1742552767
1742850517,"1,600.00",Appartement meublé Griffintown,"Griffintown, Montréal",1,1,Condo,0,500,https://www.kijiji.ca/v-apartments-condos/ville-de-montreal/appartement-meuble-griffintown/1742850517
1742845665,"1,850.00",Large Two Bedroom Apartment for Rent - 1100  ave Dr. Penfield,"Golden Square Mile, Montréal",2,2,Apartment,0,773,https://www.kijiji.ca/v-apartments-condos/ville-de-montreal/large-two-bedroom-apartment-for-rent-1100-ave-dr-penfield/1742845665
1737192674,950.00,MÉTRO Rosemont  MEUBLÉ 1 1/2 non-fumeur  438-935-4408,City of Montréal,0,1,Apartment,0,N/A,https://www.kijiji.ca/v-apartments-condos/ville-de-montreal/metro-rosemont-meuble-1-1-2-non-fumeur-438-935-4408/1737192674
1742817320,"1,250.00",Ahuntsic Gouin Près Parc de la Visitation 3 1/2 non fumeur,"Centre-Sud, montreal",3,2,Apartment,1,N/A,https://www.kijiji.ca/v-apartments-condos/ville-de-montreal/ahuntsic-gouin-pres-parc-de-la-visitation-3-1-2-non-fumeur/1742817320
1740647089,"1,050.00",Villeray 2 1/2  TOUT INCLUS 1050$ Métro Crémazie 550m,City of Montréal,0,1,Apartment,0,N/A,https://www.kijiji.ca/v-apartments-condos/ville-de-montreal/villeray-2-1-2-tout-inclus-1050-metro-cremazie-550m/1740647089
1737192675,"1,025.00","Métro Parc à 840m 2 1/2 chauffé, eau chaude,  internet",City of Montréal,0,1,Apartment,0,N/A,https://www.kijiji.ca/v-apartments-condos/ville-de-montreal/metro-parc-a-840m-2-1-2-chauffe-eau-chaude-internet/1737192675
1724600146,"1,100.00","Métro Parc  2 1/2 TOUT INCLUS, non fumeur chats permis",City of Montréal,0,1,Apartment,0,N/A,https://www.kijiji.ca/v-apartments-condos/ville-de-montreal/metro-parc-2-1-2-tout-inclus-non-fumeur-chats-permis/1724600146
1741236129,"1,250.00","Métro Edouard-Montpetit, 200m 3 1/2 eau chaude, non fumeur 1250$","Côte-des-Neiges, City of Montréal",1,1,Apartment,0,N/A,https://www.kijiji.ca/v-apartments-condos/ville-de-montreal/metro-edouard-montpetit-200m-3-1-2-eau-chaude-non-fumeur-1250/1741236129
1734226314,"1,025.00","Métro Parc 850m, 2 1/2 chauffé, eau chaude",City of Montréal,0,1,Apartment,0,N/A,https://www.kijiji.ca/v-apartments-condos/ville-de-montreal/metro-parc-850m-2-1-2-chauffe-eau-chaude/1734226314
1733557459,400.00,Indoor Parking Space at the Prestige downtown center,"Lucien L'Allier, Montreal",N/A,N/A,N/A,N/A,N/A,https://www.kijiji.ca/v-storage-parking/ville-de-montreal/indoor-parking-space-at-the-prestige-downtown-center/1733557459
1394102822,"1,030.00","Appartement 1 1/2, 2 1/2","La Petite-Patrie, Montréal",0,1,Apartment,0,N/A,https://www.kijiji.ca/v-apartments-condos/ville-de-montreal/appartement-1-1-2-2-1-2/1394102822
1727109665,"1,800.00",*PROMO* - Appartements à louer à Mascouche - 3 1/2 + DEN,Laval / North Shore,1,1,Apartment,0,N/A,https://www.kijiji.ca/v-apartments-condos/laval-rive-nord/promo-appartements-a-louer-a-mascouche-3-1-2-den/1727109665
1715273822,"2,300.00",*PROMO* - Appartements à louer à Mascouche - 4 1/2,Laval / North Shore,2,1,Apartment,0,N/A,https://www.kijiji.ca/v-apartments-condos/laval-rive-nord/promo-appartements-a-louer-a-mascouche-4-1-2/1715273822
1742275564,"1,125.00",3 ½ à Louer – Shop Angus (Rosemont),"Rosemont, Montréal",1,1,Apartment,0,750,https://www.kijiji.ca/v-apartments-condos/ville-de-montreal/3-a-louer-shop-angus-rosemont/1742275564
1726251414,"2,850.00",*PROMO* - Appartements à louer à Mascouche - 5 1/2,Laval / North Shore,3,1,Apartment,0,N/A,https://www.kijiji.ca/v-apartments-condos/laval-rive-nord/promo-appartements-a-louer-a-mascouche-5-1-2/1726251414
1736873284,Please Contact,"WAREHOUSE $10, Dorval, St-Laurent, Montréal, Anjou","Thimens Industrial, Montreal",N/A,N/A,N/A,N/A,N/A,https://www.kijiji.ca/v-commercial-office-space/ville-de-montreal/warehouse-10-dorval-st-laurent-montreal-anjou/1736873284
1738297533,"1,595.00",Grand 5 et demi à Ahuntsic - Disponible - 5 électromémagers,City of Montréal,3,1,Apartment,0,1000,https://www.kijiji.ca/v-apartments-condos/ville-de-montreal/grand-5-et-demi-a-ahuntsic-disponible-5-electromemagers/1738297533
1739433937,980.00,4.5 à Ville St-Laurent - Électroménagers et Wi-Fi - Cote Vertu,City of Montréal,2,1,Apartment,0,850,https://www.kijiji.ca/v-apartments-condos/ville-de-montreal/4-5-a-ville-st-laurent-electromenagers-et-wi-fi-cote-vertu/1739433937
1739605996,890.00,Grand 3 et demi - Ville St-Laurent - WiFi + Électros - Dispo,City of Montréal,1,1,Apartment,0,700,https://www.kijiji.ca/v-apartments-condos/ville-de-montreal/grand-3-et-demi-ville-st-laurent-wifi-electros-dispo/1739605996
1726388665,900.00,Studios - Petite Italie/Marché Jean-Talon - Tout inclus - Dispo!,City of Montréal,0,1,Apartment,0,350,https://www.kijiji.ca/v-apartments-condos/ville-de-montreal/studios-petite-italie-marche-jean-talon-tout-inclus-dispo/1726388665
1740228499,"1,150.00",1 bedroom for rent - Montreal Ouest - Appliances & WiFi included,Montréal,1,1,Apartment,0,600,https://www.kijiji.ca/v-apartments-condos/ville-de-montreal/1-bedroom-for-rent-montreal-ouest-appliances-wifi-included/1740228499
1739284861,"1,300.00","4 et demi à Lachine - Électros, WiFi, A/C inclus - Disponible",Lachine,2,1,Apartment,0,800,https://www.kijiji.ca/v-apartments-condos/ville-de-montreal/4-et-demi-a-lachine-electros-wifi-a-c-inclus-disponible/1739284861
1735380845,"1,200.00",3 et demi - Immeuble béton - St-Léonard - Disponible,City of Montréal,1,1,Apartment,0,600,https://www.kijiji.ca/v-apartments-condos/ville-de-montreal/3-et-demi-immeuble-beton-st-leonard-disponible/1735380845
1739042214,"1,425.00",4 et demi - Rosemont - Électros inclus - Rénové - Très spacieux,Montreal,2,1,Apartment,0,950,https://www.kijiji.ca/v-apartments-condos/ville-de-montreal/4-et-demi-rosemont-electros-inclus-renove-tres-spacieux/1739042214
1742407362,"1,075.00",3.5 à louer - Rosemont - Tout inclus - Disponible maintenant,Montréal,1,1,Apartment,0,600,https://www.kijiji.ca/v-apartments-condos/ville-de-montreal/3-5-a-louer-rosemont-tout-inclus-disponible-maintenant/1742407362
1740727533,"1,000.00",3 et demi disponibles - Chauffage & WiFi inclus - Rosemont,Montréal,1,1,Apartment,0,550,https://www.kijiji.ca/v-apartments-condos/ville-de-montreal/3-et-demi-disponibles-chauffage-wifi-inclus-rosemont/1740727533
1738911126,"1,595.00",3 bedrooms - 5 et demi - Outremont - 6 Électroménagers,City of Montréal,3,1,Apartment,0,1050,https://www.kijiji.ca/v-apartments-condos/ville-de-montreal/3-bedrooms-5-et-demi-outremont-6-electromenagers/1738911126
1733588511,"1,250.00",4 et demi - Dorval - Près de l'Aéroport - Électros & chauffage,City of Montréal,2,1,Apartment,0,800,https://www.kijiji.ca/v-apartments-condos/ville-de-montreal/4-et-demi-dorval-pres-de-laeroport-electros-chauffage/1733588511
1734746438,995.00,3 et demi - Rosemont - Électros inclus - Plusieurs unités!,Montreal,1,1,Apartment,0,700,https://www.kijiji.ca/v-apartments-condos/ville-de-montreal/3-et-demi-rosemont-electros-inclus-plusieurs-unites/1734746438
1742501126,"1,250.00",3 et demi - Ahuntsic - Électros + WiFi inclus,Montréal,1,1,Apartment,0,650,https://www.kijiji.ca/v-apartments-condos/ville-de-montreal/3-et-demi-ahuntsic-electros-wifi-inclus/1742501126
1720727832,"1,550.00",*PROMO* - Appartements à louer à Mascouche - 3 1/2 + DEN,Laval / North Shore,1,1,Apartment,0,N/A,https://www.kijiji.ca/v-apartments-condos/laval-rive-nord/promo-appartements-a-louer-a-mascouche-3-1-2-den/1720727832
1742387490,"3,570.00",Maison à Saint-Lazare + piscine House in Saint-Lazare + pool,"Saint-Lazare, Saint-Lazare",5,2.5,House,3,2050,https://www.kijiji.ca/v-apartments-condos/ouest-de-lile-qc/maison-a-saint-lazare-piscine-house-in-saint-lazare-pool/1742387490
1739759627,"1,600.00","4 1/2 À LOUER BOUCHERVILLE - SPACIEUX, BIEN ENTRETENU","Boucherville, Longueuil / South Shore",2,1,Apartment,0,N/A,https://www.kijiji.ca/v-apartments-condos/longueuil-rive-sud/4-1-2-a-louer-boucherville-spacieux-bien-entretenu/1739759627
1718539775,"1,550.00","4 1/2 À LOUER BOUCHERVILLE - BLOC BÉTON, ACENSEUR, TOUT INCLUS",Longueuil / South Shore,2,1,Apartment,0,N/A,https://www.kijiji.ca/v-apartments-condos/longueuil-rive-sud/4-1-2-a-louer-boucherville-bloc-beton-acenseur-tout-inclus/1718539775
1741992605,"1,150.00",Logement 3 1/2 à louer dans un unifamiliale,"Pilon Park, City of Montréal",1,1,Basement,0,1234,https://www.kijiji.ca/v-apartments-condos/ville-de-montreal/logement-3-1-2-a-louer-dans-un-unifamiliale/1741992605
1742121432,"1,745.00",Grand appartement 2 chambres - Métro Sauvé - Stationnement,"Ahuntsic, Ahuntsic-Cartierville",2.5,1,Duplex/Triplex,1,950,https://www.kijiji.ca/v-apartments-condos/ville-de-montreal/grand-appartement-2-chambres-metro-sauve-stationnement/1742121432
1721456199,850.00,Studio - Villeray - Tout inclus - Disponible maintenant,Montréal,0,1,Apartment,0,400,https://www.kijiji.ca/v-apartments-condos/ville-de-montreal/studio-villeray-tout-inclus-disponible-maintenant/1721456199
1740061450,"1,150.00","4 et demi - St-Jérôme - Thermopompe, WiFi et parking inclus",St-Jérôme,2,1,Apartment,2,900,https://www.kijiji.ca/v-apartments-condos/ville-de-montreal/4-et-demi-st-jerome-thermopompe-wifi-et-parking-inclus/1740061450
1738247444,"1,250.00",3 et demi - Côte-des-Neiges - Électros inclus - Dispo mtn!,City of Montréal,1,1,Apartment,0,600,https://www.kijiji.ca/v-apartments-condos/ville-de-montreal/3-et-demi-cote-des-neiges-electros-inclus-dispo-mtn/1738247444
1736661545,875.00,Studios à louer - tout inclus avec électroménagers et Internet,City of Montréal,0,1,Apartment,0,300,https://www.kijiji.ca/v-apartments-condos/ville-de-montreal/studios-a-louer-tout-inclus-avec-electromenagers-et-internet/1736661545
1739879414,"1,250.00","Magnifique 4 et demi à Repentigny avec électros, WiFi et A/C",City of Montréal,2,1,Apartment,1,900,https://www.kijiji.ca/v-apartments-condos/ville-de-montreal/magnifique-4-et-demi-a-repentigny-avec-electros-wifi-et-a-c/1739879414
1741291123,875.00,Studio à St-Léonard - TOUT INCLUS - Disponible maintenant,Montréal,0,1,Apartment,0,300,https://www.kijiji.ca/v-apartments-condos/ville-de-montreal/studio-a-st-leonard-tout-inclus-disponible-maintenant/1741291123
1738634230,950.00,2 et demi à Villeray - Internet et électros inclus - Dispo,City of Montréal,1,1,Apartment,0,400,https://www.kijiji.ca/v-apartments-condos/ville-de-montreal/2-et-demi-a-villeray-internet-et-electros-inclus-dispo/1738634230
1718866082,800.00,Studios tout inclus à Villeray - Rénovés - Avec électros & WiFi,Montréal,0,1,Apartment,0,300,https://www.kijiji.ca/v-apartments-condos/ville-de-montreal/studios-tout-inclus-a-villeray-renoves-avec-electros-wifi/1718866082
1729132787,850.00,Studio tout inclus - Dans Villeray - Disponible maintenant,Montréal,0,1,Apartment,0,300,https://www.kijiji.ca/v-apartments-condos/ville-de-montreal/studio-tout-inclus-dans-villeray-disponible-maintenant/1729132787
1734438280,995.00,"Magnifique 3 et demi - Tour en béton - Électros, A/C, WiFi incl.",Montréal,1,1,Apartment,0,550,https://www.kijiji.ca/v-apartments-condos/ville-de-montreal/magnifique-3-et-demi-tour-en-beton-electros-a-c-wifi-incl/1734438280
1741291126,"1,195.00",Bachelor moderne - tout inclus et complètement meublé - bachelor,Longueuil / South Shore,1,1,Apartment,0,500,https://www.kijiji.ca/v-apartments-condos/longueuil-rive-sud/bachelor-moderne-tout-inclus-et-completement-meuble-bachelor/1741291126
1741979319,"1,075.00",3 et demi - Hochelaga - Électros + AC inclus - Dispo mtn!,Montréal,1,1,Apartment,0,500,https://www.kijiji.ca/v-apartments-condos/ville-de-montreal/3-et-demi-hochelaga-electros-ac-inclus-dispo-mtn/1741979319
1740622358,"1,300.00",4 1/2 À LOUER BOISBRIAND - RÉNOVÉ ET PROPRE,"Boisbriand, Laval / North Shore",2,1,Apartment,0,N/A,https://www.kijiji.ca/v-apartments-condos/laval-rive-nord/4-1-2-a-louer-boisbriand-renove-et-propre/1740622358
1742551729,"1,195.00","1 MOIS GRATUIT, ROSEMONT,3 1/2 , CHAUFFAGE ET EAU CHAUDE INCLUS","Rosemont, Montréal",1,1,Apartment,0,N/A,https://www.kijiji.ca/v-apartments-condos/ville-de-montreal/1-mois-gratuit-rosemont-3-1-2-chauffage-et-eau-chaude-inclus/1742551729
1714257686,"1,200.00","*PROMO* APPARTEMENT  (3 1/2) MONTRÉAL - RENOVÉ, CHAUFFÉ",City of Montréal,1,1,Apartment,0,N/A,https://www.kijiji.ca/v-apartments-condos/ville-de-montreal/promo-appartement-3-1-2-montreal-renove-chauffe/1714257686
1718753379,"1,050.00","*PROMO* APPARTEMENT (2 1/2) À LOUER MONTRÉAL - RÉNOVÉ, CHAUFFÉ",City of Montréal,0,1,Apartment,0,N/A,https://www.kijiji.ca/v-apartments-condos/ville-de-montreal/promo-appartement-2-1-2-a-louer-montreal-renove-chauffe/1718753379
1739985664,"1,575.00","APPARTEMENT 4 1/2 À MONTRÉAL - RÉNOVÉ, CHAUFFÉ","Zotique-Racicot Park, City of Montréal",2,1,Apartment,0,N/A,https://www.kijiji.ca/v-apartments-condos/ville-de-montreal/appartement-4-1-2-a-montreal-renove-chauffe/1739985664
1735372940,"1,600.00","4 1/2 À LOUER LAVAL - BLOC BÉTON, ASCENSEUR, BORD DE L'EAU",Laval / North Shore,2,1,Apartment,0,N/A,https://www.kijiji.ca/v-apartments-condos/laval-rive-nord/4-1-2-a-louer-laval-bloc-beton-ascenseur-bord-de-leau/1735372940
1740967563,"2,290.00",5 1/2 moderne et spacieux dans un triplex  Chomedey,"Chomedey, Laval / North Shore",3,1,Duplex/Triplex,1,N/A,https://www.kijiji.ca/v-apartments-condos/laval-rive-nord/5-1-2-moderne-et-spacieux-dans-un-triplex-chomedey/1740967563
1722067433,900.00,Magnifiques studios - Tour en béton - Rénovés & Tout inclus,Montréal,0,1,Apartment,0,350,https://www.kijiji.ca/v-apartments-condos/ville-de-montreal/magnifiques-studios-tour-en-beton-renoves-tout-inclus/1722067433
1742855039,"1,480.00","Flexible lease,1 min metro Jolicoeur ,2 big rooms, Modern style","Verdun, Montréal",N/A,N/A,N/A,N/A,N/A,https://www.kijiji.ca/v-short-term-rental/ville-de-montreal/flexible-lease-1-min-metro-jolicoeur-2-big-rooms-modern-style/1742855039
1742854940,"1,325.00","Montréal-Nord prés HOTEL de VILLE, GRAND 4 ½. ","Pilon Park, City of Montréal",2,1,Apartment,0,N/A,https://www.kijiji.ca/v-apartments-condos/ville-de-montreal/montreal-nord-pres-hotel-de-ville-grand-4/1742854940
1733056497,900.00,Studio à louer - Rosemont - Thermopompe et électroménagers,Montréal,0,1,Apartment,0,325,https://www.kijiji.ca/v-apartments-condos/ville-de-montreal/studio-a-louer-rosemont-thermopompe-et-electromenagers/1733056497
1734610181,"1,250.00",3 et demi chauffé - Plateau Mont-Royal - Électros et WiFi,City of Montréal,1,1,Apartment,0,550,https://www.kijiji.ca/v-apartments-condos/ville-de-montreal/3-et-demi-chauffe-plateau-mont-royal-electros-et-wifi/1734610181
1742854930,"1,195.00",Studio Apartment McGill Ghetto Milton Parc Area ,"Milton-Parc, City of Montréal",0,1,Apartment,0,425,https://www.kijiji.ca/v-apartments-condos/ville-de-montreal/studio-apartment-mcgill-ghetto-milton-parc-area/1742854930
1742854888,"1,265.00",4 1/2 à louer laval,"Saint-Leonard West, Montreal",2,1,Apartment,0,800,https://www.kijiji.ca/v-apartments-condos/ville-de-montreal/4-1-2-a-louer-laval/1742854888
1731395860,890.00,3 et demi - Ville Saint Laurent - Internet & Électros inclus,City of Montréal,1,1,Apartment,0,700,https://www.kijiji.ca/v-apartments-condos/ville-de-montreal/3-et-demi-ville-saint-laurent-internet-electros-inclus/1731395860
1740228504,890.00,3 et demi à louer - Ville St-Laurent - Électros et Internet,City of Montréal,1,1,Apartment,0,700,https://www.kijiji.ca/v-apartments-condos/ville-de-montreal/3-et-demi-a-louer-ville-st-laurent-electros-et-internet/1740228504
1739733190,"1,145.00",1 Bedroom/STUDIO 1 1/2 Appartement METRO SHERBROOKE TOUT INCLUS,City of Montréal,0,1,Apartment,0,N/A,https://www.kijiji.ca/v-apartments-condos/ville-de-montreal/1-bedroom-studio-1-1-2-appartement-metro-sherbrooke-tout-inclus/1739733190
1735668470,"1,600.00",Métro Concorde 4 1/2 - 1er juil - 1ième étage- totalement rénové,"Laval-des-Rapides, Laval",2,1,Apartment,1,750,https://www.kijiji.ca/v-apartments-condos/laval-rive-nord/metro-concorde-4-1-2-1er-juil-1ieme-etage-totalement-renove/1735668470
1505830101,"1,045.00",UQAM - PLATEAU Appartement À LOUER - TOUT INCLUS - 1½  2½  3½,City of Montréal,0,1,Apartment,0,N/A,https://www.kijiji.ca/v-apartments-condos/ville-de-montreal/uqam-plateau-appartement-a-louer-tout-inclus-1-2-3/1505830101
1741610305,"1,195.00","studio  à louer, for rent, Saint Laurent, St-Laurent, Mtl","Marcel Laurin Park, Saint-Laurent",0,1,Apartment,0,N/A,https://www.kijiji.ca/v-apartments-condos/ville-de-montreal/studio-a-louer-for-rent-saint-laurent-st-laurent-mtl/1741610305
1742842066,"2,200.00",Maison jumelée à louer 3chambre 2 salles de bain Repentigny,"Repentigny, Repentigny",3,2,Townhouse,2,4000,https://www.kijiji.ca/v-apartments-condos/laval-rive-nord/maison-jumelee-a-louer-3chambre-2-salles-de-bain-repentigny/1742842066
1742842050,"1,500.00",5 ½ à louer à Sorel-Tracy,"Sorel-Tracy, Sorel-Tracy",3,1,Apartment,1,N/A,https://www.kijiji.ca/v-apartments-condos/longueuil-rive-sud/5-a-louer-a-sorel-tracy/1742842050
1742841881,"1,300.00",4 1/2 à louer - Métro Honoré Beaugrand,"Côte-des-Neiges, Côte-Des-Neiges—Notre-Dame-De-Grâce",2,1,Apartment,0,100,https://www.kijiji.ca/v-apartments-condos/ville-de-montreal/4-1-2-a-louer-metro-honore-beaugrand/1742841881
1742841739,"8,000.00",Local commercial au faubourg Cousineau,"Bienville, Longueuil",N/A,N/A,N/A,N/A,N/A,https://www.kijiji.ca/v-commercial-office-space/longueuil-rive-sud/local-commercial-au-faubourg-cousineau/1742841739
1742841523,"1,200.00",Appartement à louer,"Salaberry-de-Valleyfield, West Island",2,1,Apartment,1,1000,https://www.kijiji.ca/v-apartments-condos/ouest-de-lile-qc/appartement-a-louer/1742841523
1741570716,"1,750.00","Condo 3 ½ meublé hydro internet inclus– Griffintown, Montréal","Griffintown, City of Montréal",1,1,Condo,0,580,https://www.kijiji.ca/v-apartments-condos/ville-de-montreal/condo-3-meuble-hydro-internet-inclus-griffintown-montreal/1741570716
1741895215,"1,200.00","4 1/2 à louer à Montréal disponible maintenant, Loyer 1,200$","Étienne Desmarteaux, Rosemont-La Petite-Patrie",2,1,Apartment,0,800,https://www.kijiji.ca/v-apartments-condos/ville-de-montreal/4-1-2-a-louer-a-montreal-disponible-maintenant-loyer-1-200/1741895215
1738622257,899.00,udem hec chambres a louer meublé /furnished rooms to,"Côte-des-Neiges, City of Montréal",N/A,N/A,N/A,N/A,N/A,https://www.kijiji.ca/v-room-rental-roommate/ville-de-montreal/udem-hec-chambres-a-louer-meuble-furnished-rooms-to/1738622257
1742841213,"1,495.00",4 ½ rénové à louer à Boucherville,"Boucherville, Boucherville",2,1,Apartment,1,N/A,https://www.kijiji.ca/v-apartments-condos/longueuil-rive-sud/4-renove-a-louer-a-boucherville/1742841213
1742841182,"1,900.00","☀️ 5½ rénové entièrement  — Ahuntsic, 10 min du métro","Ahuntsic, Ahuntsic-Cartierville",2,1,Apartment,0,950,https://www.kijiji.ca/v-apartments-condos/ville-de-montreal/5-renove-entierement-ahuntsic-10-min-du-metro/1742841182
1742841125,"1,080.00",3 1/2 a louer jusqu'au 1 er aout 2027!! Hochelag mercier H1n,"HoMa South, City of Montréal",N/A,N/A,N/A,N/A,N/A,https://www.kijiji.ca/v-short-term-rental/ville-de-montreal/3-1-2-a-louer-jusquau-1-er-aout-2027-hochelag-mercier-h1n/1742841125
1742840997,"1,460.00",GRAND 4 1/2 À BLAINVILLE DANS UN TRIPLEX TRANQUILLE *WOW!*,"Chomedey, Laval",2.5,1,Apartment,2,1060,https://www.kijiji.ca/v-apartments-condos/laval-rive-nord/grand-4-1-2-a-blainville-dans-un-triplex-tranquille-wow/1742840997
1742840877,"1,150.00","Grand 4 ½, 1465 Rue Beaumont,Longueuil, 1 septembre. 2026","Parcours-du-Cerf - Du Tremblay, Longueuil",2,1,Apartment,1,850,https://www.kijiji.ca/v-apartments-condos/longueuil-rive-sud/grand-4-1465-rue-beaumont-longueuil-1-septembre-2026/1742840877
1742672915,"1,610.00",Grand 3 ½ Meublé – 17e étage avec Vue & Piscine,"Côte-des-Neiges, Montreal",1,1,Apartment,0,800,https://www.kijiji.ca/v-apartments-condos/ville-de-montreal/grand-3-meuble-17e-etage-avec-vue-piscine/1742672915
1742840732,75.00,4 1/2 tout inclus entièrement meublé short term,"Eastern Junction, City of Montréal",N/A,N/A,N/A,N/A,N/A,https://www.kijiji.ca/v-short-term-rental/ville-de-montreal/4-1-2-tout-inclus-entierement-meuble-short-term/1742840732
1742840660,"1,450.00","À LOUER 4 ½ entièrement RÉNOVÉ, RUE bossuet , Montreal mercier","Mercier-Ouest / Longue-Pointe, City of Montréal",2,1,Apartment,1,180,https://www.kijiji.ca/v-apartments-condos/ville-de-montreal/a-louer-4-entierement-renove-rue-bossuet-montreal-mercier/1742840660
1741137321,"1,399.00",Saint Laurent 3 Bedroom Apartment for Rent - 1650 - 1670 Rue Deg,City of Montréal,3,1,Apartment,0,872,https://www.kijiji.ca/v-apartments-condos/ville-de-montreal/saint-laurent-3-bedroom-apartment-for-rent-1650-1670-rue-deg/1741137321
1740335665,"1,118.00",Studio Apartment for Rent - 1433 Rue Towers,Montréal,0,1,Apartment,0,473,https://www.kijiji.ca/v-apartments-condos/ville-de-montreal/studio-apartment-for-rent-1433-rue-towers/1740335665
1741442742,"1,549.00",1 Bedroom Apartment for Rent - 1433 Rue Towers,City of Montréal,1,1,Apartment,0,605,https://www.kijiji.ca/v-apartments-condos/ville-de-montreal/1-bedroom-apartment-for-rent-1433-rue-towers/1741442742
1740744841,"1,251.00",bach Apartment for Rent - 1150 Rue Sherbrooke East,Montréal,0,1,Apartment,0,336,https://www.kijiji.ca/v-apartments-condos/ville-de-montreal/bach-apartment-for-rent-1150-rue-sherbrooke-east/1740744841
1741577164,"1,799.00",2 Bedroom Apartment for Rent - 1150 Rue Sherbrooke East,Montréal,2,1,Apartment,0,700,https://www.kijiji.ca/v-apartments-condos/ville-de-montreal/2-bedroom-apartment-for-rent-1150-rue-sherbrooke-east/1741577164
1741716521,"1,339.00",1 Bedroom Apartment for Rent - 1150 Rue Sherbrooke East,Montréal,1,1,Apartment,0,329,https://www.kijiji.ca/v-apartments-condos/ville-de-montreal/1-bedroom-apartment-for-rent-1150-rue-sherbrooke-east/1741716521
1741606524,895.00,Plateau parc Lafontaine exceptionnel,"Parc-Lafontaine, City of Montréal",N/A,N/A,N/A,N/A,N/A,https://www.kijiji.ca/v-short-term-rental/ville-de-montreal/plateau-parc-lafontaine-exceptionnel/1741606524
1742840519,850.00,"$850/month rent from oct.1, 2026 near metro du college","Marcel Laurin Park, Montreal",1,1,House,1,100,https://www.kijiji.ca/v-apartments-condos/ville-de-montreal/850-month-rent-from-oct-1-2026-near-metro-du-college/1742840519
1739614301,"2,600.00",4 1/2 au Plateau-Mont-Royal,"Saint-Louis, City of Montréal",2,1,Apartment,0,N/A,https://www.kijiji.ca/v-apartments-condos/ville-de-montreal/4-1-2-au-plateau-mont-royal/1739614301
1734748858,"1,700.00","Appartement meublé 3 1/2, tout inclus — Métro Frontenac","Centre-Sud, Montreal",1,1,Apartment,0,900,https://www.kijiji.ca/v-apartments-condos/ville-de-montreal/appartement-meuble-3-1-2-tout-inclus-metro-frontenac/1734748858
1742840312,"1,950.00",Grand 4 1/2 / 2 chambres - Villeray,"Jarry Park, Montréal",2,1,Apartment,0,800,https://www.kijiji.ca/v-apartments-condos/ville-de-montreal/grand-4-1-2-2-chambres-villeray/1742840312
1742840201,"1,230.00",2 Bedroom 1 Bath With Parking Apartment in Longueuil,"Notre-Dame-de-Grâces, Longueuil",2.5,1.5,Apartment,1,800,https://www.kijiji.ca/v-apartments-condos/longueuil-rive-sud/2-bedroom-1-bath-with-parking-apartment-in-longueuil/1742840201
1742840153,"1,635.00",Fully Renovated 4½ Apartments Available - A louer • For Rent,"Côte-des-Neiges, Montreal",2,1,Apartment,0,800,https://www.kijiji.ca/v-apartments-condos/ville-de-montreal/fully-renovated-4-apartments-available-a-louer-for-rent/1742840153
1742573562,950.00,Joli Bachelor à louer à Anjou,"Peterborough Park, City of Montréal",0,1,Apartment,0,400,https://www.kijiji.ca/v-apartments-condos/ville-de-montreal/joli-bachelor-a-louer-a-anjou/1742573562
1738229557,"1,695.00","Spacieux 5 ½ à l’étage – Emplacement de choix à Chomedey, Laval","Chomedey, Laval / North Shore",3,1,Apartment,0,1400,https://www.kijiji.ca/v-apartments-condos/laval-rive-nord/spacieux-5-a-l-etage-emplacement-de-choix-a-chomedey-laval/1738229557
1741607335,"4,000.00","Furnished, All-included 4 bedroom – 2 bath Apt. on 3 floors!","Shaughnessy Village, Montreal",4,2,Apartment,0,1600,https://www.kijiji.ca/v-apartments-condos/ville-de-montreal/furnished-all-included-4-bedroom-2-bath-apt-on-3-floors/1741607335
1741607774,"1,995.00","Furnished, All-included 2 bedroom Apartment Downtown!","Shaughnessy Village, Montreal",2,1,Apartment,0,700,https://www.kijiji.ca/v-apartments-condos/ville-de-montreal/furnished-all-included-2-bedroom-apartment-downtown/1741607774
1742839861,"1,397.00",3 1/2 avec cour dans Ahuntsic,"Ahuntsic, Montreal",2,1,Apartment,1,550,https://www.kijiji.ca/v-apartments-condos/ville-de-montreal/3-1-2-avec-cour-dans-ahuntsic/1742839861
1742839767,"1,250.00",Charmant petit 3 1/2,"La Petite-Patrie, City of Montréal",1,1,Apartment,0,550,https://www.kijiji.ca/v-apartments-condos/ville-de-montreal/charmant-petit-3-1-2/1742839767
1739774951,"1,650.00",3 1/2 condo for rent view of Royalmount with gym and terrasse,"Connaught Park, Mont-Royal",1.5,1,Condo,1,625,https://www.kijiji.ca/v-apartments-condos/ville-de-montreal/3-1-2-condo-for-rent-view-of-royalmount-with-gym-and-terrasse/1739774951
1742839668,720.00,Chambre à louer ,"Laflèche, Longueuil / South Shore",N/A,N/A,N/A,N/A,N/A,https://www.kijiji.ca/v-room-rental-roommate/longueuil-rive-sud/chambre-a-louer/1742839668
1742839594,"1,395.00",Plateau Mont-Royal – Dernier étage – 4½ rénové – Bureau fermé,"De Lorimier, Montréal",2,1,Apartment,0,750,https://www.kijiji.ca/v-apartments-condos/ville-de-montreal/plateau-mont-royal-dernier-etage-4-renove-bureau-ferme/1742839594
1742839442,"1,400.00","L' ÎLE-BIZARD ;  MAISON  À  LOUER ,  3 1/2.","L'ile-Bizard, Montréal",1,1,House,2,500,https://www.kijiji.ca/v-apartments-condos/ville-de-montreal/l-ile-bizard-maison-a-louer-3-1-2/1742839442
1742839324,"1,450.00","Un mois gratuit!! 4.5  2 ch. fermées   Beaubien,Petite-Patrie","La Petite-Patrie, Montréal",2,1,Duplex/Triplex,0,900,https://www.kijiji.ca/v-apartments-condos/ville-de-montreal/un-mois-gratuit-4-5-2-ch-fermees-beaubien-petite-patrie/1742839324
1741164190,"3,290.00",Fully furnished luxury semi-loft | Plateau-Mont-Royal,"Parc-Laurier, Montréal",2.5,1,Condo,0,980,https://www.kijiji.ca/v-apartments-condos/ville-de-montreal/fully-furnished-luxury-semi-loft-plateau-mont-royal/1741164190
1742578623,"1,125.00",STUDIO TOUT INCLUS !!,"Hochelaga-Maisonneuve, Montreal",0,1,Apartment,0,500,https://www.kijiji.ca/v-apartments-condos/ville-de-montreal/studio-tout-inclus/1742578623
1741734226,"1,675.00",Appartement à louer,"De Lorimier, Montréal",2.5,1,Apartment,0,1000,https://www.kijiji.ca/v-apartments-condos/ville-de-montreal/appartement-a-louer/1741734226
1733518880,"1,775.00",3.5 condo appartement a louer Quartier des spectacles-Myriade,Montreal,1,1,Apartment,0,N/A,https://www.kijiji.ca/v-apartments-condos/ville-de-montreal/3-5-condo-appartement-a-louer-quartier-des-spectacles-myriade/1733518880
1741513051,"1,695.00","4 1/2, 2,chambre, bedroom, for,rent, Saint Laurent, St-Laurent",Saint-Laurent,2,1,Apartment,0,N/A,https://www.kijiji.ca/v-apartments-condos/ville-de-montreal/4-1-2-2-chambre-bedroom-for-rent-saint-laurent-st-laurent/1741513051
1738347945,"1,250.00",3 et demi - Ville-Émard - Électros inclus - Dispo maintenant,Montréal,1,1,Apartment,0,700,https://www.kijiji.ca/v-apartments-condos/ville-de-montreal/3-et-demi-ville-emard-electros-inclus-dispo-maintenant/1738347945
1736748088,"1,695.00","5 et demi - Ville-Émard - Électros, AC inclus - Dispo maintenant",Montréal,3,1,Apartment,0,1050,https://www.kijiji.ca/v-apartments-condos/ville-de-montreal/5-et-demi-ville-emard-electros-ac-inclus-dispo-maintenant/1736748088
1735954867,"1,550.00",Condo 3 et demi - Sud-Ouest - Électros & thermopompe inclus,Montréal,1,1,Apartment,0,680,https://www.kijiji.ca/v-apartments-condos/ville-de-montreal/condo-3-et-demi-sud-ouest-electros-thermopompe-inclus/1735954867
1741291124,"1,125.00","3 et demi - Ahuntsic - Électros, AC, WiFi inclus - Dispo mtn!",Montréal,1,1,Apartment,0,550,https://www.kijiji.ca/v-apartments-condos/ville-de-montreal/3-et-demi-ahuntsic-electros-ac-wifi-inclus-dispo-mtn/1741291124
1741000510,"1,095.00",1 bedroom - Heat & Appliances included - Metro Edouard Montpetit,Montréal,1,1,Apartment,0,600,https://www.kijiji.ca/v-apartments-condos/ville-de-montreal/1-bedroom-heat-appliances-included-metro-edouard-montpetit/1741000510
1738634232,"1,095.00",3 et demi - Ville-Marie - Électros + eau chaude - Dispo mtn!,City of Montréal,1,1,Apartment,0,550,https://www.kijiji.ca/v-apartments-condos/ville-de-montreal/3-et-demi-ville-marie-electros-eau-chaude-dispo-mtn/1738634232
1725350005,850.00,Studios tout inclus - à 4 mins du métro Frontenac - Sainte-Marie,Montréal,0,1,Apartment,0,300,https://www.kijiji.ca/v-apartments-condos/ville-de-montreal/studios-tout-inclus-a-4-mins-du-metro-frontenac-sainte-marie/1725350005
1733631425,"1,395.00",5 et demi - Hochelaga - Électros inclus - Dernier étage (3e),Montréal,3,1,Apartment,0,1000,https://www.kijiji.ca/v-apartments-condos/ville-de-montreal/5-et-demi-hochelaga-electros-inclus-dernier-etage-3e/1733631425
1723288857,800.00,Studio à Montréal-Nord - Tout inclus - Disponible dès maintenant,Montreal,0,1,Apartment,0,400,https://www.kijiji.ca/v-apartments-condos/ville-de-montreal/studio-a-montreal-nord-tout-inclus-disponible-des-maintenant/1723288857
1732704796,"1,250.00",1 BEDROOM FOR RENT - ALL INCLUDED - ATWATER/CONCORDIA/DAWSON,City of Montréal,1,1,Apartment,0,550,https://www.kijiji.ca/v-apartments-condos/ville-de-montreal/1-bedroom-for-rent-all-included-atwater-concordia-dawson/1732704796
1741513162,"1,375.00",4 et demi - Plateau Mont-Royal - Électros + AC inclus - Dispo!,Montréal,2,1,Apartment,0,800,https://www.kijiji.ca/v-apartments-condos/ville-de-montreal/4-et-demi-plateau-mont-royal-electros-ac-inclus-dispo/1741513162
1729861014,"1,230.00",3 et demi rénové à Lasalle - Électros et chauffage inclus,City of Montréal,1,1,Apartment,0,615,https://www.kijiji.ca/v-apartments-condos/ville-de-montreal/3-et-demi-renove-a-lasalle-electros-et-chauffage-inclus/1729861014
1736319086,"1,395.00",Condo 4 et demi à Mirabel - Rénové - WiFi & Parking inclus,Mirabel,2,1,Apartment,2,1100,https://www.kijiji.ca/v-apartments-condos/ville-de-montreal/condo-4-et-demi-a-mirabel-renove-wifi-parking-inclus/1736319086
1736068470,"1,450.00",4 1/2 à louer - Pointes-Ste-Charles - Électros & WiFi & A/C,Montréal,2,1,Apartment,0,850,https://www.kijiji.ca/v-apartments-condos/ville-de-montreal/4-1-2-a-louer-pointes-ste-charles-electros-wifi-a-c/1736068470
1740028632,"1,325.00",4 et demi - Hochelaga - Électros inclus - 1er septembre,Montréal,2,1,Apartment,0,800,https://www.kijiji.ca/v-apartments-condos/ville-de-montreal/4-et-demi-hochelaga-electros-inclus-1er-septembre/1740028632
1740865235,875.00,"2 et demi chauffé - HOMA - Électros, Wi-Fi inclus - Septembre",Montréal,0,1,Apartment,0,400,https://www.kijiji.ca/v-apartments-condos/ville-de-montreal/2-et-demi-chauffe-homa-electros-wi-fi-inclus-septembre/1740865235
1736370335,"1,100.00",3 et demi - Hochelga - Électros inclus - Dispo maintenant!,Montréal,1,1,Apartment,0,650,https://www.kijiji.ca/v-apartments-condos/ville-de-montreal/3-et-demi-hochelga-electros-inclus-dispo-maintenant/1736370335
1739953663,"1,350.00",3 et demi - Pointe-St-Charles - Électros & WiFi inclus - Dispo,City of Montréal,1,1,Apartment,0,500,https://www.kijiji.ca/v-apartments-condos/ville-de-montreal/3-et-demi-pointe-st-charles-electros-wifi-inclus-dispo/1739953663
1741522125,"1,095.00",4 et demi à louer - Hochelaga - Cour arrière - Dispo mtn!,Montréal,2,1,Apartment,0,850,https://www.kijiji.ca/v-apartments-condos/ville-de-montreal/4-et-demi-a-louer-hochelaga-cour-arriere-dispo-mtn/1741522125
1741513170,995.00,3 et demi à louer - Hochelaga - Disponible maintenant,Montréal,1,1,Apartment,0,770,https://www.kijiji.ca/v-apartments-condos/ville-de-montreal/3-et-demi-a-louer-hochelaga-disponible-maintenant/1741513170
1735662969,"1,175.00",4 et demi - Montréal-Nord - Électros + WiFi inclus - Dispo,Montréal,2,1,Apartment,0,800,https://www.kijiji.ca/v-apartments-condos/ville-de-montreal/4-et-demi-montreal-nord-electros-wifi-inclus-dispo/1735662969
1737812340,"1,095.00",3 et demi - Plateau Mont-Royal - Électros & WiFi - Dispo,Montréal,1,1,Apartment,0,425,https://www.kijiji.ca/v-apartments-condos/ville-de-montreal/3-et-demi-plateau-mont-royal-electros-wifi-dispo/1737812340
1734746441,875.00,3 et demi - Cartierville - Électros + WiFi inclus - Dispo!,City of Montréal,1,1,Apartment,0,600,https://www.kijiji.ca/v-apartments-condos/ville-de-montreal/3-et-demi-cartierville-electros-wifi-inclus-dispo/1734746441
1742850315,480.00,"Room for girl in LASALLE all included with wifi, free laundray","Pointe McDonald, Montréal",N/A,N/A,N/A,N/A,N/A,https://www.kijiji.ca/v-room-rental-roommate/ville-de-montreal/room-for-girl-in-lasalle-all-included-with-wifi-free-laundray/1742850315
1742850270,995.00,3.5 à louer – 3.5 for rent - 4 electros. incl.,"Saint-Sulpice, Montreal",1,1,Apartment,0,540,https://www.kijiji.ca/v-apartments-condos/ville-de-montreal/3-5-a-louer-3-5-for-rent-4-electros-incl/1742850270
1741577569,"1,395.00",4 1/2 rénové avec électroménagers inclus - Nouveau-Rosemont,Montreal,2,1,Apartment,0,800,https://www.kijiji.ca/v-apartments-condos/ville-de-montreal/4-1-2-renove-avec-electromenagers-inclus-nouveau-rosemont/1741577569
1736068473,"1,095.00",Magnifique 3.5 rénové avec électroménagers inclus - Rosemont,Montreal,1,1,Apartment,0,650,https://www.kijiji.ca/v-apartments-condos/ville-de-montreal/magnifique-3-5-renove-avec-electromenagers-inclus-rosemont/1736068473
1739733193,"1,745.00",4½ et PH - Plateau Mont-Royal - Metro Sherbrooke - TOUT INCLUS,City of Montréal,2,2,Apartment,0,N/A,https://www.kijiji.ca/v-apartments-condos/ville-de-montreal/4-et-ph-plateau-mont-royal-metro-sherbrooke-tout-inclus/1739733193
1505830094,"1,350.00",APPARTEMENT MEUBLÉ A LOUER  PLATEAU - UQAM - PLACE DES ART,City of Montréal,0,1,Apartment,0,N/A,https://www.kijiji.ca/v-apartments-condos/ville-de-montreal/appartement-meuble-a-louer-plateau-uqam-place-des-art/1505830094
1691588114,"1,880.00",Appartement 4½ 5½ a Louer ST-LEONARD/CONDO LOGEMENT A LOUER,City of Montréal,2,2,Apartment,0,N/A,https://www.kijiji.ca/v-apartments-condos/ville-de-montreal/appartement-4-5-a-louer-st-leonard-condo-logement-a-louer/1691588114
1742849818,"1,450.00",3 1/2 rénové et meublé – CDN/UdeM/HEC,"Côte-des-Neiges, City of Montréal",1,1,Apartment,0,550,https://www.kijiji.ca/v-apartments-condos/ville-de-montreal/3-1-2-renove-et-meuble-cdn-udem-hec/1742849818
1716097475,950.00,Beautiful Studio - Available Now  Apartment for Rent - 60  avenu,City of Montréal,0,1,Apartment,0,N/A,https://www.kijiji.ca/v-apartments-condos/ville-de-montreal/beautiful-studio-available-now-apartment-for-rent-60-avenu/1716097475
1741533467,"1,500.00",3 ½ rénové avec électroménagers neufs – disponible MAINTENANT! A,Montréal,1,1,Apartment,0,N/A,https://www.kijiji.ca/v-apartments-condos/ville-de-montreal/3-renove-avec-electromenagers-neufs-disponible-maintenant-a/1741533467
1710325006,"1,300.00",Beautiful 3 1/2 – Available NOW Apartment for Rent - 3777 ST-URB,City of Montréal,1,1,Apartment,0,N/A,https://www.kijiji.ca/v-apartments-condos/ville-de-montreal/beautiful-3-1-2-available-now-apartment-for-rent-3777-st-urb/1710325006
1741577170,"1,700.00",Superbe 3 ½ avec une magnifique vue – À partir de 1 700 $ Apartm,"Westmount Park, Montréal",1,1,Apartment,0,N/A,https://www.kijiji.ca/v-apartments-condos/ville-de-montreal/superbe-3-avec-une-magnifique-vue-a-partir-de-1-700-apartm/1741577170
1740561566,"1,750.00",1 mois gratuit- Superbe 4 ½ rénové - à deux pas du REM Montpelli,City of Montréal,2,1,Apartment,0,834,https://www.kijiji.ca/v-apartments-condos/ville-de-montreal/1-mois-gratuit-superbe-4-renove-a-deux-pas-du-rem-montpelli/1740561566
1740744872,"1,095.00",Studio rénové 2 1/2 - En face du métro Du Collège Apartment for ,Montréal,0,1,Apartment,0,482,https://www.kijiji.ca/v-apartments-condos/ville-de-montreal/studio-renove-2-1-2-en-face-du-metro-du-college-apartment-for/1740744872
1713521637,"2,880.00",5.5 condo appartement neuf locatif Ville-Marie-Jacques,Montreal,3,2,Condo,0,N/A,https://www.kijiji.ca/v-apartments-condos/ville-de-montreal/5-5-condo-appartement-neuf-locatif-ville-marie-jacques/1713521637
1741175034,"2,400.00",Apartment : 3 bedroom 2 bathroom,"Shaughnessy Village, Montréal",3,2,Apartment,0,1700,https://www.kijiji.ca/v-apartments-condos/ville-de-montreal/apartment-:-3-bedroom-2-bathroom/1741175034
1736424778,"2,585.00",4.5-Condo appartement 2cc 1sdb à louer PSC-Erin,Montreal,2,1,Apartment,0,N/A,https://www.kijiji.ca/v-apartments-condos/ville-de-montreal/4-5-condo-appartement-2cc-1sdb-a-louer-psc-erin/1736424778
1738729412,"1,785.00",PLATEAU MONT-ROYAL - 4 1/2 entièrement rénové avec 2 parkings,"De Lorimier, Montréal",2,1,Apartment,2,800,https://www.kijiji.ca/v-apartments-condos/ville-de-montreal/plateau-mont-royal-4-1-2-entierement-renove-avec-2-parkings/1738729412
1740605969,"1,395.00",Magnifique 3 1/2 rénové avec grand balcon - Métro du Collège Apa,Montréal,1,1,Apartment,0,700,https://www.kijiji.ca/v-apartments-condos/ville-de-montreal/magnifique-3-1-2-renove-avec-grand-balcon-metro-du-college-apa/1740605969
1733056085,"1,025.00","Studio Available Now - Starting at $1,025 Apartment for Rent - 3",City of Montréal,0,1,Apartment,0,N/A,https://www.kijiji.ca/v-apartments-condos/ville-de-montreal/studio-available-now-starting-at-1-025-apartment-for-rent-3/1733056085
1727143317,"1,775.00",Beau 4 1/2 rénové avec 2 salles de bain -Disponible dès maintena,City of Montréal,2,2,Apartment,0,N/A,https://www.kijiji.ca/v-apartments-condos/ville-de-montreal/beau-4-1-2-renove-avec-2-salles-de-bain-disponible-des-maintena/1727143317
1741716562,"1,450.00",Moderne 3 1/2  – Disponible dès octobre! Apartment for Rent - 41,Montréal,1,1,Apartment,0,623,https://www.kijiji.ca/v-apartments-condos/ville-de-montreal/moderne-3-1-2-disponible-des-octobre-apartment-for-rent-41/1741716562
1742849702,700.00,chambre a louer ,"Hochelaga-Maisonneuve, City of Montréal",N/A,N/A,N/A,N/A,N/A,https://www.kijiji.ca/v-room-rental-roommate/ville-de-montreal/chambre-a-louer/1742849702
1742849582,850.00,Belle chambre pour étudiant,"Centre-Sud, Montréal",N/A,N/A,N/A,N/A,N/A,https://www.kijiji.ca/v-room-rental-roommate/ville-de-montreal/belle-chambre-pour-etudiant/1742849582
1742849414,750.00,chambre à louer ,"Promenade du Rail, City of Montréal",5,1,House,0,100,https://www.kijiji.ca/v-apartments-condos/ville-de-montreal/chambre-a-louer/1742849414
1741317685,"1,150.00",Appartement  à sous-louer - Verdun,"Desmarchais-Crawford, Verdun",1,1,Apartment,0,7,https://www.kijiji.ca/v-apartments-condos/ville-de-montreal/appartement-a-sous-louer-verdun/1741317685
1742849035,"1,550.00",Petite Italie - spacieux 3 1/2 marché Jean-Talon - nouveau prix,"Mile-Ex, Montreal",1,1,Condo,0,665,https://www.kijiji.ca/v-apartments-condos/ville-de-montreal/petite-italie-spacieux-3-1-2-marche-jean-talon-nouveau-prix/1742849035
1742848839,"2,200.00",APARTMENT FOR RENT,"Saint-Louis, Montreal",3,1,Apartment,0,1000,https://www.kijiji.ca/v-apartments-condos/ville-de-montreal/apartment-for-rent/1742848839
1742848829,"1,495.00","5 1/2 à louer avec stationnement, près du métro Cadillac","HoMa South, Montréal",3,1,Duplex/Triplex,1,1150,https://www.kijiji.ca/v-apartments-condos/ville-de-montreal/5-1-2-a-louer-avec-stationnement-pres-du-metro-cadillac/1742848829
1734618487,Please Contact,Centre cabinet médical - Locaux  à louer,"Pointe-aux-Trembles South, Montréal",N/A,N/A,N/A,N/A,N/A,https://www.kijiji.ca/v-commercial-office-space/ville-de-montreal/centre-cabinet-medical-locaux-a-louer/1734618487
1737084250,"1,295.00",Spacious 3 1/2 Rénové – Ahuntsic (Cartierville) $1295,City of Montréal,1.5,1,Apartment,0,N/A,https://www.kijiji.ca/v-apartments-condos/ville-de-montreal/spacious-3-1-2-renove-ahuntsic-cartierville-1295/1737084250
1742837918,650.00,"Chambre à louer/Room for rent, Cote vertu, Vanier, Metro","Gohier, City of Montréal",N/A,N/A,N/A,N/A,N/A,https://www.kijiji.ca/v-room-rental-roommate/ville-de-montreal/chambre-a-louer-room-for-rent-cote-vertu-vanier-metro/1742837918
1742837750,"1,889.00",4 1/2 Metro Beaubien/Jean-Talon - 2CAC- maintenant-100% rénové,"Little Italy, Montréal",2,1,Apartment,0,750,https://www.kijiji.ca/v-apartments-condos/ville-de-montreal/4-1-2-metro-beaubien-jean-talon-2cac-maintenant-100-renove/1742837750
1742837651,650.00,Chambre à louer,"Iberville, Longueuil / South Shore",N/A,N/A,N/A,N/A,N/A,https://www.kijiji.ca/v-room-rental-roommate/longueuil-rive-sud/chambre-a-louer/1742837651
1742837509,"1,590.00",Grand 5½ lumineux à Saint-Léonard ,"Saint-Leonard West, City of Montréal",3,1,Apartment,0,1500,https://www.kijiji.ca/v-apartments-condos/ville-de-montreal/grand-5-lumineux-a-saint-leonard/1742837509
1735966703,990.00,studio  à louer avec tout inclus et le premier moins gratuit,"Angrignon, City of Montréal",0,1,Apartment,1,260,https://www.kijiji.ca/v-apartments-condos/ville-de-montreal/studio-a-louer-avec-tout-inclus-et-le-premier-moins-gratuit/1735966703
1742268741,"1,150.00","Grand 4 1/2 Linton/Côte des Neiges, UdeM HEC","Côte-des-Neiges, Montréal",2,1,Apartment,0,750,https://www.kijiji.ca/v-apartments-condos/ville-de-montreal/grand-4-1-2-linton-cote-des-neiges-udem-hec/1742268741
1690471105,"1,785.00",3.5 condo appt tout inclus a louer Sud Ouest-Griffin Square,City of Montréal,1,1,Condo,0,N/A,https://www.kijiji.ca/v-apartments-condos/ville-de-montreal/3-5-condo-appt-tout-inclus-a-louer-sud-ouest-griffin-square/1690471105
1742644049,"1,350.00",Magnifique appartement 3 1/2 sur le Plateau repeint,"Sault-au-Récollet, Ahuntsic-Cartierville",1.5,1,Apartment,0,600,https://www.kijiji.ca/v-apartments-condos/ville-de-montreal/magnifique-appartement-3-1-2-sur-le-plateau-repeint/1742644049
1738735309,"1,450.00",4 et demi - Immeuble béton - St-Léonard - Disponible maintenant,City of Montréal,2,1,Apartment,0,915,https://www.kijiji.ca/v-apartments-condos/ville-de-montreal/4-et-demi-immeuble-beton-st-leonard-disponible-maintenant/1738735309
1740901510,"1,125.00","4 et demi chauffé - Rosemont - Électros, WiFi  - 1er août",Montréal,2,1,Apartment,0,750,https://www.kijiji.ca/v-apartments-condos/ville-de-montreal/4-et-demi-chauffe-rosemont-electros-wifi-1er-aout/1740901510
1738961629,895.00,Studio - 2 minutes du Métro Beaubien - TOUT INCLUS,Montréal,0,1,Apartment,0,300,https://www.kijiji.ca/v-apartments-condos/ville-de-montreal/studio-2-minutes-du-metro-beaubien-tout-inclus/1738961629
1724042059,575.00,Chambre à louer - Minimum 3 mois - Tout inclus et meublée,Montréal,N/A,N/A,N/A,N/A,N/A,https://www.kijiji.ca/v-room-rental-roommate/ville-de-montreal/chambre-a-louer-minimum-3-mois-tout-inclus-et-meublee/1724042059
1742205749,"1,095.00",3 et demi - Rosemont - Électros + WiFi inclus - Septembre,montreal,1,1,Apartment,0,725,https://www.kijiji.ca/v-apartments-condos/ville-de-montreal/3-et-demi-rosemont-electros-wifi-inclus-septembre/1742205749
1735099321,"1,395.00",2 bedrooms - 4 and half - Outremont - All appliances incl.,City of Montréal,2,1,Apartment,0,900,https://www.kijiji.ca/v-apartments-condos/ville-de-montreal/2-bedrooms-4-and-half-outremont-all-appliances-incl/1735099321
1740636937,900.00,Plusieurs studios tout inclus à Rosemont - Insonorisation béton,Montréal,0,1,Apartment,0,350,https://www.kijiji.ca/v-apartments-condos/ville-de-montreal/plusieurs-studios-tout-inclus-a-rosemont-insonorisation-beton/1740636937
1742028433,"1,295.00",4 et demi - Rosemont - Électros & WiFi - Dispo 1er septembre,Montreal,2,1,Apartment,0,900,https://www.kijiji.ca/v-apartments-condos/ville-de-montreal/4-et-demi-rosemont-electros-wifi-dispo-1er-septembre/1742028433
1736048489,"1,525.00","3 bedrooms (5 1/2) Côte-des-Neiges - Appliances, WiFi, heatpump",Montréal,3,1,Apartment,0,950,https://www.kijiji.ca/v-apartments-condos/ville-de-montreal/3-bedrooms-5-1-2-cote-des-neiges-appliances-wifi-heatpump/1736048489
1738277121,"1,550.00",Large 3 bedrooms - Cote des Neiges - Appliances included,City of Montréal,3,1,Apartment,0,950,https://www.kijiji.ca/v-apartments-condos/ville-de-montreal/large-3-bedrooms-cote-des-neiges-appliances-included/1738277121
1734438283,"1,450.00","4 et demi - Rosemont - inclus électros, thermopompe et Internet",Montréal,2,1,Apartment,0,750,https://www.kijiji.ca/v-apartments-condos/ville-de-montreal/4-et-demi-rosemont-inclus-electros-thermopompe-et-internet/1734438283
1736332254,"1,400.00",4 et demi - Plateau Mont-Royal - Terrasse extérieure,Montréal,1,1,Apartment,0,1000,https://www.kijiji.ca/v-apartments-condos/ville-de-montreal/4-et-demi-plateau-mont-royal-terrasse-exterieure/1736332254
1740239642,"2,850.00","5 1/2, 3 chambre, à louer,CDG, Côte-des-neiges,to,rent",Montreal,3,1,Apartment,0,N/A,https://www.kijiji.ca/v-apartments-condos/ville-de-montreal/5-1-2-3-chambre-a-louer-cdg-cote-des-neiges-to-rent/1740239642
1742848495,910.00,Beautiful Sunny apartment to share. AC and Utilities included,"Saint-Louis, City of Montréal",N/A,N/A,N/A,N/A,N/A,https://www.kijiji.ca/v-room-rental-roommate/ville-de-montreal/beautiful-sunny-apartment-to-share-ac-and-utilities-included/1742848495
1742848491,"1,200.00","Jolie 3 demi 500m metro parc, UDM cmapus MIL parc jarry, a voir!","Parc-Extension, Montréal",1,1,Apartment,0,500,https://www.kijiji.ca/v-apartments-condos/ville-de-montreal/jolie-3-demi-500m-metro-parc-udm-cmapus-mil-parc-jarry-a-voir/1742848491
1742848447,"1,300.00","NDG, beau, tres grand 3 ½ Metro Snowdon, Villa Maria, Septembre","Snowdon, Montréal",1.5,1,Apartment,0,800,https://www.kijiji.ca/v-apartments-condos/ville-de-montreal/ndg-beau-tres-grand-3-metro-snowdon-villa-maria-septembre/1742848447
1742848270,985.00,logement bachelor,"Vimont, Laval / North Shore",1,1,Basement,1,700,https://www.kijiji.ca/v-apartments-condos/laval-rive-nord/logement-bachelor/1742848270
1742848244,599.00,chambre meublee tout incluus internet stationnement,"Saint-Vincent-de-Paul, Longueuil",N/A,N/A,N/A,N/A,N/A,https://www.kijiji.ca/v-room-rental-roommate/longueuil-rive-sud/chambre-meublee-tout-incluus-internet-stationnement/1742848244
1739626605,"2,485.00",Condo 2 chambres sur 2 étages ENTIÈREMENT MEUBLÉ,"Verdun, Montreal",2,1.5,Condo,1,1000,https://www.kijiji.ca/v-apartments-condos/ville-de-montreal/condo-2-chambres-sur-2-etages-entierement-meuble/1739626605
1742847763,595.00,Chambre à louer,"Parc-Extension, City of Montréal",N/A,N/A,N/A,N/A,N/A,https://www.kijiji.ca/v-room-rental-roommate/ville-de-montreal/chambre-a-louer/1742847763
1742847627,600.00,Chambre à louer,"Hochelaga-Maisonneuve, Mercier-Hochelaga-Maisonneuve",N/A,N/A,N/A,N/A,N/A,https://www.kijiji.ca/v-room-rental-roommate/ville-de-montreal/chambre-a-louer/1742847627
1742847554,800.00,2 1/2 a louer demi sous sol 800$par moi,"Villeray, Montréal",0,1,Basement,0,N/A,https://www.kijiji.ca/v-apartments-condos/ville-de-montreal/2-1-2-a-louer-demi-sous-sol-800-par-moi/1742847554
1742847439,400.00,Sous-location — Chambre meublée dans un 6 1/2 (Plateau / Centre-,"Centre-Sud, Ville-Marie",N/A,N/A,N/A,N/A,N/A,https://www.kijiji.ca/v-room-rental-roommate/ville-de-montreal/sous-location-chambre-meublee-dans-un-6-1-2-plateau-centre/1742847439
1742846982,"1,500.00",apparemment 4 1/2 à louer,"Vimont, Laval / North Shore",2,1,Apartment,1,N/A,https://www.kijiji.ca/v-apartments-condos/laval-rive-nord/apparemment-4-1-2-a-louer/1742846982
1742520481,"2,000.00","Beautiful 4-Bedroom, 2-Bathroom Home for Rent – Terrebonne, QC  ","Terrebonne, Laval / North Shore",4,2,House,1,1900,https://www.kijiji.ca/v-apartments-condos/laval-rive-nord/beautiful-4-bedroom-2-bathroom-home-for-rent-terrebonne-qc/1742520481
1742846085,700.00,Chambre à louer (tout inclus),"Mercier-Est / Tétreaultville, Montréal",N/A,N/A,N/A,N/A,N/A,https://www.kijiji.ca/v-room-rental-roommate/ville-de-montreal/chambre-a-louer-tout-inclus/1742846085
1742846030,"1,835.00",CESSION DE BAIL Octobre - Downtown MTL - Parking inclus,"Concordia University, Montreal",1,1,Condo,1,500,https://www.kijiji.ca/v-apartments-condos/ville-de-montreal/cession-de-bail-octobre-downtown-mtl-parking-inclus/1742846030
1742845555,"1,475.00","Rénové 4 et demi, Montréal (Centre-Sud), à 10 minutes du Métro P","Centre-Sud, Montreal",2,1,Apartment,0,925,https://www.kijiji.ca/v-apartments-condos/ville-de-montreal/renove-4-et-demi-montreal-centre-sud-a-10-minutes-du-metro-p/1742845555
1739397387,"1,945.00",GRAND 4 ½ NEUF - DERNIER ÉTAGE -VUE - PLATEAU - VILLE-MARIE,"Centre-Sud, Montréal",2.5,1,Apartment,0,900,https://www.kijiji.ca/v-apartments-condos/ville-de-montreal/grand-4-neuf-dernier-etage-vue-plateau-ville-marie/1739397387
1742845208,"1,850.00","Newly renovated big 4 1/2 in LaSalle, move-in at anytime","Cavelier Park, Montreal",2.5,1,Duplex/Triplex,0,1500,https://www.kijiji.ca/v-apartments-condos/ville-de-montreal/newly-renovated-big-4-1-2-in-lasalle-move-in-at-anytime/1742845208
1742844778,"1,100.00",cheap rent,"Sainte-Geneviève, City of Montréal",2.5,1,Apartment,1,N/A,https://www.kijiji.ca/v-apartments-condos/ville-de-montreal/cheap-rent/1742844778
1741657738,"2,400.00","5 1/2 avec sous-sol, 2 toilettes, salle de jeux","Rivière-des-Prairies North, Montréal",4,2,Duplex/Triplex,3,1500,https://www.kijiji.ca/v-apartments-condos/ville-de-montreal/5-1-2-avec-sous-sol-2-toilettes-salle-de-jeux/1741657738
1714772981,"1,595.00",Beautiful open-concept 3 1/2 apartment unit for rent,City of Montréal,1,1,Apartment,1,800,https://www.kijiji.ca/v-apartments-condos/ville-de-montreal/beautiful-open-concept-3-1-2-apartment-unit-for-rent/1714772981
1712959255,"1,795.00",Beautiful 4 1/2 Located In The Heart Of LaSalle,City of Montréal,2,1,Apartment,2,1000,https://www.kijiji.ca/v-apartments-condos/ville-de-montreal/beautiful-4-1-2-located-in-the-heart-of-lasalle/1712959255
1693358681,"1,940.00",2 ch (4 1 2) / 2 bedroom Appartement à louer à Brossard,Longueuil / South Shore,2,1,Apartment,0,N/A,https://www.kijiji.ca/v-apartments-condos/longueuil-rive-sud/2-ch-4-1-2-2-bedroom-appartement-a-louer-a-brossard/1693358681
1740083841,"1,245.00",Magnifique 3 et demi ouvert pièce double - Plateau Mont-Royal,City of Montréal,1,1,Apartment,0,500,https://www.kijiji.ca/v-apartments-condos/ville-de-montreal/magnifique-3-et-demi-ouvert-piece-double-plateau-mont-royal/1740083841
1737062659,"1,150.00",Grand 3 et demi - Hochelaga - Disponible maintenant!,City of Montréal,1,1,Apartment,0,700,https://www.kijiji.ca/v-apartments-condos/ville-de-montreal/grand-3-et-demi-hochelaga-disponible-maintenant/1737062659
1738633982,"29,933.00","Large Office for Rent – HQ QC, Montreal - Rue Saint-Jacques",City of Montréal,N/A,N/A,N/A,N/A,N/A,https://www.kijiji.ca/v-commercial-office-space/ville-de-montreal/large-office-for-rent-hq-qc-montreal-rue-saint-jacques/1738633982
1740075213,"1,915.00","Apartment for Rent at 170 René-Lévesque, Downtown",City of Montréal,1,1,Apartment,0,560,https://www.kijiji.ca/v-apartments-condos/ville-de-montreal/apartment-for-rent-at-170-rene-levesque-downtown/1740075213
1737052860,"1,400.00","2 CH - 1 SDB - Longueuil - $1,400 /mo",Longueuil,2,1,Apartment,0,N/A,https://www.kijiji.ca/v-apartments-condos/longueuil-rive-sud/2-ch-1-sdb-longueuil-1-400-mo/1737052860
1714750659,"1,365.00","3 1/2 sur Redpath, Montreal, available right now",City of Montréal,1,1,Apartment,0,650,https://www.kijiji.ca/v-apartments-condos/ville-de-montreal/3-1-2-sur-redpath-montreal-available-right-now/1714750659
1737052124,"1,319.00",Bachelor Apartment for Rent - 350 Rue Prince-Arthur Ouest,Montréal,0,1,Apartment,0,355,https://www.kijiji.ca/v-apartments-condos/ville-de-montreal/bachelor-apartment-for-rent-350-rue-prince-arthur-ouest/1737052124
1738624981,"1,309.00",1 Bedroom Apartment for Rent - 350 Rue Prince-Arthur Ouest,Montréal,1,2,Apartment,0,468,https://www.kijiji.ca/v-apartments-condos/ville-de-montreal/1-bedroom-apartment-for-rent-350-rue-prince-arthur-ouest/1738624981
1742837423,"1,500.00","5 et demi, Montréal, disponible, 3 chambres fermées","Roger Rousseau Park, Montréal",3.5,1,Duplex/Triplex,0,1000,https://www.kijiji.ca/v-apartments-condos/ville-de-montreal/5-et-demi-montreal-disponible-3-chambres-fermees/1742837423
1738601967,"1,024.00","Apartment for Rent at Trent &amp; Kingsley, Cote Saint-Luc",City of Montréal,0,1,Apartment,0,395,https://www.kijiji.ca/v-apartments-condos/ville-de-montreal/apartment-for-rent-at-trent-amp-kingsley-cote-saint-luc/1738601967
1738601968,"1,457.00","Apartment for Rent at Trent &amp; Kingsley, Cote Saint-Luc",City of Montréal,2,1,Apartment,0,1070,https://www.kijiji.ca/v-apartments-condos/ville-de-montreal/apartment-for-rent-at-trent-amp-kingsley-cote-saint-luc/1738601968
1738601969,"1,107.00","Apartment for Rent at Trent &amp; Kingsley, Cote Saint-Luc",City of Montréal,1,1,Apartment,0,565,https://www.kijiji.ca/v-apartments-condos/ville-de-montreal/apartment-for-rent-at-trent-amp-kingsley-cote-saint-luc/1738601969
1740054872,"2,127.00",Spacious 2 bedroom unit in Plateau - ID 2893,Montreal,2,1,Apartment,0,1120,https://www.kijiji.ca/v-apartments-condos/ville-de-montreal/spacious-2-bedroom-unit-in-plateau-id-2893/1740054872
1740054856,"1,687.00",appartement 4 1/2 a ahunstic - ID 4595,Montreal,2,1,Apartment,0,955,https://www.kijiji.ca/v-apartments-condos/ville-de-montreal/appartement-4-1-2-a-ahunstic-id-4595/1740054856
1738911129,"1,050.00",2 et demi - Plateau Mont-Royal - Électros inclus Parc Lafontaine,City of Montréal,0,1,Apartment,0,300,https://www.kijiji.ca/v-apartments-condos/ville-de-montreal/2-et-demi-plateau-mont-royal-electros-inclus-parc-lafontaine/1738911129
1740265118,"1,295.00",4 et demi - Plateau Mont-Royal - Électros + WiFi - Dispo mtn!,Montréal,2,1,Apartment,0,750,https://www.kijiji.ca/v-apartments-condos/ville-de-montreal/4-et-demi-plateau-mont-royal-electros-wifi-dispo-mtn/1740265118
1740358068,"2,095.00",Very spacious 2 bedrooms located in front of Villa-Maria Metro,Montréal,2,1,Apartment,0,1100,https://www.kijiji.ca/v-apartments-condos/ville-de-montreal/very-spacious-2-bedrooms-located-in-front-of-villa-maria-metro/1740358068
1737957259,"1,395.00",4 et demi - Côte-des-Neiges NDG - Électros inclus - Dispo!,Montréal,2,1,Apartment,0,900,https://www.kijiji.ca/v-apartments-condos/ville-de-montreal/4-et-demi-cote-des-neiges-ndg-electros-inclus-dispo/1737957259
1738553692,"1,395.00",4.5 à Hochelaga - Électros inclus - Métro Frontenac -  Dispo mtn,City of Montréal,2,1,Apartment,0,800,https://www.kijiji.ca/v-apartments-condos/ville-de-montreal/4-5-a-hochelaga-electros-inclus-metro-frontenac-dispo-mtn/1738553692
1741210141,"1,145.00",Beautiful 1 bedroom - Cote des Neiges - Heat & Appliances incl.,City of Montréal,1,1,Apartment,0,700,https://www.kijiji.ca/v-apartments-condos/ville-de-montreal/beautiful-1-bedroom-cote-des-neiges-heat-appliances-incl/1741210141
1742611621,895.00,Studio meublé à Hochelaga - Électros + WiFi inclus - Disponible!,Montréal,0,1,Apartment,0,200,https://www.kijiji.ca/v-apartments-condos/ville-de-montreal/studio-meuble-a-hochelaga-electros-wifi-inclus-disponible/1742611621
1741697952,"1,550.00",Condos neufs - 2 chambres - Rosemont - Électro & chauffage incl.,Montréal,2,1,Apartment,0,750,https://www.kijiji.ca/v-apartments-condos/ville-de-montreal/condos-neufs-2-chambres-rosemont-electro-chauffage-incl/1741697952
1740843747,900.00,2 et demi rénové - Hochelaga - Disponible maintenant,Montréal,0,1,Apartment,0,350,https://www.kijiji.ca/v-apartments-condos/ville-de-montreal/2-et-demi-renove-hochelaga-disponible-maintenant/1740843747
1742112107,"1,515.00",2 bedrooms - LaSalle - Appliances & Parking & Heat included,Montréal,2,1,Apartment,1,850,https://www.kijiji.ca/v-apartments-condos/ville-de-montreal/2-bedrooms-lasalle-appliances-parking-heat-included/1742112107
1742536799,"1,370.00",2 bedrooms near Metro Cote-des-Neiges - Appliances included,Montreal,2,1,Apartment,0,900,https://www.kijiji.ca/v-apartments-condos/ville-de-montreal/2-bedrooms-near-metro-cote-des-neiges-appliances-included/1742536799
1741009162,"1,790.00",3 bedrooms - Cote-des-Neiges Metro - Appliances included,Montréal,3,1.5,Apartment,0,900,https://www.kijiji.ca/v-apartments-condos/ville-de-montreal/3-bedrooms-cote-des-neiges-metro-appliances-included/1741009162
1741889412,995.00,3 et demi - Hochelaga - Électros inclus - Dispo mtn!,Montréal,1,1,Apartment,0,600,https://www.kijiji.ca/v-apartments-condos/ville-de-montreal/3-et-demi-hochelaga-electros-inclus-dispo-mtn/1741889412
1741210139,"1,100.00",4 et demi chauffé - Plateau Mont-Royal - Électros - Dispo!,City of Montréal,2,1,Apartment,0,700,https://www.kijiji.ca/v-apartments-condos/ville-de-montreal/4-et-demi-chauffe-plateau-mont-royal-electros-dispo/1741210139
1728387075,975.00,Studio à Hochelaga - Tout inclus + Électros & WiFi - Disponible,Montréal,0,1,Apartment,0,350,https://www.kijiji.ca/v-apartments-condos/ville-de-montreal/studio-a-hochelaga-tout-inclus-electros-wifi-disponible/1728387075
1735671952,895.00,Studio chauffé - Plateau Mont-Royal - Électros - Dispo mtn!,City of Montréal,0,1,Apartment,0,300,https://www.kijiji.ca/v-apartments-condos/ville-de-montreal/studio-chauffe-plateau-mont-royal-electros-dispo-mtn/1735671952
1741513165,"1,325.00",4 et demi - Plateau Mont-Royal - 4 électroménagers inclus,Montreal,2,1,Apartment,0,750,https://www.kijiji.ca/v-apartments-condos/ville-de-montreal/4-et-demi-plateau-mont-royal-4-electromenagers-inclus/1741513165
1741881381,"1,425.00",4 et demi - Hochelaga - Électros inclus - Dispo 1er octobre,Montreal,2,1,Apartment,0,800,https://www.kijiji.ca/v-apartments-condos/ville-de-montreal/4-et-demi-hochelaga-electros-inclus-dispo-1er-octobre/1741881381
1733986676,"2,050.00",6 et demi à louer - St-Henri - Électro inclus - Dispo maintenant,City of Montréal,4,1,Apartment,0,1000,https://www.kijiji.ca/v-apartments-condos/ville-de-montreal/6-et-demi-a-louer-st-henri-electro-inclus-dispo-maintenant/1733986676
1742633676,"1,795.00",Projet Cure Labelle Phase  I 41/2 Disp dès 1er Septembre 2026,"Chomedey, Laval",2,1,Apartment,1,N/A,https://www.kijiji.ca/v-apartments-condos/laval-rive-nord/projet-cure-labelle-phase-i-41-2-disp-des-1er-septembre-2026/1742633676
1742574771,"1,750.00",Furnished 2 Bedrooms for rent!,"Parc-Lafontaine, Montreal",2,1,Apartment,0,650,https://www.kijiji.ca/v-apartments-condos/ville-de-montreal/furnished-2-bedrooms-for-rent/1742574771
1740550307,"2,190.00",4.5-condo appartement 2sdb a louer Ville Saint Laurent-Leora,Montreal,2,2,Condo,0,N/A,https://www.kijiji.ca/v-apartments-condos/ville-de-montreal/4-5-condo-appartement-2sdb-a-louer-ville-saint-laurent-leora/1740550307
1719242336,"1,680.00",3.5 Condo neuf à louer Ville-Marie-tout inclus-Champlain,Montreal,1,1,Condo,0,N/A,https://www.kijiji.ca/v-apartments-condos/ville-de-montreal/3-5-condo-neuf-a-louer-ville-marie-tout-inclus-champlain/1719242336
1727979164,"3,000.00",5.5-condo appartement a louer a Rosemont-boulevard Saint-Joseph,City of Montréal,3,2,Condo,0,1144,https://www.kijiji.ca/v-apartments-condos/ville-de-montreal/5-5-condo-appartement-a-louer-a-rosemont-boulevard-saint-joseph/1727979164
1713521512,"1,245.00",2.5 condo appartement neuf locatif Ville-Marie-Jacques,Montreal,0,1,Condo,0,N/A,https://www.kijiji.ca/v-apartments-condos/ville-de-montreal/2-5-condo-appartement-neuf-locatif-ville-marie-jacques/1713521512
1735615284,"1,650.00",3.5 Condo Appartement à louer-Ahuntsic-ELECTROS INCLUS-Aldea,Montreal,1,1,Apartment,0,N/A,https://www.kijiji.ca/v-apartments-condos/ville-de-montreal/3-5-condo-appartement-a-louer-ahuntsic-electros-inclus-aldea/1735615284
1742817665,"3,240.00",CONDO 5 1/2 à louer Griffintown Sud Ouest avec piscine-WillRich,Montreal,3,2,Apartment,0,N/A,https://www.kijiji.ca/v-apartments-condos/ville-de-montreal/condo-5-1-2-a-louer-griffintown-sud-ouest-avec-piscine-willrich/1742817665
1742649307,"1,500.00",3.5 Condo neuf à louer Ville-Marie-Montreal -rue Florian,Montreal,1,1,Condo,0,717,https://www.kijiji.ca/v-apartments-condos/ville-de-montreal/3-5-condo-neuf-a-louer-ville-marie-montreal-rue-florian/1742649307
1733435746,Please Contact,Bureaux neufs à louer dans le Mile-Ex-New offices for rent,City of Montréal,N/A,N/A,N/A,N/A,N/A,https://www.kijiji.ca/v-commercial-office-space/ville-de-montreal/bureaux-neufs-a-louer-dans-le-mile-ex-new-offices-for-rent/1733435746
1690471106,"1,520.00",2.5 Studio condo tout inclus a louer Sud Ouest Griffin Square,City of Montréal,0,1,Apartment,0,N/A,https://www.kijiji.ca/v-apartments-condos/ville-de-montreal/2-5-studio-condo-tout-inclus-a-louer-sud-ouest-griffin-square/1690471106
1722746127,"1,945.00",3.5-Condo appartement à louer Pointe-Saint-Charles-Erin,Montreal,1,1,Condo,0,N/A,https://www.kijiji.ca/v-apartments-condos/ville-de-montreal/3-5-condo-appartement-a-louer-pointe-saint-charles-erin/1722746127
1742660516,"2,600.00",5.5 Condo neuf sur deux étages à louer Ville-Marie-rue Florian,Montreal,3,2,Condo,0,1298,https://www.kijiji.ca/v-apartments-condos/ville-de-montreal/5-5-condo-neuf-sur-deux-etages-a-louer-ville-marie-rue-florian/1742660516
1742158363,"3,675.00",5.5 Condo neuf 3 cc à louer Pointe-Saint-Charles-Erin,"Pointe Saint Charles, Montreal",3,2,Apartment,0,1225,https://www.kijiji.ca/v-apartments-condos/ville-de-montreal/5-5-condo-neuf-3-cc-a-louer-pointe-saint-charles-erin/1742158363
1738898219,"1,700.00",3.5-Condo appartement à louer-Mile-End-Parc Jarry-Carter,Montreal,1,1,Condo,0,N/A,https://www.kijiji.ca/v-apartments-condos/ville-de-montreal/3-5-condo-appartement-a-louer-mile-end-parc-jarry-carter/1738898219
1707263413,"1,490.00",2.5 STUDIO Condo appartement LUXE à louer Old Port-Domo,City of Montréal,0,1,Apartment,0,N/A,https://www.kijiji.ca/v-apartments-condos/ville-de-montreal/2-5-studio-condo-appartement-luxe-a-louer-old-port-domo/1707263413
1719242332,"1,595.00",2.5 Studio condo à louer Ville-Marie metro Papineau-Champlain,Montreal,0,1,Condo,0,N/A,https://www.kijiji.ca/v-apartments-condos/ville-de-montreal/2-5-studio-condo-a-louer-ville-marie-metro-papineau-champlain/1719242332
1735715898,"1,550.00","31/2,1,bedrooms,chambres,louer,for,to,rent,Laval",Laval,1,3,Apartment,1,N/A,https://www.kijiji.ca/v-apartments-condos/laval-rive-nord/31-2-1-bedrooms-chambres-louer-for-to-rent-laval/1735715898
1742844130,"1,695.00","Logement à louer 41/2 haut duplex,Plateau Mt-royal","Parc-Laurier, Le Plateau-Mont-Royal",2,1,Apartment,0,850,https://www.kijiji.ca/v-apartments-condos/ville-de-montreal/logement-a-louer-41-2-haut-duplex-plateau-mt-royal/1742844130
1739482900,"1,240.00",Studio Apartment Lease Transfer,"Quartier-des-Spectacles, City of Montréal",0,1,Apartment,0,200,https://www.kijiji.ca/v-apartments-condos/ville-de-montreal/studio-apartment-lease-transfer/1739482900
1742843924,890.00,Downtown Near McGill All Included Furnitured Studio for Rent !!!,"Saint-Louis, Montréal",0,1,Apartment,0,400,https://www.kijiji.ca/v-apartments-condos/ville-de-montreal/downtown-near-mcgill-all-included-furnitured-studio-for-rent/1742843924
1742843404,800.00,room for rent Sept 1,"Little Burgundy, City of Montréal",N/A,N/A,N/A,N/A,N/A,https://www.kijiji.ca/v-room-rental-roommate/ville-de-montreal/room-for-rent-sept-1/1742843404
1741433050,"1,050.00",2.5 loft studio | Downtown Montreal | steps to Concordia,"Golden Square Mile, Montreal",0,1,Apartment,0,370,https://www.kijiji.ca/v-apartments-condos/ville-de-montreal/2-5-loft-studio-downtown-montreal-steps-to-concordia/1741433050
1742842862,"1,551.00",4 1/2 for rent in Verdun,"Verdun, Montreal",2,1,Condo,0,100,https://www.kijiji.ca/v-apartments-condos/ville-de-montreal/4-1-2-for-rent-in-verdun/1742842862
1742842503,"1,940.00",4 1/2 Apartment,"Viauville, City of Montréal",2,1,Apartment,0,920,https://www.kijiji.ca/v-apartments-condos/ville-de-montreal/4-1-2-apartment/1742842503
1742842496,"1,300.00",BREATHTAKING ONE BEDROOM APARTMENT FOR RENT OCT 1ST,"Saint-François d'Assise, Montreal",1,1,Duplex/Triplex,0,720,https://www.kijiji.ca/v-apartments-condos/ville-de-montreal/breathtaking-one-bedroom-apartment-for-rent-oct-1st/1742842496
1742842136,"1,118.00",Studio(semi-furnished )apartment available from October 1,"Shaughnessy Village, City of Montréal",0,1,Apartment,1,600,https://www.kijiji.ca/v-apartments-condos/ville-de-montreal/studio-semi-furnished-apartment-available-from-october-1/1742842136
1740054840,"1,895.00",renovated one bedroom apartment in the Plateau - ID 2451,Montreal,1,1,Apartment,0,704,https://www.kijiji.ca/v-apartments-condos/ville-de-montreal/renovated-one-bedroom-apartment-in-the-plateau-id-2451/1740054840
1738601451,"2,700.00","Grand 5.5, balcon, tout compris, vue Sud de Montréal Apartment f",City of Montréal,3,1,Apartment,0,N/A,https://www.kijiji.ca/v-apartments-condos/ville-de-montreal/grand-5-5-balcon-tout-compris-vue-sud-de-montreal-apartment-f/1738601451
1742837122,400.00,"Room for rent in a 5 1/2 apartment , 5 minutes walk to metro sta","Snowdon, Montreal",N/A,N/A,N/A,N/A,N/A,https://www.kijiji.ca/v-room-rental-roommate/ville-de-montreal/room-for-rent-in-a-5-1-2-apartment-5-minutes-walk-to-metro-sta/1742837122
1742837108,"1,500.00",Bel 5 ½   - 2 chac à coté du Plateau,"Centre-Sud, Montréal",3.5,1,Apartment,1,1100,https://www.kijiji.ca/v-apartments-condos/ville-de-montreal/bel-5-2-chac-a-cote-du-plateau/1742837108
1742837080,510.00,Recherche un ou une colocataire étudiante(e) Mile-End,"Mile End, Le Plateau-Mont-Royal",N/A,N/A,N/A,N/A,N/A,https://www.kijiji.ca/v-room-rental-roommate/ville-de-montreal/recherche-un-ou-une-colocataire-etudiante-e-mile-end/1742837080
1742836953,"1,450.00",BEAU 4½  2e triplex complètement RÉNOVÉ–-LIBRE MAINTENAN,"Mercier-Est / Tétreaultville, Montréal",2,1,Duplex/Triplex,0,N/A,https://www.kijiji.ca/v-apartments-condos/ville-de-montreal/beau-4-2e-triplex-completement-renove-libre-maintenan/1742836953
1742836743,840.00,sunny 2 ½ in a cemetary,"Baron de Hirsch, City of Montréal",1,1,Apartment,1,9999,https://www.kijiji.ca/v-apartments-condos/ville-de-montreal/sunny-2-in-a-cemetary/1742836743
1742836626,675.00,Metro du college chambre a louer,"Gohier, City of Montréal",N/A,N/A,N/A,N/A,N/A,https://www.kijiji.ca/v-room-rental-roommate/ville-de-montreal/metro-du-college-chambre-a-louer/1742836626
1718180418,"1,270.00","The 2250 Guy Apartments - 1 Bedroom available, Montreal Apartmen",Montréal,1,1,Apartment,0,545,https://www.kijiji.ca/v-apartments-condos/ville-de-montreal/the-2250-guy-apartments-1-bedroom-available-montreal-apartmen/1718180418
1742836503,"1,080.00","Grand 2 1/2,  Parc de l'Ukraine","Rosemont, Rosemont-La Petite-Patrie",0,1,Apartment,0,500,https://www.kijiji.ca/v-apartments-condos/ville-de-montreal/grand-2-1-2-parc-de-lukraine/1742836503
1742836326,"1,800.00",4 1/2 à louer 1er octobre,"Sainte-Marthe-sur-le-Lac, Laval / North Shore",2,1,Condo,2,1200,https://www.kijiji.ca/v-apartments-condos/laval-rive-nord/4-1-2-a-louer-1er-octobre/1742836326
1742836300,"1,866.00",Cession de bail / Lease transfer,"Laflèche, Longueuil / South Shore",2,1,Condo,1,877,https://www.kijiji.ca/v-apartments-condos/longueuil-rive-sud/cession-de-bail-lease-transfer/1742836300
1742836140,"1,095.00",2 1/2 avec chambre fermée- metro St Michel - Septembre,"Saint-Michel, City of Montréal",1,1,Apartment,0,400,https://www.kijiji.ca/v-apartments-condos/ville-de-montreal/2-1-2-avec-chambre-fermee-metro-st-michel-septembre/1742836140
1742836088,Please Contact,Spacious 2½ Apartment for Sublease,"Notre-Dame-de-Grâce, Montreal",0,1,Apartment,0,N/A,https://www.kijiji.ca/v-apartments-condos/ville-de-montreal/spacious-2-apartment-for-sublease/1742836088
1742835774,"1,225.00",Beau 4 et demi MétroLangelier - Laveuse/sécheuse,"HoMa South, Montréal",2,1,Apartment,0,875,https://www.kijiji.ca/v-apartments-condos/ville-de-montreal/beau-4-et-demi-metrolangelier-laveuse-secheuse/1742835774
1742835743,650.00,GRANDE CHAMBRE MEUBLÉE – tout inclus-libre maintenant,"Mercier-Est / Tétreaultville, Montréal",N/A,N/A,N/A,N/A,N/A,https://www.kijiji.ca/v-room-rental-roommate/ville-de-montreal/grande-chambre-meublee-tout-inclus-libre-maintenant/1742835743
1737436979,"1,075.00",4 et demi - Hochelaga - Disponible maintenant,Montréal,2,1,Apartment,0,750,https://www.kijiji.ca/v-apartments-condos/ville-de-montreal/4-et-demi-hochelaga-disponible-maintenant/1737436979
1741697953,"1,350.00",3 et demi neufs à louer - Rosemont - Chauffage & Électros inclus,Montréal,1,1,Apartment,0,550,https://www.kijiji.ca/v-apartments-condos/ville-de-montreal/3-et-demi-neufs-a-louer-rosemont-chauffage-electros-inclus/1741697953
1742302432,"2,495.00","Maison à louer - Varennes - WiFi, AC + parking - 1er septembre","Varennes, Varennes",3,1.5,Apartment,2,2000,https://www.kijiji.ca/v-apartments-condos/longueuil-rive-sud/maison-a-louer-varennes-wifi-ac-parking-1er-septembre/1742302432
1738277125,"1,225.00",4 et demi - Hochelaga - Électros inclus - Dispo mtn!,City of Montréal,2,1,Apartment,0,700,https://www.kijiji.ca/v-apartments-condos/ville-de-montreal/4-et-demi-hochelaga-electros-inclus-dispo-mtn/1738277125
1731365388,"1,150.00",3 et demi à Hochelaga - Électros inclus - Hochelaga - Rénovés,Montréal,1,1,Apartment,0,500,https://www.kijiji.ca/v-apartments-condos/ville-de-montreal/3-et-demi-a-hochelaga-electros-inclus-hochelaga-renoves/1731365388
1736048484,895.00,"Studio - Pointe-St-Charles - Électros, WiFi, A/C inclus - Dispo!",City of Montréal,0,1,Apartment,0,400,https://www.kijiji.ca/v-apartments-condos/ville-de-montreal/studio-pointe-st-charles-electros-wifi-a-c-inclus-dispo/1736048484
1742028435,"1,095.00",2 et demi à Hochelaga - Électros inclus - Dispo 1er septembre,"Hochelaga-Maisonneuve, Montréal",0,1,Apartment,0,400,https://www.kijiji.ca/v-apartments-condos/ville-de-montreal/2-et-demi-a-hochelaga-electros-inclus-dispo-1er-septembre/1742028435
1742214278,"1,250.00",4 et demi - Hochelaga - Électros + WiFi - Dispo 1er septembre,montreal,2,1,Apartment,0,850,https://www.kijiji.ca/v-apartments-condos/ville-de-montreal/4-et-demi-hochelaga-electros-wifi-dispo-1er-septembre/1742214278
1742205762,"2,050.00",6 et demi chauffé - Plateau Mont-Royal - Électros inclus - Dispo,"Centre-Sud, Montréal",4,1,Apartment,0,1100,https://www.kijiji.ca/v-apartments-condos/ville-de-montreal/6-et-demi-chauffe-plateau-mont-royal-electros-inclus-dispo/1742205762
1735766950,Please Contact,Espace commercial à louer-retail space for rent-Ville Marie,City of Montréal,N/A,N/A,N/A,N/A,N/A,https://www.kijiji.ca/v-commercial-office-space/ville-de-montreal/espace-commercial-a-louer-retail-space-for-rent-ville-marie/1735766950
1740349751,"1,550.00",4.5-Condo appartement à louer LaSalle Montreal-9431,LaSalle,2,1,Condo,0,800,https://www.kijiji.ca/v-apartments-condos/ville-de-montreal/4-5-condo-appartement-a-louer-lasalle-montreal-9431/1740349751
1733435747,Please Contact,Espace entrepot à louer-expedition-Dorval pres du 40/13,City of Montréal,N/A,N/A,N/A,N/A,N/A,https://www.kijiji.ca/v-commercial-office-space/ville-de-montreal/espace-entrepot-a-louer-expedition-dorval-pres-du-40-13/1733435747
1734290518,"3,300.00",Bureaux loft à louer à Outremont-Red brick office space rentals,Montreal,N/A,N/A,N/A,N/A,N/A,https://www.kijiji.ca/v-commercial-office-space/ville-de-montreal/bureaux-loft-a-louer-a-outremont-red-brick-office-space-rentals/1734290518
1733435740,Please Contact,"Espaces commerciaux neufs à louer, Pointe-Saint-Charles","Pointe Saint Charles, City of Montréal",N/A,N/A,N/A,N/A,N/A,https://www.kijiji.ca/v-commercial-office-space/ville-de-montreal/espaces-commerciaux-neufs-a-louer-pointe-saint-charles/1733435740
1740211677,"1,600.00",2.5 Studio Condo Appartement neuf à louer-Plateau-468sg,City of Montréal,0,1,Apartment,0,N/A,https://www.kijiji.ca/v-apartments-condos/ville-de-montreal/2-5-studio-condo-appartement-neuf-a-louer-plateau-468sg/1740211677
1742838849,Please Contact,5 1/2 a louer,"Frederic-Back Park, Montréal",3.5,1,Duplex/Triplex,1,1900,https://www.kijiji.ca/v-apartments-condos/ville-de-montreal/5-1-2-a-louer/1742838849
1742838824,"1,275.00",3 ½ lumineux – Entrée privée – 2 stationnements – 4 électros neu,"Mirabel, Laval / North Shore",1.5,1,Apartment,2,650,https://www.kijiji.ca/v-apartments-condos/laval-rive-nord/3-lumineux-entree-privee-2-stationnements-4-electros-neu/1742838824
1742838631,"1,995.00",CONDO 4½ À LAVAL | 2 CHAMBRES |2 BAINS | 2 STATIONNEMENT IGARAGE,"Vimont, Laval / North Shore",2,1.5,Condo,2,950,https://www.kijiji.ca/v-apartments-condos/laval-rive-nord/condo-4-a-laval-2-chambres-2-bains-2-stationnement-igarage/1742838631
1742838558,"1,200.00",3 1/2 Studio - MEUBLÉ tout inclus -  IDÉAL TRAVAILLEUR OU TEMPO,"Parcours-du-Cerf - Du Tremblay, Longueuil",N/A,N/A,N/A,N/A,N/A,https://www.kijiji.ca/v-short-term-rental/longueuil-rive-sud/3-1-2-studio-meuble-tout-inclus-ideal-travailleur-ou-tempo/1742838558
1742838522,"1,688.00",Cession de bail/Transfer Lease - 7min Place-des-arts station,"Milton-Parc, Le Plateau-Mont-Royal",1.5,1,Apartment,1,610,https://www.kijiji.ca/v-apartments-condos/ville-de-montreal/cession-de-bail-transfer-lease-7min-place-des-arts-station/1742838522
1738690704,686.00,Chambre dans grand maison meublé / Room @Point St Charles,"Pointe Saint Charles, Montreal",N/A,N/A,N/A,N/A,N/A,https://www.kijiji.ca/v-room-rental-roommate/ville-de-montreal/chambre-dans-grand-maison-meuble-room-point-st-charles/1738690704
1742839222,528.00,Painted Room W Own Address & Mailbox Facing Metro Place St Henri,"Saint-Henry, Southwest",N/A,N/A,N/A,N/A,N/A,https://www.kijiji.ca/v-room-rental-roommate/ville-de-montreal/painted-room-w-own-address-mailbox-facing-metro-place-st-henri/1742839222
1712379694,"2,225.00",4.5 condo appartement a louer Ville Marie UQAM-Zenith,City of Montréal,2,1,Condo,0,N/A,https://www.kijiji.ca/v-apartments-condos/ville-de-montreal/4-5-condo-appartement-a-louer-ville-marie-uqam-zenith/1712379694
1682764409,"1,875.00",4.5 condo appartement a louer LaSalle MTL-Vida,LaSalle,2,1,Condo,0,N/A,https://www.kijiji.ca/v-apartments-condos/ville-de-montreal/4-5-condo-appartement-a-louer-lasalle-mtl-vida/1682764409
1733298819,"2,320.00",4.5 condo appartement a louer Griffintown-Sherwin,City of Montréal,2,1,Condo,0,N/A,https://www.kijiji.ca/v-apartments-condos/ville-de-montreal/4-5-condo-appartement-a-louer-griffintown-sherwin/1733298819
1713984897,"3,580.00",5.5 condo appartement a louer Griffintown-Sherwin,Montreal,3,2.5,Condo,0,N/A,https://www.kijiji.ca/v-apartments-condos/ville-de-montreal/5-5-condo-appartement-a-louer-griffintown-sherwin/1713984897
1713970841,"1,695.00",3.5 condo appartement a louer Griffintown-Sherwin,City of Montréal,1,1,Condo,0,N/A,https://www.kijiji.ca/v-apartments-condos/ville-de-montreal/3-5-condo-appartement-a-louer-griffintown-sherwin/1713970841
1742839060,"2,250.00",Condo 4 1/2 à louer au cœur du Plateau Mont-Royal,"Parc-Lafontaine, Montreal",2,1,Condo,0,800,https://www.kijiji.ca/v-apartments-condos/ville-de-montreal/condo-4-1-2-a-louer-au-coeur-du-plateau-mont-royal/1742839060
1739722643,"2,655.00",4.5 2cc 2sdb Condo appartement à louer Sud-Ouest-Wilcox,City of Montréal,2,2,Condo,0,N/A,https://www.kijiji.ca/v-apartments-condos/ville-de-montreal/4-5-2cc-2sdb-condo-appartement-a-louer-sud-ouest-wilcox/1739722643
1693988238,"2,620.00",4.5 2sdb condo appartement à louer Outremont-Milhaus,City of Montréal,2,2,Condo,0,830,https://www.kijiji.ca/v-apartments-condos/ville-de-montreal/4-5-2sdb-condo-appartement-a-louer-outremont-milhaus/1693988238
1731412002,"1,755.00",3.5-1 chambre condo appartement à louer Ville Marie-900,Montreal,1,1,Apartment,0,N/A,https://www.kijiji.ca/v-apartments-condos/ville-de-montreal/3-5-1-chambre-condo-appartement-a-louer-ville-marie-900/1731412002
1729790037,"1,845.00",3.5-1 bedroom condo for rent-Apartments GRIFFINTOWN-McCord,City of Montréal,1,1,Condo,0,N/A,https://www.kijiji.ca/v-apartments-condos/ville-de-montreal/3-5-1-bedroom-condo-for-rent-apartments-griffintown-mccord/1729790037
1687407850,"1,730.00",3.5 condo appartement luxe à louer à Outremont-Milhaus,City of Montréal,1,1,Apartment,0,N/A,https://www.kijiji.ca/v-apartments-condos/ville-de-montreal/3-5-condo-appartement-luxe-a-louer-a-outremont-milhaus/1687407850
1713423443,"1,845.00",3.5 condo appartement a louer Ville Marie UQAM-Zenith,Montréal,1,1,Condo,0,N/A,https://www.kijiji.ca/v-apartments-condos/ville-de-montreal/3-5-condo-appartement-a-louer-ville-marie-uqam-zenith/1713423443
1731776791,"3,750.00",Maison de ville a louer-Townhouse for rent LaSalle MTL-Univert,City of Montréal,4,2.5,Townhouse,2,2594,https://www.kijiji.ca/v-apartments-condos/ville-de-montreal/maison-de-ville-a-louer-townhouse-for-rent-lasalle-mtl-univert/1731776791
1727979162,"3,000.00",5.5-LOFT condo appartement à louer 2 étages-Rosemont-Joseph,City of Montréal,3,2,Condo,0,1051,https://www.kijiji.ca/v-apartments-condos/ville-de-montreal/5-5-loft-condo-appartement-a-louer-2-etages-rosemont-joseph/1727979162
1731786151,"2,445.00",PROMO-5.5-condo neuf 3cc à louer à LaSalle-communauté Univert,LaSalle,3,2,Condo,0,N/A,https://www.kijiji.ca/v-apartments-condos/ville-de-montreal/promo-5-5-condo-neuf-3cc-a-louer-a-lasalle-communaute-univert/1731786151
1735942269,"1,400.00",2.5-Studio condo à louer à Rosemont face au Parc Lafond-Joseph,City of Montréal,0,1,Condo,0,N/A,https://www.kijiji.ca/v-apartments-condos/ville-de-montreal/2-5-studio-condo-a-louer-a-rosemont-face-au-parc-lafond-joseph/1735942269
1741610256,"3,460.00",5.5 Appartement neuf à louer Plateau-Mont-Royal-Bloc Rivard,Montreal,3,2,Apartment,0,N/A,https://www.kijiji.ca/v-apartments-condos/ville-de-montreal/5-5-appartement-neuf-a-louer-plateau-mont-royal-bloc-rivard/1741610256
1742838450,"1,500.00",Appartement 4 1/2,"Saint-Jean-Vianney, Longueuil / South Shore",2,1,Apartment,1,800,https://www.kijiji.ca/v-apartments-condos/longueuil-rive-sud/appartement-4-1-2/1742838450
1741402447,"1,095.00",Terrasses Embassy Apartments - Bachelor available at 3440 Duroch,Montréal,0,1,Apartment,0,340,https://www.kijiji.ca/v-apartments-condos/ville-de-montreal/terrasses-embassy-apartments-bachelor-available-at-3440-duroch/1741402447
1742838133,955.00,3 1/2 à sous-louer à LaSalle – 955 $,"Lefebvre Park, Montréal",1,1,Apartment,0,650,https://www.kijiji.ca/v-apartments-condos/ville-de-montreal/3-1-2-a-sous-louer-a-lasalle-955/1742838133
1742443200,"1,650.00","3.5 in the Village (AC, PARKING INCLUDED) *Available now*","Centre-Sud, Montreal",1,1,Apartment,1,900,https://www.kijiji.ca/v-apartments-condos/ville-de-montreal/3-5-in-the-village-ac-parking-included-available-now/1742443200
1742837954,"1,450.00",Studio Meublé 2 1/2 à louer (tout inclus) -- Plateau Mont-Royal,"De Lorimier, Montréal",0,1,Condo,0,415,https://www.kijiji.ca/v-apartments-condos/ville-de-montreal/studio-meuble-2-1-2-a-louer-tout-inclus-plateau-mont-royal/1742837954
1742838013,"1,550.00",Loft / Studio à louer Gatsby Downtown,"Griffintown, Montréal",0,1,Apartment,0,369,https://www.kijiji.ca/v-apartments-condos/ville-de-montreal/loft-studio-a-louer-gatsby-downtown/1742838013
1731786152,"2,095.00",PROMO-4.5-Appartement 2cc à louer à LaSalle-communauté Univert,LaSalle,2,1,Condo,0,N/A,https://www.kijiji.ca/v-apartments-condos/ville-de-montreal/promo-4-5-appartement-2cc-a-louer-a-lasalle-communaute-univert/1731786152
1713521686,"1,595.00",3.5 condo appartement neuf locatif Ville-Marie-Jacques,Montreal,1,1,Condo,0,N/A,https://www.kijiji.ca/v-apartments-condos/ville-de-montreal/3-5-condo-appartement-neuf-locatif-ville-marie-jacques/1713521686
1692170058,"1,830.00",3.5 condo appartement a louer Ville-Marie Berri UQAM-NuBerri,Montreal,1,1,Apartment,0,N/A,https://www.kijiji.ca/v-apartments-condos/ville-de-montreal/3-5-condo-appartement-a-louer-ville-marie-berri-uqam-nuberri/1692170058
1727979161,"1,400.00",2.5-Studio condo à louer à Rosemont face au Parc Lafond-Joseph,City of Montréal,0,1,Condo,0,N/A,https://www.kijiji.ca/v-apartments-condos/ville-de-montreal/2-5-studio-condo-a-louer-a-rosemont-face-au-parc-lafond-joseph/1727979161
1736884611,"1,595.00",2.5-STUDIO à louer/for rent-Quartier des spectacles-Myriade,City of Montréal,0,1,Condo,0,559,https://www.kijiji.ca/v-apartments-condos/ville-de-montreal/2-5-studio-a-louer-for-rent-quartier-des-spectacles-myriade/1736884611
1738684374,"2,185.00",4.5 condo appartement neuf locatif Ville-Marie-Jacques,Montreal,2,1,Condo,0,N/A,https://www.kijiji.ca/v-apartments-condos/ville-de-montreal/4-5-condo-appartement-neuf-locatif-ville-marie-jacques/1738684374
1713521375,"3,335.00",5.5 condo appartement neuf locatif Ville-Marie-Jacques,City of Montréal,3,3,Condo,0,N/A,https://www.kijiji.ca/v-apartments-condos/ville-de-montreal/5-5-condo-appartement-neuf-locatif-ville-marie-jacques/1713521375
1742649305,"1,700.00",4.5 Condo neuf à louer Ville-Marie-Montreal -rue Florian,Montreal,2,1,Condo,0,872,https://www.kijiji.ca/v-apartments-condos/ville-de-montreal/4-5-condo-neuf-a-louer-ville-marie-montreal-rue-florian/1742649305
1740550304,"1,710.00",2.5 condo neuf a louer Outremont-CAMPUS MIL-tout inclus-Milhaus,City of Montréal,0,1,Condo,0,N/A,https://www.kijiji.ca/v-apartments-condos/ville-de-montreal/2-5-condo-neuf-a-louer-outremont-campus-mil-tout-inclus-milhaus/1740550304
1741594903,"3,420.00",5 1/2 condo neuf à louer 2 sdb Outremont Campus MIL,Montreal,3,2,Apartment,0,N/A,https://www.kijiji.ca/v-apartments-condos/ville-de-montreal/5-1-2-condo-neuf-a-louer-2-sdb-outremont-campus-mil/1741594903
1729790042,"2,330.00",4.5 CONDO à louer VIEUX PORT-VACANT-Domo,City of Montréal,2,2,Condo,0,N/A,https://www.kijiji.ca/v-apartments-condos/ville-de-montreal/4-5-condo-a-louer-vieux-port-vacant-domo/1729790042
1739343206,"1,990.00",4.5 condo appartement a louer Ville Saint Laurent-Leora,City of Montréal,2,1,Apartment,0,N/A,https://www.kijiji.ca/v-apartments-condos/ville-de-montreal/4-5-condo-appartement-a-louer-ville-saint-laurent-leora/1739343206
1741931929,"1,650.00",GRAND 3 1/2 À LOUER  À LAVAL - 1ER OCTOBRE TOUT INCLUS+ GARAGE,Laval,1,1,Condo,1,620,https://www.kijiji.ca/v-apartments-condos/laval-rive-nord/grand-3-1-2-a-louer-a-laval-1er-octobre-tout-inclus-garage/1741931929
1735303442,"1,245.00",3 1/2 Boul. St-Germain 1245$ – Chauffage & Eau Chaude,City of Montréal,1.5,1,Apartment,0,N/A,https://www.kijiji.ca/v-apartments-condos/ville-de-montreal/3-1-2-boul-st-germain-1245-chauffage-eau-chaude/1735303442
1742835555,999.00,"Room near Downtown (UQAM, McGill, Concordia)","Saint-Louis, Montreal",N/A,N/A,N/A,N/A,N/A,https://www.kijiji.ca/v-room-rental-roommate/ville-de-montreal/room-near-downtown-uqam-mcgill-concordia/1742835555
1742835498,700.00,Chambre meublée - Colocation féminine - Métro Crémazie,"Saint-Simon, Montréal",N/A,N/A,N/A,N/A,N/A,https://www.kijiji.ca/v-room-rental-roommate/ville-de-montreal/chambre-meublee-colocation-feminine-metro-cremazie/1742835498
1742834330,"1,955.00",LUXUEUX CONDO 4 1/2+GARAGE LIBRE 1ER SEPTEMBRE,"Saint-Leonard West, Montréal",2,1,Condo,1,800,https://www.kijiji.ca/v-apartments-condos/ville-de-montreal/luxueux-condo-4-1-2-garage-libre-1er-septembre/1742834330
1742835362,720.00,Sunny double room on the plateau - McGill - mid sept ,"Saint-Louis, City of Montréal",N/A,N/A,N/A,N/A,N/A,https://www.kijiji.ca/v-room-rental-roommate/ville-de-montreal/sunny-double-room-on-the-plateau-mcgill-mid-sept/1742835362
1742835353,"1,594.00",Très grand 4 1/2 à louer dès octobre - cession de bail ,"Saint-Vincent-de-Paul, Laval / North Shore",2,1,Apartment,1,900,https://www.kijiji.ca/v-apartments-condos/laval-rive-nord/tres-grand-4-1-2-a-louer-des-octobre-cession-de-bail/1742835353
1742835132,"1,650.00",Prime Côté-Saint-Luc - 3 bedroom upper duplex,"Meadowbrook, Côte Saint-Luc",3,1,Duplex/Triplex,0,1500,https://www.kijiji.ca/v-apartments-condos/ville-de-montreal/prime-cote-saint-luc-3-bedroom-upper-duplex/1742835132
1742835049,"1,150.00",Grand 3 ½ lumineux à louer – Rosemère – Près de la gare,"Rosemère, Laval / North Shore",1,1,Apartment,1,800,https://www.kijiji.ca/v-apartments-condos/laval-rive-nord/grand-3-lumineux-a-louer-rosemere-pres-de-la-gare/1742835049
1742834803,990.00,"Tres beau 2 ½, STUDIO, Montreal-Nord - IMMEDIAT","Sauvé Park, Montreal",0,1.5,Apartment,1,650,https://www.kijiji.ca/v-apartments-condos/ville-de-montreal/tres-beau-2-studio-montreal-nord-immediat/1742834803
1742598579,"1,920.00",4 1/2 Lease Transfer Gay Village,"Gay Village, City of Montréal",2,1,Apartment,0,1000,https://www.kijiji.ca/v-apartments-condos/ville-de-montreal/4-1-2-lease-transfer-gay-village/1742598579
1742834054,"2,665.00",BEAUTIFUL APARTMENT in FRIENDLY BUILDING,"Snowdon, Côte Saint-Luc",2,2,Apartment,1,1150,https://www.kijiji.ca/v-apartments-condos/ville-de-montreal/beautiful-apartment-in-friendly-building/1742834054
1733867846,"1,250.00",Beau 4 1/2 rénové - Ahuntsic Est,"Sault-au-Récollet, Montreal",2,1,Duplex/Triplex,0,800,https://www.kijiji.ca/v-apartments-condos/ville-de-montreal/beau-4-1-2-renove-ahuntsic-est/1733867846
1742833888,"1,486.00",Location appartement 3 1/2 Laval,"Chomedey, Laval",1,1,Apartment,1,645,https://www.kijiji.ca/v-apartments-condos/laval-rive-nord/location-appartement-3-1-2-laval/1742833888
1734909997,"1,695.00","1 Month FREE!- 1 mois gratuits !Beau 41/2, reno, securemetro,","Snowdon, Montréal",2,1,Apartment,0,1026,https://www.kijiji.ca/v-apartments-condos/ville-de-montreal/1-month-free-1-mois-gratuits-beau-41-2-reno-securemetro/1734909997
1742833649,850.00,cession de bail ,"Ottawa Park, City of Montréal",1,1,Apartment,1,N/A,https://www.kijiji.ca/v-apartments-condos/ville-de-montreal/cession-de-bail/1742833649
1742833565,"1,350.00",1 Bed 1 Bath Apartment,"Milton-Parc, City of Montréal",1,1,Apartment,1,N/A,https://www.kijiji.ca/v-apartments-condos/ville-de-montreal/1-bed-1-bath-apartment/1742833565
1737523636,"1,900.00",The Onyx Apartments - 1 Bedroom available Montreal,Montréal,1,1,Apartment,0,638,https://www.kijiji.ca/v-apartments-condos/ville-de-montreal/the-onyx-apartments-1-bedroom-available-montreal/1737523636
1664540862,"1,880.00",Appartements haut de gamme à Griffintown - 370 rue des Seigneurs,City of Montréal,1,1,Apartment,0,N/A,https://www.kijiji.ca/v-apartments-condos/ville-de-montreal/appartements-haut-de-gamme-a-griffintown-370-rue-des-seigneurs/1664540862
1742833290,979.00,ile des soeur,"Nuns' Island, City of Montréal",0,1,Apartment,1,10,https://www.kijiji.ca/v-apartments-condos/ville-de-montreal/ile-des-soeur/1742833290
1740042064,600.00,Room for rent available August 1,"Fatima, Longueuil / South Shore",N/A,N/A,N/A,N/A,N/A,https://www.kijiji.ca/v-room-rental-roommate/longueuil-rive-sud/room-for-rent-available-august-1/1740042064
1742833221,800.00,Chambre à louer,"Viauville, City of Montréal",N/A,N/A,N/A,N/A,N/A,https://www.kijiji.ca/v-room-rental-roommate/ville-de-montreal/chambre-a-louer/1742833221
1739126063,"1,900.00",Rosemont Location 1 mois et plus toute inclus!,"Old Rosemont, Montréal",N/A,N/A,N/A,N/A,N/A,https://www.kijiji.ca/v-short-term-rental/ville-de-montreal/rosemont-location-1-mois-et-plus-toute-inclus/1739126063
1739573695,"2,495.00",Large Furnished 2-BR With View - Grand Meublé 2 Chambres + Vue,"Golden Square Mile, Montréal",N/A,N/A,N/A,N/A,N/A,https://www.kijiji.ca/v-short-term-rental/ville-de-montreal/large-furnished-2-br-with-view-grand-meuble-2-chambres-vue/1739573695
1742833071,Please Contact,Chambre à louer Rosemont la petite patrie,"Étienne Desmarteaux, Montréal",N/A,N/A,N/A,N/A,N/A,https://www.kijiji.ca/v-room-rental-roommate/ville-de-montreal/chambre-a-louer-rosemont-la-petite-patrie/1742833071
1741402443,"1,095.00",Place Du Boulevard Apartments - Bachelor available for Rent,City of Montréal,0,1,Apartment,0,396,https://www.kijiji.ca/v-apartments-condos/ville-de-montreal/place-du-boulevard-apartments-bachelor-available-for-rent/1741402443
1742832767,"1,610.00",Appartement 4 1/2 à Longueuil,"Sacré-Coeur, Longueuil / South Shore",2,1,Apartment,1,800,https://www.kijiji.ca/v-apartments-condos/longueuil-rive-sud/appartement-4-1-2-a-longueuil/1742832767
1742832517,"1,280.00","1 280 $ Appart Plateau 3 1/2 meublé, chauffé, wifi, tout inclus","De Lorimier, Montréal",N/A,N/A,N/A,N/A,N/A,https://www.kijiji.ca/v-short-term-rental/ville-de-montreal/1-280-appart-plateau-3-1-2-meuble-chauffe-wifi-tout-inclus/1742832517
1741840718,"3,195.00","Pointe-Claire Townhouse — Move In Today, 1 Month Free!","Valois, Pointe-Claire",3,3.5,Townhouse,2,1500,https://www.kijiji.ca/v-apartments-condos/ville-de-montreal/pointe-claire-townhouse-move-in-today-1-month-free/1741840718
1708207403,"2,005.00","2 Bedroom available at 3980 Boulevard Saint-Elzéar O, Laval",Laval,2,1,Apartment,0,1327,https://www.kijiji.ca/v-apartments-condos/laval-rive-nord/2-bedroom-available-at-3980-boulevard-saint-elzear-o-laval/1708207403
1742831914,"2,400.00","3 chambres,WIFI,meublé,chauffé,éclairé,Métro Joliette, terrasse ","Hochelaga-Maisonneuve, City of Montréal",3,2,Duplex/Triplex,0,1152,https://www.kijiji.ca/v-apartments-condos/ville-de-montreal/3-chambres-wifi-meuble-chauffe-eclaire-metro-joliette-terrasse/1742831914
1742165726,"1,625.00",Grand 5 1/2 dans HOMA,"Hochelaga-Maisonneuve, Montréal",3,1,Apartment,0,10,https://www.kijiji.ca/v-apartments-condos/ville-de-montreal/grand-5-1-2-dans-homa/1742165726
1742628734,"1,224.00",Appartement 1 chambre (3½) - Île-des-Sœurs - 1er Oct,"Nuns' Island, Montreal",1,1,Apartment,0,600,https://www.kijiji.ca/v-apartments-condos/ville-de-montreal/appartement-1-chambre-3-ile-des-soeurs-1er-oct/1742628734
1742831078,950.00,"Studio près du Métro Sherbrooke, Carré Saint-Louis","Saint-Louis, Montreal",0,1,Apartment,0,300,https://www.kijiji.ca/v-apartments-condos/ville-de-montreal/studio-pres-du-metro-sherbrooke-carre-saint-louis/1742831078
1742831661,650.00,COLOC ETUDIANTE FRANCE MTL UdeM HEC POLY  tout inclu $650,"Côte-des-Neiges, Montréal",N/A,N/A,N/A,N/A,N/A,https://www.kijiji.ca/v-room-rental-roommate/ville-de-montreal/coloc-etudiante-france-mtl-udem-hec-poly-tout-inclu-650/1742831661
1739321222,"1,350.00",4 1/2 for Rent,"Côte-des-Neiges, City of Montréal",4,1,Apartment,0,800,https://www.kijiji.ca/v-apartments-condos/ville-de-montreal/4-1-2-for-rent/1739321222
1718180410,"1,650.00",The Olympic Village - 2 Bedroom available at 5199 Sherbrooke Est,Montréal,2,1,Apartment,0,840,https://www.kijiji.ca/v-apartments-condos/ville-de-montreal/the-olympic-village-2-bedroom-available-at-5199-sherbrooke-est/1718180410
1741832850,985.00,2 1/2 (studio) - Apartment (CDN-NDG) - $985/mo,"Notre-Dame-de-Grâce, Montreal",0,1,Apartment,0,450,https://www.kijiji.ca/v-apartments-condos/ville-de-montreal/2-1-2-studio-apartment-cdn-ndg-985-mo/1741832850
1740309882,"1,675.00",Appartement 5 1/2 à louer,"Saint-François d'Assise, Montréal",3,1,Apartment,0,893,https://www.kijiji.ca/v-apartments-condos/ville-de-montreal/appartement-5-1-2-a-louer/1740309882
1740311076,"1,190.00",Appartement Studio à louer,"Saint-François d'Assise, Montréal",0,1,Apartment,0,325,https://www.kijiji.ca/v-apartments-condos/ville-de-montreal/appartement-studio-a-louer/1740311076
1739550313,"1,250.00",Logement 3 1/2 à louer Mercier Hochelaga Montréal 1350$,"HoMa South, Montréal",1,1,Apartment,0,540,https://www.kijiji.ca/v-apartments-condos/ville-de-montreal/logement-3-1-2-a-louer-mercier-hochelaga-montreal-1350/1739550313
1742830910,"1,350.00",4 1/2 fabreville laval  ,"Fabreville, Laval / North Shore",2,1.5,Apartment,1,900,https://www.kijiji.ca/v-apartments-condos/laval-rive-nord/4-1-2-fabreville-laval/1742830910
1742830673,965.00,appartement ,"Milton-Parc, City of Montréal",1,1,Apartment,0,500,https://www.kijiji.ca/v-apartments-condos/ville-de-montreal/appartement/1742830673
1742356527,"1,400.00",COMMERCIAL SPACE FOR RENT,"Youville, City of Montréal",N/A,N/A,N/A,N/A,N/A,https://www.kijiji.ca/v-commercial-office-space/ville-de-montreal/commercial-space-for-rent/1742356527
1742826356,"1,450.00",Chauffé grand 3 1/2 dans le Plateau Mont-Royal,"De Lorimier, Montréal",1,1,Apartment,0,600,https://www.kijiji.ca/v-apartments-condos/ville-de-montreal/chauffe-grand-3-1-2-dans-le-plateau-mont-royal/1742826356
1742826303,750.00,room for rent ville emard 750 all inclusive,"Ville-Émard, Montreal",N/A,N/A,N/A,N/A,N/A,https://www.kijiji.ca/v-room-rental-roommate/ville-de-montreal/room-for-rent-ville-emard-750-all-inclusive/1742826303
1742826186,"1,350.00","Bright 2 Bedroom Apt for Rent – $1,350 – 8535 Av. Bloomfield","Parc-Extension, Montreal",2,1,Apartment,0,950,https://www.kijiji.ca/v-apartments-condos/ville-de-montreal/bright-2-bedroom-apt-for-rent-1-350-8535-av-bloomfield/1742826186
1742825903,"2,050.00",downtown studio for sublease,"Lucien L'Allier, City of Montréal",N/A,N/A,N/A,N/A,N/A,https://www.kijiji.ca/v-short-term-rental/ville-de-montreal/downtown-studio-for-sublease/1742825903
1740357488,"1,220.00","Grand 1.5,  tout compris, superbe vue de Montréal Apartment for ",Montréal,0,1,Apartment,0,N/A,https://www.kijiji.ca/v-apartments-condos/ville-de-montreal/grand-1-5-tout-compris-superbe-vue-de-montreal-apartment-for/1740357488
1742239102,"1,850.00",Grand 4.5 Apartment for Rent - 1010 Cherrier,"Parc-Lafontaine, Montréal",2,1,Apartment,0,N/A,https://www.kijiji.ca/v-apartments-condos/ville-de-montreal/grand-4-5-apartment-for-rent-1010-cherrier/1742239102
1742825805,"1,650.00",Appartement à louer,"Ville-Émard, Montréal",3,1,Apartment,0,700,https://www.kijiji.ca/v-apartments-condos/ville-de-montreal/appartement-a-louer/1742825805
1742825479,"1,900.00",A louer 5 1/2  Verdun ouest,"Desmarchais-Crawford, Montréal",3,1,Duplex/Triplex,0,1008,https://www.kijiji.ca/v-apartments-condos/ville-de-montreal/a-louer-5-1-2-verdun-ouest/1742825479
1742825248,"1,400.00",Logement neuf à louer - Animaux acceptés,"Rivière-Beaudette, Rivière-Beaudette",2,1,Apartment,1,950,https://www.kijiji.ca/v-apartments-condos/ouest-de-lile-qc/logement-neuf-a-louer-animaux-acceptes/1742825248
1741104437,"2,200.00",LUXUEUX 5 1/2 À LOUER À MONTRÉAL-NORD,"Ottawa Park, Montréal",3,1,Apartment,1,1245,https://www.kijiji.ca/v-apartments-condos/ville-de-montreal/luxueux-5-1-2-a-louer-a-montreal-nord/1741104437
1742825238,"1,650.00",Downtown 1 Bedroom Condo,"Concordia University, City of Montréal",1,1,Condo,0,485,https://www.kijiji.ca/v-apartments-condos/ville-de-montreal/downtown-1-bedroom-condo/1742825238
1741102800,"2,100.00",LUXUEUX 4 1 /2 À LOUER À MONTRÉAL-NORD,"Ottawa Park, Montréal",2,1,Apartment,1,1245,https://www.kijiji.ca/v-apartments-condos/ville-de-montreal/luxueux-4-1-2-a-louer-a-montreal-nord/1741102800
1742825168,700.00,One bedroom in a shared apartment in LaSalle,"Cavelier Park, Montreal",N/A,N/A,N/A,N/A,N/A,https://www.kijiji.ca/v-room-rental-roommate/ville-de-montreal/one-bedroom-in-a-shared-apartment-in-lasalle/1742825168
1741831424,"2,220.00",4 1/2 - RABAIS 15%  le mois de Septembre!,"Little Burgundy, Montréal",2,1,Condo,1,980,https://www.kijiji.ca/v-apartments-condos/ville-de-montreal/4-1-2-rabais-15-le-mois-de-septembre/1741831424
1742825015,"1,500.00","Condo 3 1/2 on two floors w/balcony, private terrace and parking","Centre-Sud, Montreal",1,1,Condo,1,800,https://www.kijiji.ca/v-apartments-condos/ville-de-montreal/condo-3-1-2-on-two-floors-w-balcony-private-terrace-and-parking/1742825015
1741682841,"1,450.00",5 1 /2  À DEUX ÉTAGES À LOUER À MONTRÉAL,"Mercier-Est / Tétreaultville, Montréal",3,1,Apartment,0,1200,https://www.kijiji.ca/v-apartments-condos/ville-de-montreal/5-1-2-a-deux-etages-a-louer-a-montreal/1741682841
1742824876,500.00,Chambre Près du Métro Honoré Beaugrand,"Mercier-Est / Tétreaultville, City of Montréal",N/A,N/A,N/A,N/A,N/A,https://www.kijiji.ca/v-room-rental-roommate/ville-de-montreal/chambre-pres-du-metro-honore-beaugrand/1742824876
1742773862,"1,850.00",LUXUEUX 4  1 /2 À LOUER À MONTRÉAL,"Bellerive, Montréal",2,2,Apartment,1,1250,https://www.kijiji.ca/v-apartments-condos/ville-de-montreal/luxueux-4-1-2-a-louer-a-montreal/1742773862
1740239647,"1,371.00","3 1/2,1,chambre, a louer, for rent,  St-Leonard, imm. neuf",St-Léonard,1,1,Condo,0,N/A,https://www.kijiji.ca/v-apartments-condos/ville-de-montreal/3-1-2-1-chambre-a-louer-for-rent-st-leonard-imm-neuf/1740239647
1742824593,"1,850.00",Luxury Furnished 1-Bedroom | Atwater/Downtown | Available Oct. 1,"Shaughnessy Village, City of Montréal",1,1,Condo,0,560,https://www.kijiji.ca/v-apartments-condos/ville-de-montreal/luxury-furnished-1-bedroom-atwater-downtown-available-oct-1/1742824593
1742824368,800.00,Waterfront View: Room for Rent in Shared Housing - Chomedey,"Chomedey, Laval",N/A,N/A,N/A,N/A,N/A,https://www.kijiji.ca/v-room-rental-roommate/laval-rive-nord/waterfront-view:-room-for-rent-in-shared-housing-chomedey/1742824368
1742824317,"1,080.00",4 1/2 Pointes-Aux-Trembles P.A.T. Disponible Septembre 2026,"Port de Montreal - Montreal East terminal, Montréal-Est",2,1,Apartment,1,650,https://www.kijiji.ca/v-apartments-condos/ville-de-montreal/4-1-2-pointes-aux-trembles-p-a-t-disponible-septembre-2026/1742824317
1742824166,"1,440.00",Logement 4 1/2 Ahuntsic Cartierville,"Youville, Montréal",2,1,Duplex/Triplex,0,750,https://www.kijiji.ca/v-apartments-condos/ville-de-montreal/logement-4-1-2-ahuntsic-cartierville/1742824166
1742823734,Please Contact,Stationnement privé extérieur à louer H1W3P8,"Hochelaga-Maisonneuve, City of Montréal",N/A,N/A,N/A,N/A,N/A,https://www.kijiji.ca/v-storage-parking/ville-de-montreal/stationnement-prive-exterieur-a-louer-h1w3p8/1742823734
1742823070,"1,950.00",Laval 4½ Apartment for Rent | Furnished | Parking Included,"Laval-des-Rapides, Laval",2,1,Apartment,1,860,https://www.kijiji.ca/v-apartments-condos/laval-rive-nord/laval-4-apartment-for-rent-furnished-parking-included/1742823070
1742822493,"1,400.00",Cozy 1 bedroom apartment for rent all inclusive,"Hochelaga-Maisonneuve, City of Montréal",N/A,N/A,N/A,N/A,N/A,https://www.kijiji.ca/v-short-term-rental/ville-de-montreal/cozy-1-bedroom-apartment-for-rent-all-inclusive/1742822493
1734290573,"1,495.00","41/2 4.5, 2,chambres,bedrooms,louer,st-bruno",Saint-Bruno-de-Montarville,2,1,Apartment,0,N/A,https://www.kijiji.ca/v-apartments-condos/longueuil-rive-sud/41-2-4-5-2-chambres-bedrooms-louer-st-bruno/1734290573
1742830628,"1,590.00",2 bedroom in anjou furnished ,"Lucie-Bruneau Park, City of Montréal",4.5,1,Apartment,0,600,https://www.kijiji.ca/v-apartments-condos/ville-de-montreal/2-bedroom-in-anjou-furnished/1742830628
1742830612,"1,200.00",TRES GRAND 4 ET DEMI ,"Lacordaire Park, City of Montréal",2,1,Apartment,0,100,https://www.kijiji.ca/v-apartments-condos/ville-de-montreal/tres-grand-4-et-demi/1742830612
1742830152,850.00,Rooms fully furnished near metro station for rent,"Snowdon, Montreal",N/A,N/A,N/A,N/A,N/A,https://www.kijiji.ca/v-room-rental-roommate/ville-de-montreal/rooms-fully-furnished-near-metro-station-for-rent/1742830152
1741402430,"1,590.00","2 Bedroom available at 455 Racine Avenue, Dorval Apartment",West Island,2,1,Apartment,0,1000,https://www.kijiji.ca/v-apartments-condos/ouest-de-lile-qc/2-bedroom-available-at-455-racine-avenue-dorval-apartment/1741402430
1733844234,"1,350.00","1 Bedroom available at 455 Racine Avenue, Dorval Apt",Dorval,1,1,Apartment,0,650,https://www.kijiji.ca/v-apartments-condos/ouest-de-lile-qc/1-bedroom-available-at-455-racine-avenue-dorval-apt/1733844234
1742829967,"1,399.00","Condo haute gamme 3 1/2 830p.ca, MEUBLÉ à louer, avec garage","Saint-Lambert, Saint-Lambert",1,1,Condo,1,830,https://www.kijiji.ca/v-apartments-condos/longueuil-rive-sud/condo-haute-gamme-3-1-2-830p-ca-meuble-a-louer-avec-garage/1742829967
1742829952,"1,905.00",4 1/2 Stationnement inclus,"Côte-des-Neiges, City of Montréal",2,1,Apartment,1,860,https://www.kijiji.ca/v-apartments-condos/ville-de-montreal/4-1-2-stationnement-inclus/1742829952
1742359620,"2,180.00",4 Bedroom Downtown (Atwater metro Sept.,"Shaughnessy Village, Montreal",4,1,Apartment,0,1600,https://www.kijiji.ca/v-apartments-condos/ville-de-montreal/4-bedroom-downtown-atwater-metro-sept/1742359620
1741281646,"1,795.00",Superb Very Bright and Freshly Renovated 4½ in Longueuil. ,"Notre-Dame-de-la-Garde, Longueuil / South Shore",2,1,Apartment,1,800,https://www.kijiji.ca/v-apartments-condos/longueuil-rive-sud/superb-very-bright-and-freshly-renovated-4-in-longueuil/1741281646
1742829685,"4,200.00",A louer Belle maison meublée 3 grandes chambres Ville Marie,"Gay Village, Montréal",5,2,House,0,2200,https://www.kijiji.ca/v-apartments-condos/ville-de-montreal/a-louer-belle-maison-meublee-3-grandes-chambres-ville-marie/1742829685
1742829566,540.00,chambre a louer  ,"Chomedey, Laval / North Shore",N/A,N/A,N/A,N/A,N/A,https://www.kijiji.ca/v-room-rental-roommate/laval-rive-nord/chambre-a-louer/1742829566
1632778681,"2,290.00",5 1/2 Southwest One -West Island,West Island,3,2,Apartment,0,N/A,https://www.kijiji.ca/v-apartments-condos/ouest-de-lile-qc/5-1-2-southwest-one-west-island/1632778681
1717833080,"1,735.00",4 1/2 Bright & Spacious *SOUTHWEST ONE in West Island Montreal,West Island,2,1,Apartment,0,N/A,https://www.kijiji.ca/v-apartments-condos/ouest-de-lile-qc/4-1-2-bright-spacious-southwest-one-in-west-island-montreal/1717833080
1742407204,"1,550.00",Appartement meublé de 550 pi2 sur le Plateau,"La Petite-Patrie, Rosemont—La Petite-Patrie",0,1,Apartment,0,500,https://www.kijiji.ca/v-apartments-condos/ville-de-montreal/appartement-meuble-de-550-pi2-sur-le-plateau/1742407204
1742822313,410.00,Private room for rent (male only),"Côte-des-Neiges, City of Montréal",3,1,Apartment,0,110,https://www.kijiji.ca/v-apartments-condos/ville-de-montreal/private-room-for-rent-male-only/1742822313
1741692327,"1,200.00","Studio 2 & 1/2 meublé, tout compris","Saint-Sulpice, City of Montréal",N/A,N/A,N/A,N/A,N/A,https://www.kijiji.ca/v-short-term-rental/ville-de-montreal/studio-2-1-2-meuble-tout-compris/1741692327
1742588466,"1,300.00",condo à louer,"Mercier-Ouest / Longue-Pointe, City of Montréal",N/A,N/A,N/A,N/A,N/A,https://www.kijiji.ca/v-short-term-rental/ville-de-montreal/condo-a-louer/1742588466
1739322893,2.00,Espace extérieur à louer industriel lourd,"Mirabel, Mirabel",N/A,N/A,N/A,N/A,N/A,https://www.kijiji.ca/v-commercial-office-space/laval-rive-nord/espace-exterieur-a-louer-industriel-lourd/1739322893
1729170589,"1,460.00",La perfection existe : 3 1/2 metro Laurier à partir de 1460.00,"Mile End, City of Montréal",1,1,Apartment,0,600,https://www.kijiji.ca/v-apartments-condos/ville-de-montreal/la-perfection-existe-:-3-1-2-metro-laurier-a-partir-de-1460-00/1729170589
1742821790,"1,200.00",Appartement  4 et demi,"Saint-Marc-sur-Richelieu, Longueuil / South Shore",2,1,Apartment,2,800,https://www.kijiji.ca/v-apartments-condos/longueuil-rive-sud/appartement-4-et-demi/1742821790
1741528447,"1,150.00",Style Condo Montréal-Nord 4½ rénové avec eau chaude inclus,"Bourassa, Montreal",2,1,Apartment,0,775,https://www.kijiji.ca/v-apartments-condos/ville-de-montreal/style-condo-montreal-nord-4-renove-avec-eau-chaude-inclus/1741528447
1742683979,"1,995.00",5 ½ - CHAUFFER + ACCESSOIRES INCLUS  – HEATED & ADDED ACCESSORIE,"Thorndale, Pierrefonds-Roxboro",3,1,Apartment,1,950,https://www.kijiji.ca/v-apartments-condos/ouest-de-lile-qc/5-chauffer-accessoires-inclus-heated-added-accessorie/1742683979
1742821444,Please Contact,RECHERCHE GRAND STUDIO OU 3 1/2 À MONTRÉAL - OCTOBRE/NOVEMBRE,"Snowdon, Montreal",1,1,Apartment,0,100,https://www.kijiji.ca/v-apartments-condos/ville-de-montreal/recherche-grand-studio-ou-3-1-2-a-montreal-octobre-novembre/1742821444
1742821344,"1,000.00",grand 3 12 haut triplex pour 15 septembre,"Pilon Park, Montréal-Nord",1,1,Duplex/Triplex,0,580,https://www.kijiji.ca/v-apartments-condos/ville-de-montreal/grand-3-12-haut-triplex-pour-15-septembre/1742821344
1742821284,"1,595.00","lumineux situé au 2e étage, quartier st michel, garage","Sauvé Park, Montreal",2,1,Apartment,2,750,https://www.kijiji.ca/v-apartments-condos/ville-de-montreal/lumineux-situe-au-2e-etage-quartier-st-michel-garage/1742821284
1742821076,Please Contact,Chambre à louer tout inclus/ room to rent all inclusive!,"Hochelaga-Maisonneuve, Hochelaga",N/A,N/A,N/A,N/A,N/A,https://www.kijiji.ca/v-room-rental-roommate/ville-de-montreal/chambre-a-louer-tout-inclus-room-to-rent-all-inclusive/1742821076
1739809852,"1,275.00",Magnifique appartement 3½ rénové – Métros Jean Talon et Fabre!,"Villeray, City of Montréal",1,1,Apartment,0,550,https://www.kijiji.ca/v-apartments-condos/ville-de-montreal/magnifique-appartement-3-renove-metros-jean-talon-et-fabre/1739809852
1742829074,700.00,"Chambre meublée non-fum. 1 coloc-700$-métro, plaza,2 parcs","Ville-Émard, Montreal",N/A,N/A,N/A,N/A,N/A,https://www.kijiji.ca/v-room-rental-roommate/ville-de-montreal/chambre-meublee-non-fum-1-coloc-700-metro-plaza-2-parcs/1742829074
1742699197,"1,750.00",4 1/2 à louer pour le 20 septembre - Métro Beaubien,"Ahuntsic, Montréal",2,1.5,Apartment,0,900,https://www.kijiji.ca/v-apartments-condos/ville-de-montreal/4-1-2-a-louer-pour-le-20-septembre-metro-beaubien/1742699197
1742828864,"1,860.00",Appartement 4 1/2 Beloeil,"Beloeil, Longueuil / South Shore",2,1,Apartment,0,1120,https://www.kijiji.ca/v-apartments-condos/longueuil-rive-sud/appartement-4-1-2-beloeil/1742828864
1742828633,"1,700.00",URGEN1Septembre-Luxueux condo tout meublé & Tout inclus+Internet,"Quartier-des-Spectacles, Montreal",0,1,Condo,0,400,https://www.kijiji.ca/v-apartments-condos/ville-de-montreal/urgen1septembre-luxueux-condo-tout-meuble-tout-inclus-internet/1742828633
1739424545,"1,547.00",2540 Rue Maurice-Savoie & Ch. Du Tremblay | Appelez nous !,Longueuil,1.5,1,Apartment,0,N/A,https://www.kijiji.ca/v-apartments-condos/longueuil-rive-sud/2540-rue-maurice-savoie-ch-du-tremblay-appelez-nous/1739424545
1739424553,"1,530.00",Rue Maurice-Savoie & Ch. Du Tremblay | Appelez nous!,Longueuil,1,1,Apartment,0,N/A,https://www.kijiji.ca/v-apartments-condos/longueuil-rive-sud/rue-maurice-savoie-ch-du-tremblay-appelez-nous/1739424553
1739424542,"1,390.00",Blvd. Armand-Frappier & Rue Murano | Appelez nous!,Sainte-Julie,1.5,1,Apartment,0,N/A,https://www.kijiji.ca/v-apartments-condos/longueuil-rive-sud/blvd-armand-frappier-rue-murano-appelez-nous/1739424542
1742828557,"2,150.00","LOGEMENT 5 1/2 NEUF,LUMINEUX ET MODERNE!","Saint-Michel, Montréal",3,1,Apartment,0,980,https://www.kijiji.ca/v-apartments-condos/ville-de-montreal/logement-5-1-2-neuf-lumineux-et-moderne/1742828557
1742828533,"1,090.00",3 1/2 near metro station fully furnished for rent,"Snowdon, Montreal",1,1,Apartment,1,600,https://www.kijiji.ca/v-apartments-condos/ville-de-montreal/3-1-2-near-metro-station-fully-furnished-for-rent/1742828533
1742826311,"2,695.00",Maison 2016 à louer 3 cac Plateau-Mont-Royal - LIBRE,"De Lorimier, Montréal Plateau-Mont-Royal",3,2,House,1,1332,https://www.kijiji.ca/v-apartments-condos/ville-de-montreal/maison-2016-a-louer-3-cac-plateau-mont-royal-libre/1742826311
1742828322,"1,450.00",VAUDREUIL-DORION 4-1/2 - 2 BEDROOM / 2 CAC -  RENOVEE $1400,"Vaudreuil-Dorion, Vaudreuil-Dorion",2.5,1,Apartment,2,1000,https://www.kijiji.ca/v-apartments-condos/ouest-de-lile-qc/vaudreuil-dorion-4-1-2-2-bedroom-2-cac-renovee-1400/1742828322
1742828221,"3,600.00",COMMERCIAL SPACE FOR LEASE – AVENUE DU PARC,"Mile End, Montreal",N/A,N/A,N/A,N/A,N/A,https://www.kijiji.ca/v-commercial-office-space/ville-de-montreal/commercial-space-for-lease-avenue-du-parc/1742828221
1742828132,"1,800.00",Apartment for rent downtown Montreal,"Concordia University, City of Montréal",2,1,Apartment,0,500,https://www.kijiji.ca/v-apartments-condos/ville-de-montreal/apartment-for-rent-downtown-montreal/1742828132
1741288161,"1,850.00",5 1/2 à louer pour le 1er septembre - Ahuntsic (métro Sauvé),"Ahuntsic, Montréal",3,1,Apartment,0,1100,https://www.kijiji.ca/v-apartments-condos/ville-de-montreal/5-1-2-a-louer-pour-le-1er-septembre-ahuntsic-metro-sauve/1741288161
1742820713,"1,475.00",Great 4.5 In Ville D Anjou ,"Lucie-Bruneau Park, City of Montréal",2,1,Apartment,0,1200,https://www.kijiji.ca/v-apartments-condos/ville-de-montreal/great-4-5-in-ville-d-anjou/1742820713
1742827871,"1,600.00",Appartement 3-1/2 à louer,"Eastern Junction, City of Montréal",1,1,Apartment,0,700,https://www.kijiji.ca/v-apartments-condos/ville-de-montreal/appartement-3-1-2-a-louer/1742827871
1742827204,"1,395.00","3,5 a louer a Longueuil","Bellerive, Longueuil / South Shore",1,1,Apartment,1,600,https://www.kijiji.ca/v-apartments-condos/longueuil-rive-sud/3-5-a-louer-a-longueuil/1742827204
1740299220,985.00,Appartement 1 chambre et 1 salle de bain,"Youville, Montréal",1,1,Apartment,0,750,https://www.kijiji.ca/v-apartments-condos/ville-de-montreal/appartement-1-chambre-et-1-salle-de-bain/1740299220
1742827605,"1,600.00",4 1/2  Deux chambres Fermer Coeur du Plateau / Mile End,"Saint-Louis, Montreal",2,1,Apartment,0,850,https://www.kijiji.ca/v-apartments-condos/ville-de-montreal/4-1-2-deux-chambres-fermer-coeur-du-plateau-mile-end/1742827605
1742827320,"1,750.00",Condo 3½ meublé / Fully furnished Condo,"Quartier-des-Spectacles, Montreal",1,1,Condo,0,650,https://www.kijiji.ca/v-apartments-condos/ville-de-montreal/condo-3-meuble-fully-furnished-condo/1742827320
1742827276,"1,100.00",Downtown Verdun,"Verdun, Montreal",1.5,1,Apartment,0,N/A,https://www.kijiji.ca/v-apartments-condos/ville-de-montreal/downtown-verdun/1742827276
1742827236,"1,950.00",5 1/2 Pointe aux trembles LIBRE MTN,"Pointe-aux-Trembles South, City of Montréal",3,1,Apartment,0,900,https://www.kijiji.ca/v-apartments-condos/ville-de-montreal/5-1-2-pointe-aux-trembles-libre-mtn/1742827236
1739169177,"1,400.00",4 1/2 St-Leonard ,"Saint-Leonard East, City of Montréal",2,1,Apartment,0,950,https://www.kijiji.ca/v-apartments-condos/ville-de-montreal/4-1-2-st-leonard/1739169177
1741280887,"1,795.00",Superbe 4 ½ très lumineux et fraîchement rénové à Longueuil. ,"Laflèche, Longueuil / South Shore",2,1,Apartment,1,800,https://www.kijiji.ca/v-apartments-condos/longueuil-rive-sud/superbe-4-tres-lumineux-et-fraichement-renove-a-longueuil/1741280887
1742827014,"1,795.00",5 1/2 À Louer (Janvier 2027),"Saint-Zotique, Saint-Zotique",3,2,Apartment,2,1488,https://www.kijiji.ca/v-apartments-condos/ouest-de-lile-qc/5-1-2-a-louer-janvier-2027/1742827014
1742826657,"1,175.00",Grand logement ensoleillé près du métro Jolicoeur,"Côte-Saint-Paul, Montréal",1,1,Apartment,0,600,https://www.kijiji.ca/v-apartments-condos/ville-de-montreal/grand-logement-ensoleille-pres-du-metro-jolicoeur/1742826657
1734991270,"1,400.00",Magnifique appartement à louer à Monkland,"Notre-Dame-de-Grâce, Montreal",1,1,Apartment,0,701,https://www.kijiji.ca/v-apartments-condos/ville-de-montreal/magnifique-appartement-a-louer-a-monkland/1734991270
1739995516,"1,700.00",Appartement 2 chambres 1 salle de bain proche rue Ontario,"Hochelaga-Maisonneuve, Montréal",2,1,Condo,1,750,https://www.kijiji.ca/v-apartments-condos/ville-de-montreal/appartement-2-chambres-1-salle-de-bain-proche-rue-ontario/1739995516
1742820778,"2,450.00",Sunny Mile-End 3 Bedroom Apartment,"Mile End, Montreal",3.5,1,Apartment,0,45,https://www.kijiji.ca/v-apartments-condos/ville-de-montreal/sunny-mile-end-3-bedroom-apartment/1742820778
1742820083,640.00,CHAMBRE À LOUER À POINTE AUX TREMBLES,"Pointe-aux-Trembles South, Montréal",N/A,N/A,N/A,N/A,N/A,https://www.kijiji.ca/v-room-rental-roommate/ville-de-montreal/chambre-a-louer-a-pointe-aux-trembles/1742820083
1742819475,"1,350.00","renovated 1 bedroom, A/C, big terrace, Metro Eglise, Verdun","Verdun, Montréal",1,1,Apartment,0,500,https://www.kijiji.ca/v-apartments-condos/ville-de-montreal/renovated-1-bedroom-a-c-big-terrace-metro-eglise-verdun/1742819475
1742819310,"1,600.00",SUPERBE CONDO 4 1/2 FAUBOUG BOISBRIAND DISP DÈS LE 1er SEPTEMBRE,"Boisbriand, Boisbriand",2,1,Condo,2,925,https://www.kijiji.ca/v-apartments-condos/laval-rive-nord/superbe-condo-4-1-2-fauboug-boisbriand-disp-des-le-1er-septembre/1742819310
1742818700,775.00,"chambre en colocation, MEUBLÉ+CHAUFFÉ+WIFI+ÉLECTRICITÉ","Villeray, Villeray—Saint-Michel—Parc-Extension",N/A,N/A,N/A,N/A,N/A,https://www.kijiji.ca/v-room-rental-roommate/ville-de-montreal/chambre-en-colocation-meuble-chauffe-wifi-electricite/1742818700
1740826273,"2,000.00",4.5 BLAINVILE CHAMBERY GARAGE SEPTEMBRE,"Blainville, Blainville",2,2,Apartment,2,980,https://www.kijiji.ca/v-apartments-condos/laval-rive-nord/4-5-blainvile-chambery-garage-septembre/1740826273
1741653304,400.00,BUREAU  COMMERCIAL MÉTRO ST MICHEL DISPONIBLE,"Saint-Michel, Montréal",N/A,N/A,N/A,N/A,N/A,https://www.kijiji.ca/v-commercial-office-space/ville-de-montreal/bureau-commercial-metro-st-michel-disponible/1741653304
1742681333,300.00,Bureau à louer - Office space for rent | Hochelaga | Montreal,"Hochelaga-Maisonneuve, Montreal",N/A,N/A,N/A,N/A,N/A,https://www.kijiji.ca/v-commercial-office-space/ville-de-montreal/bureau-a-louer-office-space-for-rent-hochelaga-montreal/1742681333
1741545466,"1,483.00",Bureau 493 pi² rénové – 1483.20$/mois – 2120 Sherbrooke E,"Centre-Sud, Montréal",N/A,N/A,N/A,N/A,N/A,https://www.kijiji.ca/v-commercial-office-space/ville-de-montreal/bureau-493-pi-renove-1483-20-mois-2120-sherbrooke-e/1741545466
1730393922,"1,300.00",Très beau 3 1/2 rénové,"Peterborough Park, Montréal",1,1,Apartment,0,600,https://www.kijiji.ca/v-apartments-condos/ville-de-montreal/tres-beau-3-1-2-renove/1730393922
1741545710,640.00,Bureau 200 pi² rénové – 640.02$/mois – 2120 Sherbrooke E,"Centre-Sud, Montréal",N/A,N/A,N/A,N/A,N/A,https://www.kijiji.ca/v-commercial-office-space/ville-de-montreal/bureau-200-pi-renove-640-02-mois-2120-sherbrooke-e/1741545710
1742251985,"1,600.00","Appartement 2 chambres fermées à louer, immédiatement.","Ville-Émard, Montréal",2,1,Apartment,0,1000,https://www.kijiji.ca/v-apartments-condos/ville-de-montreal/appartement-2-chambres-fermees-a-louer-immediatement/1742251985
1736404321,917.00,Loft industriel de 734 p.c. (avec cuisinette)dans Montréal-Nord!,"Charleroi Park, Montréal",N/A,N/A,N/A,N/A,N/A,https://www.kijiji.ca/v-commercial-office-space/ville-de-montreal/loft-industriel-de-734-p-c-avec-cuisinette-dans-montreal-nord/1736404321
1741490152,"1,200.00",4.5 BETON AHUNTSIC E. FACE PARC VISITATION P  CYCLABLE SEPTEMBRE,"Ottawa Park, Montréal",2,1,Apartment,0,700,https://www.kijiji.ca/v-apartments-condos/ville-de-montreal/4-5-beton-ahuntsic-e-face-parc-visitation-p-cyclable-septembre/1741490152
1742818098,725.00,"chambre à louer, INTERNET+ÉLECTRICITÉ+CHAUFFÉ+MEUBLÉ","Villeray, Villeray—Saint-Michel—Parc-Extension",N/A,N/A,N/A,N/A,N/A,https://www.kijiji.ca/v-room-rental-roommate/ville-de-montreal/chambre-a-louer-internet-electricite-chauffe-meuble/1742818098
1739187504,"2,595.00",Large Renovated 3-BR 2 Floors - Grand Rénové 3 Chambres 2 Étages,"Verdun, Montreal",3.5,6,Apartment,0,1700,https://www.kijiji.ca/v-apartments-condos/ville-de-montreal/large-renovated-3-br-2-floors-grand-renove-3-chambres-2-etages/1739187504
1742817464,800.00,1 ½ à louer meublés près de Crémazie!,"Jarry Park, Montréal",0,1,Apartment,0,400,https://www.kijiji.ca/v-apartments-condos/ville-de-montreal/1-a-louer-meubles-pres-de-cremazie/1742817464
1742817505,"2,000.00",À LOUER – Grand 5 ½ rénové à Mercier/Hochelaga-Maisonneuve,"New Rosemont, City of Montréal",3,1,Apartment,0,1150,https://www.kijiji.ca/v-apartments-condos/ville-de-montreal/a-louer-grand-5-renove-a-mercier-hochelaga-maisonneuve/1742817505
1742817455,600.00,chambre a louer 1 er septembre,"Old Longueuil, Longueuil / South Shore",N/A,N/A,N/A,N/A,N/A,https://www.kijiji.ca/v-room-rental-roommate/longueuil-rive-sud/chambre-a-louer-1-er-septembre/1742817455
1742798315,"1,990.00",3 Bedroom Apartment in Plateau-Mont-Royal,"Little Portugal, City of Montréal",3,1,Apartment,0,900,https://www.kijiji.ca/v-apartments-condos/ville-de-montreal/3-bedroom-apartment-in-plateau-mont-royal/1742798315
1742817435,995.00,3 1/2 SUR LA RUE LACORDAIRE A ST-LEONARD,"Rosemont, Montréal",1,1,Apartment,0,800,https://www.kijiji.ca/v-apartments-condos/ville-de-montreal/3-1-2-sur-la-rue-lacordaire-a-st-leonard/1742817435
1742817420,750.00,3 1/2 à louer Shawinigan,"Sauvé Park, Montréal-Nord",1,1,Apartment,1,100,https://www.kijiji.ca/v-apartments-condos/ville-de-montreal/3-1-2-a-louer-shawinigan/1742817420
1742817241,"1,650.00",Logement 4 1/2 à louer dans le quartier rosemont,"Rosemont, Montréal",2,1,Apartment,1,1000,https://www.kijiji.ca/v-apartments-condos/ville-de-montreal/logement-4-1-2-a-louer-dans-le-quartier-rosemont/1742817241
1740249491,"1,050.00","3 ½ à louer à Ahunstic, près de Henri-Bourassa!","Ahuntsic, Montréal",1,1,Apartment,0,600,https://www.kijiji.ca/v-apartments-condos/ville-de-montreal/3-a-louer-a-ahunstic-pres-de-henri-bourassa/1740249491
1734763164,"2,312.00",Local industriel léger à louer dans Villeray!,"Jarry Park, Montréal",N/A,N/A,N/A,N/A,N/A,https://www.kijiji.ca/v-commercial-office-space/ville-de-montreal/local-industriel-leger-a-louer-dans-villeray/1734763164
1730291565,"1,250.00","Petit 4 ½ sur Ave du Parc, près de Van Horne et Bernard!","Mile End, Montréal",2,1,Apartment,0,748,https://www.kijiji.ca/v-apartments-condos/ville-de-montreal/petit-4-sur-ave-du-parc-pres-de-van-horne-et-bernard/1730291565
1742816964,"1,645.00",4 1/2 - 2 chambres - electro et AC inclus - Nouveau Rosemont,"Saint-Leonard West, Montréal",2,1,Apartment,0,1000,https://www.kijiji.ca/v-apartments-condos/ville-de-montreal/4-1-2-2-chambres-electro-et-ac-inclus-nouveau-rosemont/1742816964
1740431299,600.00,Chambre tout inclus 600$ à 5 min Metro St-Michel,"Saint-Michel, City of Montréal",N/A,N/A,N/A,N/A,N/A,https://www.kijiji.ca/v-room-rental-roommate/ville-de-montreal/chambre-tout-inclus-600-a-5-min-metro-st-michel/1740431299
1742816680,575.00,chambre meublée,"Bourassa, City of Montréal",3,1,Apartment,0,1200,https://www.kijiji.ca/v-apartments-condos/ville-de-montreal/chambre-meublee/1742816680
1742816613,"1,500.00","Renovated bright 4.5 apt, metro Sherbrooke,September","Parc-Lafontaine, Montreal",2,1,Apartment,0,750,https://www.kijiji.ca/v-apartments-condos/ville-de-montreal/renovated-bright-4-5-apt-metro-sherbrooke-september/1742816613
1742816310,"1,370.00","4 1/2 St Hubert, terrasse pour BBQ Octobre (1358-1)","Laflèche, Longueuil",2,1,Apartment,1,800,https://www.kijiji.ca/v-apartments-condos/longueuil-rive-sud/4-1-2-st-hubert-terrasse-pour-bbq-octobre-1358-1/1742816310
1741682796,"1,650.00","Magnifique Logement 5 ½ Au 2e, 3 chambres à coucher 1 salle db","Bellerive, Montréal",3,1,Apartment,1,950,https://www.kijiji.ca/v-apartments-condos/ville-de-montreal/magnifique-logement-5-au-2e-3-chambres-a-coucher-1-salle-db/1741682796
1741544260,"1,399.00",Bureau à louer / Office for rent - 2120 Sherbrooke e - 518 pi2,"Centre-Sud, Montréal",N/A,N/A,N/A,N/A,N/A,https://www.kijiji.ca/v-commercial-office-space/ville-de-montreal/bureau-a-louer-office-for-rent-2120-sherbrooke-e-518-pi2/1741544260
1742246996,Please Contact,Apartments for Rent in Pointe-Claire,"Ambassador Park, Pointe-Claire",1,1,Apartment,0,N/A,https://www.kijiji.ca/v-apartments-condos/ville-de-montreal/apartments-for-rent-in-pointe-claire/1742246996
1742218333,"1,725.00",Condo lumineux à louer à Sainte-Julie / secteur vieux village,"Sainte-Julie, Sainte-Julie",2.5,1,Condo,1,920,https://www.kijiji.ca/v-apartments-condos/longueuil-rive-sud/condo-lumineux-a-louer-a-sainte-julie-secteur-vieux-village/1742218333
1742815581,"2,500.00",FURNISHED WATERFRONT 1BDRM ILE DES SOEURS MEUBLE BORD DE L'EAU,"Nuns' Island, Montreal",N/A,N/A,N/A,N/A,N/A,https://www.kijiji.ca/v-short-term-rental/ville-de-montreal/furnished-waterfront-1bdrm-ile-des-soeurs-meuble-bord-de-leau/1742815581
1742815431,"1,585.00",Lease transfer ASAP ….,"Mount Royal Cemetery, Montreal",1,1,Apartment,0,N/A,https://www.kijiji.ca/v-apartments-condos/ville-de-montreal/lease-transfer-asap/1742815431
1738951745,"1,500.00",À LOUER – Magnifique 4 ½ rénové et lumineux | Saint-Léonard (Via,"Saint-Leonard West, Montréal",2,1,Basement,0,1000,https://www.kijiji.ca/v-apartments-condos/ville-de-montreal/a-louer-magnifique-4-renove-et-lumineux-saint-leonard-via/1738951745
1740300945,"4,250.00",Magnifique résidence entièrement rénovée - Ahuntsic,"Ahuntsic, Montreal",4.5,2,House,2,3000,https://www.kijiji.ca/v-apartments-condos/ville-de-montreal/magnifique-residence-entierement-renovee-ahuntsic/1740300945
1742814393,"1,850.00",Appartement 5 1/2 lumineux,"Youville, City of Montréal",3,1,Apartment,0,900,https://www.kijiji.ca/v-apartments-condos/ville-de-montreal/appartement-5-1-2-lumineux/1742814393
1742633673,"1,795.00",Beau Grand 4 1/2 Disponible 1 Septembre 2026,"Cartierville, Montreal",2,1,Apartment,1,N/A,https://www.kijiji.ca/v-apartments-condos/ville-de-montreal/beau-grand-4-1-2-disponible-1-septembre-2026/1742633673
1741824156,"1,440.00","Grand 4 1/2 à louer, 700 mètres du Metro Cartier","Laval-des-Rapides, Laval",2,1,Apartment,0,763,https://www.kijiji.ca/v-apartments-condos/laval-rive-nord/grand-4-1-2-a-louer-700-metres-du-metro-cartier/1741824156
1741238292,690.00,"2 Rooms for rent, 2 chambres  à louer tres bon prix","Jarry Park, Villeray—Saint-Michel—Parc-Extension",N/A,N/A,N/A,N/A,N/A,https://www.kijiji.ca/v-room-rental-roommate/ville-de-montreal/2-rooms-for-rent-2-chambres-a-louer-tres-bon-prix/1741238292
1741610299,"1,350.00","3.5, 1 chambre à louer, for rent, Saint Laurent, St-Laurent, Mtl",Saint-Laurent,0,1,Apartment,0,N/A,https://www.kijiji.ca/v-apartments-condos/ville-de-montreal/3-5-1-chambre-a-louer-for-rent-saint-laurent-st-laurent-mtl/1741610299
1742810517,"1,250.00",3 1/2 dans duplex à loyer-Chomedey,"Chomedey, Laval",1,1,Apartment,1,800,https://www.kijiji.ca/v-apartments-condos/laval-rive-nord/3-1-2-dans-duplex-a-loyer-chomedey/1742810517
1742810431,630.00,Chambre privée au sous-sol sur boulevard Côte-Vertu,"Marcel Laurin Park, Montréal",N/A,N/A,N/A,N/A,N/A,https://www.kijiji.ca/v-short-term-rental/ville-de-montreal/chambre-privee-au-sous-sol-sur-boulevard-cote-vertu/1742810431
1742810177,"1,500.00",Second floor 5 1/2 in Ville Emard,"Côte-Saint-Paul, City of Montréal",2.5,1,Apartment,0,850,https://www.kijiji.ca/v-apartments-condos/ville-de-montreal/second-floor-5-1-2-in-ville-emard/1742810177
1742810070,"1,200.00",Beau 51/2 propre,"Mascouche, Mascouche",3,1,Apartment,1,N/A,https://www.kijiji.ca/v-apartments-condos/laval-rive-nord/beau-51-2-propre/1742810070
1742808763,"2,425.00","Apartment for Rent at 8405 Place Saint-Charles, Brossard","sector S, Brossard",2,1,Apartment,0,797,https://www.kijiji.ca/v-apartments-condos/longueuil-rive-sud/apartment-for-rent-at-8405-place-saint-charles-brossard/1742808763
1742809610,600.00,Two rooms in a shared 6 ½ unit near Metros available now,"Snowdon, Montreal",4,1,Duplex/Triplex,2,1200,https://www.kijiji.ca/v-apartments-condos/ville-de-montreal/two-rooms-in-a-shared-6-unit-near-metros-available-now/1742809610
1742809531,"1,250.00",Beau grand  41/2 très propre,"Terrebonne, Terrebonne",2,1,Apartment,1,N/A,https://www.kijiji.ca/v-apartments-condos/laval-rive-nord/beau-grand-41-2-tres-propre/1742809531
1742809490,"1,075.00",3 ½ petit à louer disponible dès maintenant.,"Côte-Saint-Paul, Montréal",1,1,Apartment,0,500,https://www.kijiji.ca/v-apartments-condos/ville-de-montreal/3-petit-a-louer-disponible-des-maintenant/1742809490
1741631321,"1,250.00",3 1/2 lumineux à Lasalle,"Pointe McDonald, City of Montréal",1.5,1.5,Apartment,0,700,https://www.kijiji.ca/v-apartments-condos/ville-de-montreal/3-1-2-lumineux-a-lasalle/1741631321
1742808822,"1,175.00",Beau grand 41/2 très propre,"Lachenaie, Terrebonne",2,1,Apartment,1,N/A,https://www.kijiji.ca/v-apartments-condos/laval-rive-nord/beau-grand-41-2-tres-propre/1742808822
1742809173,"1,290.00",31/2 NEAR PARC LA FONTAINE 1290$/ PLEASE CALL: (514) 605 - 1262,"Centre-Sud, Montreal",1,1,Apartment,0,700,https://www.kijiji.ca/v-apartments-condos/ville-de-montreal/31-2-near-parc-la-fontaine-1290-please-call:-514-605-1262/1742809173
1742809028,"2,370.00",Condo 4 1/2 à louer ** 1 MOIS GRATUIT**,"Mascouche, Mascouche",2,1,Condo,0,1015,https://www.kijiji.ca/v-apartments-condos/laval-rive-nord/condo-4-1-2-a-louer-1-mois-gratuit/1742809028
1742808827,"2,350.00",Superbe 2 CAC 1 mois gratuit (demandez pour 2 mois) animaux ok,"Snowdon, Montréal",2,1,Apartment,0,1030,https://www.kijiji.ca/v-apartments-condos/ville-de-montreal/superbe-2-cac-1-mois-gratuit-demandez-pour-2-mois-animaux-ok/1742808827
1742808710,990.00,3 1/2 à louer à Rosemont,"Rosemont, Montréal",1,1,Apartment,0,575,https://www.kijiji.ca/v-apartments-condos/ville-de-montreal/3-1-2-a-louer-a-rosemont/1742808710
1742806216,"1,750.00","DOWNTOWN MONTREAL | 1 BEDROOM + DEN | 1181 BISHOP | $1,750/MONTH","Golden Square Mile, City of Montréal",1.5,1,Condo,0,588,https://www.kijiji.ca/v-apartments-condos/ville-de-montreal/downtown-montreal-1-bedroom-den-1181-bishop-1-750-month/1742806216
1742806218,800.00,chambre à louer,"sector B, Longueuil / South Shore",N/A,N/A,N/A,N/A,N/A,https://www.kijiji.ca/v-room-rental-roommate/longueuil-rive-sud/chambre-a-louer/1742806218
1741581867,"1,450.00",logement 4 1/2 dans Hochelaga,"Hochelaga-Maisonneuve, Montréal",2,1,Apartment,0,700,https://www.kijiji.ca/v-apartments-condos/ville-de-montreal/logement-4-1-2-dans-hochelaga/1741581867
1742806191,"1,160.00",Beau 3 1/2 au coeur de Rosemont,"Old Rosemont, Montréal",1,1,Apartment,0,550,https://www.kijiji.ca/v-apartments-condos/ville-de-montreal/beau-3-1-2-au-coeur-de-rosemont/1742806191
1742806022,700.00,Libre. Chambre dans la colocation metro Cartier. Tout inclus++,"Laval-des-Rapides, Laval",N/A,N/A,N/A,N/A,N/A,https://www.kijiji.ca/v-room-rental-roommate/laval-rive-nord/libre-chambre-dans-la-colocation-metro-cartier-tout-inclus/1742806022
1742805522,"1,480.00","Grand 5 ½, chauffage et eau chaude incluse 1 novembre","Saint-Robert, Longueuil",3,1,Apartment,1,N/A,https://www.kijiji.ca/v-apartments-condos/longueuil-rive-sud/grand-5-chauffage-et-eau-chaude-incluse-1-novembre/1742805522
1742805471,"1,395.00",Superbe Studio Meublé au Cœur du Plateau Métro Laurier,"Parc-Laurier, Montréal",0,1,Apartment,0,350,https://www.kijiji.ca/v-apartments-condos/ville-de-montreal/superbe-studio-meuble-au-coeur-du-plateau-metro-laurier/1742805471
1742805147,"2,500.00",Apartment with 3B2B near Concordia University - Loyola Campus,"Meadowbrook, Côte Saint-Luc",3,2,Duplex/Triplex,2,1680,https://www.kijiji.ca/v-apartments-condos/ville-de-montreal/apartment-with-3b2b-near-concordia-university-loyola-campus/1742805147
1739729150,675.00,Chambre meublée à louer dans un 51/2,"Bourassa, City of Montréal",N/A,N/A,N/A,N/A,N/A,https://www.kijiji.ca/v-room-rental-roommate/ville-de-montreal/chambre-meublee-a-louer-dans-un-51-2/1739729150
1742804976,"1,300.00",4 1/2 apartments for rent in Lasalle,"Cavelier Park, Montreal",2,1,Apartment,0,750,https://www.kijiji.ca/v-apartments-condos/ville-de-montreal/4-1-2-apartments-for-rent-in-lasalle/1742804976
1742804582,750.00,Tres Grande chambre meublée à louer – Métro Monk,"Côte-Saint-Paul, City of Montréal",N/A,N/A,N/A,N/A,N/A,https://www.kijiji.ca/v-room-rental-roommate/ville-de-montreal/tres-grande-chambre-meublee-a-louer-metro-monk/1742804582
1742804513,"2,250.00",GRAND APARTMENT 3 CAC ET 2 SDB PROCHE DE METRO JOLICOEUR,"Côte-Saint-Paul, Montreal",3.5,1.5,Duplex/Triplex,1,1380,https://www.kijiji.ca/v-apartments-condos/ville-de-montreal/grand-apartment-3-cac-et-2-sdb-proche-de-metro-jolicoeur/1742804513
1742804408,"1,150.00",4 1/2 METRO PRÉFONTAINE-Haut Duplex,"Centre-Sud, Montréal",2,1,Duplex/Triplex,0,850,https://www.kijiji.ca/v-apartments-condos/ville-de-montreal/4-1-2-metro-prefontaine-haut-duplex/1742804408
1742804331,540.00,Chambre à 540$ Tout inclus ,"Côte-des-Neiges, City of Montréal",N/A,N/A,N/A,N/A,N/A,https://www.kijiji.ca/v-short-term-rental/ville-de-montreal/chambre-a-540-tout-inclus/1742804331
1742804172,"1,550.00",Appartement Logement 4 1/2 à louer Ahuntsic Sault-Au-Récollet,"Sault-au-Récollet, City of Montréal",2,1,Apartment,0,731,https://www.kijiji.ca/v-apartments-condos/ville-de-montreal/appartement-logement-4-1-2-a-louer-ahuntsic-sault-au-recollet/1742804172
1742803926,"1,550.00",5 1/2 à louer - métro Cadillac / demi sous-sol / propre,"Mercier-Ouest / Longue-Pointe, City of Montréal",3,1,Apartment,0,1100,https://www.kijiji.ca/v-apartments-condos/ville-de-montreal/5-1-2-a-louer-metro-cadillac-demi-sous-sol-propre/1742803926
1742803808,"2,499.00",Disponible !,"Parc-Lafontaine, Montréal",3.5,1,Apartment,0,1900,https://www.kijiji.ca/v-apartments-condos/ville-de-montreal/disponible/1742803808
434362033,"1,300.00","Fully furnished apts, close to vendome metro,wifi,monthly","Ville Saint-Pierre, City of Montréal",N/A,N/A,N/A,N/A,N/A,https://www.kijiji.ca/v-short-term-rental/ville-de-montreal/fully-furnished-apts-close-to-vendome-metro-wifi-monthly/434362033
1742695839,"1,400.00",4 1/2 JUST RENOVATED. NEAR METRO CARTIER. CALM AREA.,"Pont-Viau, Laval",2.5,1,Apartment,0,N/A,https://www.kijiji.ca/v-apartments-condos/laval-rive-nord/4-1-2-just-renovated-near-metro-cartier-calm-area/1742695839
1741821327,"1,650.00",A perfect 3 1/2 condo in Montreal GriffinTown for rent,"Griffintown, Montreal",1,1,Condo,0,550,https://www.kijiji.ca/v-apartments-condos/ville-de-montreal/a-perfect-3-1-2-condo-in-montreal-griffintown-for-rent/1741821327
1730124110,"1,265.00","3 1/2 meublé, métro Beaudry, UQAM, ETS, Concordia, CHUM, Mc GILL","Gay Village, City of Montréal",1,1,Apartment,0,450,https://www.kijiji.ca/v-apartments-condos/ville-de-montreal/3-1-2-meuble-metro-beaudry-uqam-ets-concordia-chum-mc-gill/1730124110
1742814885,"1,525.00",1 Month Free 1 bedroom apartment in Cartierville,"Cartierville, Montréal",1,1,Apartment,0,616,https://www.kijiji.ca/v-apartments-condos/ville-de-montreal/1-month-free-1-bedroom-apartment-in-cartierville/1742814885
1742814706,950.00,Private Room For Rent,"Cavelier Park, City of Montréal",N/A,N/A,N/A,N/A,N/A,https://www.kijiji.ca/v-room-rental-roommate/ville-de-montreal/private-room-for-rent/1742814706
1736260071,"2,190.00",Grand logement 2 étages (RDC + sous-sol) –  Laval-Des-Rapides,"Laval-des-Rapides, Laval",3,2,Apartment,3,1750,https://www.kijiji.ca/v-apartments-condos/laval-rive-nord/grand-logement-2-etages-rdc-sous-sol-laval-des-rapides/1736260071
1742814157,"1,325.00",4 1/2 Demi-sous-sol à louer à Anjou – Disponible Dès que possib,"Roger Rousseau Park, Montréal",2,1,Basement,0,850,https://www.kijiji.ca/v-apartments-condos/ville-de-montreal/4-1-2-demi-sous-sol-a-louer-a-anjou-disponible-des-que-possib/1742814157
1742814071,"2,108.00", FOR RENT — Spacious 4½ Apartment in Laval! 3400 Saint-Elz,"Sainte-Dorothée, Sainte-Dorothée",2,1,Apartment,0,809,https://www.kijiji.ca/v-apartments-condos/laval-rive-nord/for-rent-spacious-4-apartment-in-laval-3400-saint-elz/1742814071
1740211329,"1,330.00",3 1/2 Neuf à Louer | 1 bedroom apartment for Rent | Pierrefonds,"Edward Janiszewski Park, West Island",1,1,Apartment,0,N/A,https://www.kijiji.ca/v-apartments-condos/ouest-de-lile-qc/3-1-2-neuf-a-louer-1-bedroom-apartment-for-rent-pierrefonds/1740211329
1621720341,Please Contact,Local Industriel/Entrpôt à louer Candiac - jusqu'à 56 000 pi2,Longueuil / South Shore,N/A,N/A,N/A,N/A,N/A,https://www.kijiji.ca/v-storage-parking/longueuil-rive-sud/local-industriel-entrpot-a-louer-candiac-jusqua-56-000-pi2/1621720341
1742813872,800.00,Chambre à louer meublée/Apt. to Share -PLATEAU-MONT-ROYAL,"Saint-Louis, Montreal",N/A,N/A,N/A,N/A,N/A,https://www.kijiji.ca/v-room-rental-roommate/ville-de-montreal/chambre-a-louer-meublee-apt-to-share-plateau-mont-royal/1742813872
1742813594,Please Contact,A louer Maison meublee 3 grandes chambres proche de tout,"Gay Village, Montréal",N/A,N/A,N/A,N/A,N/A,https://www.kijiji.ca/v-room-rental-roommate/ville-de-montreal/a-louer-maison-meublee-3-grandes-chambres-proche-de-tout/1742813594
1742813588,"2,070.00",APARTMENT IN LASALLE,"Cavelier Park, Montreal",2,2,Apartment,1,893,https://www.kijiji.ca/v-apartments-condos/ville-de-montreal/apartment-in-lasalle/1742813588
1742813557,650.00,"September 1st, a room for a girl, 1-12 months,","Centre-Sud, Montreal",N/A,N/A,N/A,N/A,N/A,https://www.kijiji.ca/v-room-rental-roommate/ville-de-montreal/september-1st-a-room-for-a-girl-1-12-months/1742813557
1742813394,"2,964.00",Grand 4½ + Den | 1 367 pi² | Tout inclus | Solar Brossard,"sector C, Brossard",2.5,2,Apartment,0,1367,https://www.kijiji.ca/v-apartments-condos/longueuil-rive-sud/grand-4-den-1-367-pi-tout-inclus-solar-brossard/1742813394
1742813344,850.00,Studio sur le Plateau,"De Lorimier, Montréal",1,1,Apartment,0,N/A,https://www.kijiji.ca/v-apartments-condos/ville-de-montreal/studio-sur-le-plateau/1742813344
1741456554,"2,040.00",4 1/2 Lease Transfer/Cession de bail October 1st Montreal,"Saint-Luc Junction, City of Montréal",2,2,Apartment,0,1050,https://www.kijiji.ca/v-apartments-condos/ville-de-montreal/4-1-2-lease-transfer-cession-de-bail-october-1st-montreal/1741456554
1711953120,"1,300.00",Appartement moderne à Ahuntsic Montreal,"Cartierville, Montréal",1,1,Apartment,0,400,https://www.kijiji.ca/v-apartments-condos/ville-de-montreal/appartement-moderne-a-ahuntsic-montreal/1711953120
1742808402,"2,200.00",Grand logement a louer,"Centre-Sud, Montréal",5,1,Apartment,2,1400,https://www.kijiji.ca/v-apartments-condos/ville-de-montreal/grand-logement-a-louer/1742808402
1742808281,670.00,2 chambres à louer,"Côte-des-Neiges, Montréal",N/A,N/A,N/A,N/A,N/A,https://www.kijiji.ca/v-room-rental-roommate/ville-de-montreal/2-chambres-a-louer/1742808281
1742808180,"2,499.00",1 MOIS GRATUIT (demandez pour 2 mois) 2 CAC et 2 SDB Animaux ok,"Snowdon, Montréal",2,2,Apartment,0,1045,https://www.kijiji.ca/v-apartments-condos/ville-de-montreal/1-mois-gratuit-demandez-pour-2-mois-2-cac-et-2-sdb-animaux-ok/1742808180
1742807783,"1,450.00",Beau grand 41/2 rénové,"Terrebonne, Terrebonne",2,1,Apartment,1,N/A,https://www.kijiji.ca/v-apartments-condos/laval-rive-nord/beau-grand-41-2-renove/1742807783
1723045628,"2,006.00",*Open Concept - Spacious 3  bdrm TOWNHOUSES  -  in West Island,West Island,3,2,House,0,N/A,https://www.kijiji.ca/v-apartments-condos/ouest-de-lile-qc/open-concept-spacious-3-bdrm-townhouses-in-west-island/1723045628
1741112812,"1,050.00",Grand 3 et demi bachelor avec entrée privée St-Léonard,"Saint-Leonard West, Montreal",1,1,Apartment,0,800,https://www.kijiji.ca/v-apartments-condos/ville-de-montreal/grand-3-et-demi-bachelor-avec-entree-privee-st-leonard/1741112812
1742807865,"2,050.00",Appartement à louer 4 1/2 ,"Chomedey, Laval / North Shore",2,1,Apartment,1,1120,https://www.kijiji.ca/v-apartments-condos/laval-rive-nord/appartement-a-louer-4-1-2/1742807865
1742807765,"3,100.00",Condo 3 chambres rénové à louer face au parc La Fontaine,"Parc-Lafontaine, Montréal",3,1,Condo,0,125,https://www.kijiji.ca/v-apartments-condos/ville-de-montreal/condo-3-chambres-renove-a-louer-face-au-parc-la-fontaine/1742807765
1742807718,"1,450.00","Charmant 4 1/2 - Rosemont Pet-Patrie, 1 càc, 1er décembre","La Petite-Patrie, Montreal",1.5,1,Apartment,0,650,https://www.kijiji.ca/v-apartments-condos/ville-de-montreal/charmant-4-1-2-rosemont-pet-patrie-1-cac-1er-decembre/1742807718
1742807686,"1,299.00",Superbe 3 ½ à Longueuil — rez-de-chaussée avec entrée privée,"Saint-Hubert, Saint-Hubert",1.5,1,Condo,0,550,https://www.kijiji.ca/v-apartments-condos/longueuil-rive-sud/superbe-3-a-longueuil-rez-de-chaussee-avec-entree-privee/1742807686
1742807683,"1,800.00",5½ à louer — Vaudreuil-Dorion,"Vaudreuil-Dorion, Vaudreuil-Dorion",3,1,Apartment,2,1090,https://www.kijiji.ca/v-apartments-condos/ouest-de-lile-qc/5-a-louer-vaudreuil-dorion/1742807683
1742807590,Please Contact,"$11 entrepots, warehouses à louer, 1,500 pieds et plus","De Liesse Industrial, Montreal",N/A,N/A,N/A,N/A,N/A,https://www.kijiji.ca/v-commercial-office-space/ville-de-montreal/11-entrepots-warehouses-a-louer-1-500-pieds-et-plus/1742807590
1722802712,Please Contact,Available apartments:***4 1/2 - 1600$ & 3 1/2- 1500$,"Rive-Boisée, Montréal",1,1,Apartment,0,700,https://www.kijiji.ca/v-apartments-condos/ville-de-montreal/available-apartments:-4-1-2-1600-3-1-2-1500/1722802712
1735053217,"1,565.00",Grand appartement 4.5 chauffé et éclairé,"Saint-Lambert, Longueuil / South Shore",2,1,Apartment,0,N/A,https://www.kijiji.ca/v-apartments-condos/longueuil-rive-sud/grand-appartement-4-5-chauffe-et-eclaire/1735053217
1709957912,"1,995.00",Heated 2-bedroom in TMR - close to REM,City of Montréal,2,1,Apartment,0,N/A,https://www.kijiji.ca/v-apartments-condos/ville-de-montreal/heated-2-bedroom-in-tmr-close-to-rem/1709957912
1742803761,690.00,rooms in a house near Mont Royal,"Mount Royal Park, City of Montréal",N/A,N/A,N/A,N/A,N/A,https://www.kijiji.ca/v-room-rental-roommate/ville-de-montreal/rooms-in-a-house-near-mont-royal/1742803761
1742803510,"1,875.00",Grand 4 ½ entièrement rénové – Plateau-Mont-Royal,"Mile End, Montréal",2,1,Apartment,0,899,https://www.kijiji.ca/v-apartments-condos/ville-de-montreal/grand-4-entierement-renove-plateau-mont-royal/1742803510
1740177666,"1,120.00",Beau 3-1/2 rénové à louer dans Hochelaga pour le 1er octobre,"Hochelaga-Maisonneuve, Montréal",1,1,Apartment,0,750,https://www.kijiji.ca/v-apartments-condos/ville-de-montreal/beau-3-1-2-renove-a-louer-dans-hochelaga-pour-le-1er-octobre/1740177666
1742803073,"1,499.00",A 2 min du Parc Lafontaine,"Parc-Lafontaine, Montréal",1.5,1,Apartment,0,499,https://www.kijiji.ca/v-apartments-condos/ville-de-montreal/a-2-min-du-parc-lafontaine/1742803073
1742802644,"1,750.00",appartement de 2 chambres à louer,"sector B, Longueuil / South Shore",2,1,Condo,2,1100,https://www.kijiji.ca/v-apartments-condos/longueuil-rive-sud/appartement-de-2-chambres-a-louer/1742802644
1720198901,649.00,Logements dans coopérative pour les 55 ans et plus,"CHSLD Jeanne-Le Ber, Montréal",1,1,Apartment,0,600,https://www.kijiji.ca/v-apartments-condos/ville-de-montreal/logements-dans-cooperative-pour-les-55-ans-et-plus/1720198901
1742802243,250.00,Indoor Heated Parking 801 Sherbrooke E,"Pointe-aux-Trembles Industrial, Montreal",N/A,N/A,N/A,N/A,N/A,https://www.kijiji.ca/v-storage-parking/ville-de-montreal/indoor-heated-parking-801-sherbrooke-e/1742802243
1742664300,699.00,"200ft² Office for Rent - Monthly, All Inlcuded","De Liesse Industrial, City of Montréal",N/A,N/A,N/A,N/A,N/A,https://www.kijiji.ca/v-commercial-office-space/ville-de-montreal/200ft-office-for-rent-monthly-all-inlcuded/1742664300
1742801108,"1,400.00",4 1/2 apartment for rent 1400$/ month,"Marcelin Wilson Park, Montreal",2,1,Apartment,0,1100,https://www.kijiji.ca/v-apartments-condos/ville-de-montreal/4-1-2-apartment-for-rent-1400-month/1742801108
1742801012,885.00,Studio in fourplex completely renovated with appliances+backyard,"Cartierville, Montreal",1,1,Duplex/Triplex,0,400,https://www.kijiji.ca/v-apartments-condos/ville-de-montreal/studio-in-fourplex-completely-renovated-with-appliances-backyard/1742801012
1742800809,725.00,✨ GRANDE CHAMBRE MEUBLÉE À LOUER – STYLE LOFT AVEC OÙ SANS SALLE,"Repentigny, Laval / North Shore",N/A,N/A,N/A,N/A,N/A,https://www.kijiji.ca/v-room-rental-roommate/laval-rive-nord/grande-chambre-meublee-a-louer-style-loft-avec-ou-sans-salle/1742800809
1742800383,"1,200.00",3 et demi tout inclus à louer,"Laval-Ouest, Laval / North Shore",1,1,Basement,0,N/A,https://www.kijiji.ca/v-apartments-condos/laval-rive-nord/3-et-demi-tout-inclus-a-louer/1742800383
1739298407,"1,800.00",Grand 41/2 à louer,"Villeray, Montreal",2,1.5,Apartment,1,927,https://www.kijiji.ca/v-apartments-condos/ville-de-montreal/grand-41-2-a-louer/1739298407
1741753965,140.00,120$/jour.  1600$/mois. 1100$/mois avec un bail 1 an.,"Cavelier Park, City of Montréal",N/A,N/A,N/A,N/A,N/A,https://www.kijiji.ca/v-short-term-rental/ville-de-montreal/120-jour-1600-mois-1100-mois-avec-un-bail-1-an/1741753965
1742090858,"1,300.00",Beau 4½ à louer — Près du Vieux-Beloeil,"Beloeil, Beloeil",2,1,Apartment,1,796,https://www.kijiji.ca/v-apartments-condos/longueuil-rive-sud/beau-4-a-louer-pres-du-vieux-beloeil/1742090858
1742799148,"2,299.00",Furnished 3 BR next to metro-idea for 3 students to share or fa,"Gohier, Montreal",3,1,House,2,1200,https://www.kijiji.ca/v-apartments-condos/ville-de-montreal/furnished-3-br-next-to-metro-idea-for-3-students-to-share-or-fa/1742799148
1741530066,"1,950.00",$ 1.950 SUPERBE  5 1/2 (Petite Patrie),"La Petite-Patrie, Montréal",3,1,Apartment,0,1000,https://www.kijiji.ca/v-apartments-condos/ville-de-montreal/1-950-superbe-5-1-2-petite-patrie/1741530066
1742798905,650.00,Chambre meublée à louer dans un 5 ½ – Saint‑Hubert,"Laurendeau, Longueuil",N/A,N/A,N/A,N/A,N/A,https://www.kijiji.ca/v-room-rental-roommate/longueuil-rive-sud/chambre-meublee-a-louer-dans-un-5-saint-hubert/1742798905
1742798730,"1,625.00",3/1 Meublé à louer - Parc Lafontaine,"Centre-Sud, Montréal",1,1,Apartment,0,500,https://www.kijiji.ca/v-apartments-condos/ville-de-montreal/3-1-meuble-a-louer-parc-lafontaine/1742798730
1742798694,625.00,Châteauguay - chambre a louer - room for rent,"Châteauguay, West Island",N/A,N/A,N/A,N/A,N/A,https://www.kijiji.ca/v-room-rental-roommate/ouest-de-lile-qc/chateauguay-chambre-a-louer-room-for-rent/1742798694
1742813316,"1,500.00",ONE MONTH FREE. 4.5 & 3.5'S AVAILABLE. DORVAL,"Pointe Picard, Dorval",2,1,Apartment,0,1100,https://www.kijiji.ca/v-apartments-condos/ouest-de-lile-qc/one-month-free-4-5-3-5s-available-dorval/1742813316
1740976522,"2,850.00",New renovation 6 1/2 Apt for rent in Plateau-Mont-Royal.,"Saint-Louis, Montreal",4,1,Apartment,0,1400,https://www.kijiji.ca/v-apartments-condos/ville-de-montreal/new-renovation-6-1-2-apt-for-rent-in-plateau-mont-royal/1740976522
1742812482,"1,295.00",3½ LUMINEUX | LaSalle | 1 chambre,"Côte-des-Neiges, Montreal",1,1,Apartment,0,645,https://www.kijiji.ca/v-apartments-condos/ville-de-montreal/3-lumineux-lasalle-1-chambre/1742812482
1739656041,"1,100.00",Libre pour le 1er juillet – 1 200 $ / mois (Chauffage et eau cha,"Rosemont, Montréal",1,1,Apartment,0,650,https://www.kijiji.ca/v-apartments-condos/ville-de-montreal/libre-pour-le-1er-juillet-1-200-mois-chauffage-et-eau-cha/1739656041
1742811588,"1,190.00",4 1/2 Demi sous-sol/Half basement in Lasalle,"Lasalle Park, Lachine",2,1,Apartment,0,1100,https://www.kijiji.ca/v-apartments-condos/ville-de-montreal/4-1-2-demi-sous-sol-half-basement-in-lasalle/1742811588
1742811575,"1,595.00",GRAND 2 CHAMBRES – RÉNOVÉ 2026 – ÉLECTROS INCLUS – MERCIER-EST,"Mercier-Est / Tétreaultville, Mercier-Hochelaga-Maisonneuve",3,1,Apartment,0,1200,https://www.kijiji.ca/v-apartments-condos/ville-de-montreal/grand-2-chambres-renove-2026-electros-inclus-mercier-est/1742811575
1740829733,"1,530.00",Appartement 4 1/2 -- Plateau Mont-Royal - (Des Érables/Gilford),"Parc-Laurier, Montreal",2,1,Apartment,0,1000,https://www.kijiji.ca/v-apartments-condos/ville-de-montreal/appartement-4-1-2-plateau-mont-royal-des-erables-gilford/1740829733
1739322674,"2,000.00","Superbe 5½ rénové à louer – St-Léonard (étage, 2 balcons)","Saint-Leonard East, Montreal",3,1,Apartment,1,1500,https://www.kijiji.ca/v-apartments-condos/ville-de-montreal/superbe-5-renove-a-louer-st-leonard-etage-2-balcons/1739322674
1741819156,"1,890.00",Logement 4 1/2 Blainville à louer,"Blainville, Blainville",2,1,Apartment,1,1100,https://www.kijiji.ca/v-apartments-condos/laval-rive-nord/logement-4-1-2-blainville-a-louer/1741819156
1742390112,700.00,Chambres a louer – Accès facile au transport en commun,"Bienville, Longueuil",N/A,N/A,N/A,N/A,N/A,https://www.kijiji.ca/v-room-rental-roommate/longueuil-rive-sud/chambres-a-louer-acces-facile-au-transport-en-commun/1742390112
1742811331,"1,750.00","Downtown, fully furnished, lowney, Griffintown, Condo","Griffintown, Montreal",1,1,Condo,0,700,https://www.kijiji.ca/v-apartments-condos/ville-de-montreal/downtown-fully-furnished-lowney-griffintown-condo/1742811331
1737584885,"1,060.00",PROMO*Studio rénové TOUT INCLUS 1060$ LIBRE IMMÉDIATEMENT,Montréal,N/A,N/A,N/A,N/A,N/A,https://www.kijiji.ca/v-commercial-office-space/ville-de-montreal/promo-studio-renove-tout-inclus-1060-libre-immediatement/1737584885
1742811066,"1,700.00",Vieux-Montréal | 3½ meublé | Chauffage + eau inclus,"Old Montreal, Montréal",1,1,Condo,0,629,https://www.kijiji.ca/v-apartments-condos/ville-de-montreal/vieux-montreal-3-meuble-chauffage-eau-inclus/1742811066
1739433272,"1,489.00",Blvd. Lucille-Teasdale & Rue Yves-Blais | Call for details!,Terrebonne,1.5,1,Apartment,0,N/A,https://www.kijiji.ca/v-apartments-condos/laval-rive-nord/blvd-lucille-teasdale-rue-yves-blais-call-for-details/1739433272
1739424550,"1,461.00",Blvd. Lucille-Teasdale & Rue Yves-Blais | Call for details!,Terrebonne,1,1,Apartment,0,N/A,https://www.kijiji.ca/v-apartments-condos/laval-rive-nord/blvd-lucille-teasdale-rue-yves-blais-call-for-details/1739424550
1739424557,"1,229.00",1 Chambre | Place-Claude Dagenais & Blvd. Ducharme!,Sainte-Thérèse,1,1,Apartment,0,N/A,https://www.kijiji.ca/v-apartments-condos/laval-rive-nord/1-chambre-place-claude-dagenais-blvd-ducharme/1739424557
1739424549,"1,397.00",1 Chambre | Place-Claude Dagenais & Blvd. Ducharme,Sainte-Thérèse,1,1,Apartment,0,N/A,https://www.kijiji.ca/v-apartments-condos/laval-rive-nord/1-chambre-place-claude-dagenais-blvd-ducharme/1739424549
1739433268,"1,370.00",2 Chambres [4.5] à Laval | CALL NOW!,Laval,1,1,Apartment,0,N/A,https://www.kijiji.ca/v-apartments-condos/laval-rive-nord/2-chambres-4-5-a-laval-call-now/1739433268
1736478821,"1,165.00","3½ a Longueuil,Spacieux et Lumineux à aire ouverte","Old Longueuil, Longueuil / South Shore",1,1,Apartment,0,N/A,https://www.kijiji.ca/v-apartments-condos/longueuil-rive-sud/3-a-longueuil-spacieux-et-lumineux-a-aire-ouverte/1736478821
1732388038,"1,195.00","1.5- 1195$ -ST-LAMBERT, Piscine  exterior",Longueuil / South Shore,0,1,Apartment,0,N/A,https://www.kijiji.ca/v-apartments-condos/longueuil-rive-sud/1-5-1195-st-lambert-piscine-exterior/1732388038
1739061348,"1,695.00",Grands 4.5 a St-Lambert- piscine extérieur sur le toit 2 s.d.b,"Saint-Lambert, Longueuil / South Shore",2,1,Apartment,0,N/A,https://www.kijiji.ca/v-apartments-condos/longueuil-rive-sud/grands-4-5-a-st-lambert-piscine-exterieur-sur-le-toit-2-s-d-b/1739061348
1714835141,"1,425.00",3.5 chauffé à St-Lambert avec piscine sur le toit,Longueuil / South Shore,1,1,Apartment,0,N/A,https://www.kijiji.ca/v-apartments-condos/longueuil-rive-sud/3-5-chauffe-a-st-lambert-avec-piscine-sur-le-toit/1714835141
1717550765,"1,545.00",3½ - chauffé à Ville Mont-Royal- TWO FREE MONTHS!,City of Montréal,1,1,Apartment,0,N/A,https://www.kijiji.ca/v-apartments-condos/ville-de-montreal/3-chauffe-a-ville-mont-royal-two-free-months/1717550765
1742806751,850.00,Chambre à louer-St-Bruno-de-Montarville,"Saint-Bruno-de-Montarville, Longueuil / South Shore",N/A,N/A,N/A,N/A,N/A,https://www.kijiji.ca/v-room-rental-roommate/longueuil-rive-sud/chambre-a-louer-st-bruno-de-montarville/1742806751
1742806717,"1,500.00",5 1/2 à louer disponible immédiatement ,"Saint-Henry, City of Montréal",3,1,Apartment,0,1000,https://www.kijiji.ca/v-apartments-condos/ville-de-montreal/5-1-2-a-louer-disponible-immediatement/1742806717
1739633002,"1,260.00","Fraichement rénové 4 1/2 à louer, près du Parc Du Tremblay","Chomedey, Laval",2,1,Apartment,0,600,https://www.kijiji.ca/v-apartments-condos/laval-rive-nord/fraichement-renove-4-1-2-a-louer-pres-du-parc-du-tremblay/1739633002
1742798437,"1,900.00",Grand 5½ à louer – 3 chambres – Saint-Michel – Stationnement,"Saint-Michel, Montréal",3,1,Apartment,1,1200,https://www.kijiji.ca/v-apartments-condos/ville-de-montreal/grand-5-a-louer-3-chambres-saint-michel-stationnement/1742798437
1742798277,"1,750.00",4½ Brossard – SEPTEMBRE GRATUIT – Garage – Disponible maintenant,"sector B, Brossard",2,1,Apartment,2,1100,https://www.kijiji.ca/v-apartments-condos/longueuil-rive-sud/4-brossard-septembre-gratuit-garage-disponible-maintenant/1742798277
1739433264,"1,180.00",Blvd. Lucille-Teasdale & Rue Yves-Blais | Call for details!,Terrebonne,1,1,Apartment,0,N/A,https://www.kijiji.ca/v-apartments-condos/laval-rive-nord/blvd-lucille-teasdale-rue-yves-blais-call-for-details/1739433264
1740032741,"2,795.00",Rosemont,"Gay Village, Montréal",N/A,N/A,N/A,N/A,N/A,https://www.kijiji.ca/v-short-term-rental/ville-de-montreal/rosemont/1740032741
1742810819,"1,850.00",Appartement 6 1/2 à louer Montréal cartierville,"Cartierville, Montréal",4,2,Apartment,0,1200,https://www.kijiji.ca/v-apartments-condos/ville-de-montreal/appartement-6-1-2-a-louer-montreal-cartierville/1742810819
1742103582,"1,850.00",☀️ Beautiful 4½ Condo – Garage included / ☀️ Magnifique 4 1/2,"Rosemont, City of Montréal",2,1,Condo,1,1075,https://www.kijiji.ca/v-apartments-condos/ville-de-montreal/beautiful-4-condo-garage-included-magnifique-4-1-2/1742103582
1741358911,"1,300.00","1 Bedroom, 1 Bathroom","Gohier, City of Montréal",N/A,N/A,N/A,N/A,N/A,https://www.kijiji.ca/v-short-term-rental/ville-de-montreal/1-bedroom-1-bathroom/1741358911
1742810694,945.00,945$ -Cession de bail -Beau 3 ½ entièrement meublé –Pierrefonds,"Brook Park, Montréal",1.5,1,Apartment,1,700,https://www.kijiji.ca/v-apartments-condos/ville-de-montreal/945-cession-de-bail-beau-3-entierement-meuble-pierrefonds/1742810694
1742810604,"1,700.00",★ 6½  LUMINEUX - TERRASSE PRIVÉE (10x13) - VIEUX-ROSEMONT ★,"Old Rosemont, Montréal",4,1,Duplex/Triplex,0,1000,https://www.kijiji.ca/v-apartments-condos/ville-de-montreal/6-lumineux-terrasse-privee-10x13-vieux-rosemont/1742810604
1729700575,"1,975.00","41/2,2,chambres,bedrooms,louer,rent,canal,Lachine,Montréal",City of Montréal,2,1,Apartment,0,N/A,https://www.kijiji.ca/v-apartments-condos/ville-de-montreal/41-2-2-chambres-bedrooms-louer-rent-canal-lachine-montreal/1729700575
1742655409,"1,300.00",3 1/2 STYLE CONDO SITUER A PARC EXTENSION (CHAUFFER),"Parc-Extension, Montreal",1,1,Apartment,0,600,https://www.kijiji.ca/v-apartments-condos/ville-de-montreal/3-1-2-style-condo-situer-a-parc-extension-chauffer/1742655409
1720111810,700.00,"***Montréal , chambre avec toilette partagée ou privée***","Étienne Desmarteaux, Rosemont-La Petite-Patrie",N/A,N/A,N/A,N/A,N/A,https://www.kijiji.ca/v-room-rental-roommate/ville-de-montreal/montreal-chambre-avec-toilette-partagee-ou-privee/1720111810
1742797741,750.00,Room in a three-bedroom appartment in downtown,"Shaughnessy Village, Montreal",N/A,N/A,N/A,N/A,N/A,https://www.kijiji.ca/v-room-rental-roommate/ville-de-montreal/room-in-a-three-bedroom-appartment-in-downtown/1742797741
1742797574,"1,000.00","Next to Metro Snowdom. 1 1/2, 3 1/2, 4 1/2 Apt. available Now","Côte-des-Neiges, Côte-Des-Neiges—Notre-Dame-De-Grâce",1,1,Apartment,0,1000,https://www.kijiji.ca/v-apartments-condos/ville-de-montreal/next-to-metro-snowdom-1-1-2-3-1-2-4-1-2-apt-available-now/1742797574
1742797053,"1,295.00",Fully Renovated 4 1/2 Apartment for rent ,"Salaberry-de-Valleyfield, West Island",2,1,Apartment,1,1100,https://www.kijiji.ca/v-apartments-condos/ouest-de-lile-qc/fully-renovated-4-1-2-apartment-for-rent/1742797053
1742796938,"1,200.00",3 1/2 a louer a Laval h7n 3v2,"Laval-des-Rapides, Laval / North Shore",1,1,Apartment,0,620,https://www.kijiji.ca/v-apartments-condos/laval-rive-nord/3-1-2-a-louer-a-laval-h7n-3v2/1742796938
1742796575,"1,800.00",rent apartment ,"Cavelier Park, City of Montréal",3,1,Duplex/Triplex,0,1000,https://www.kijiji.ca/v-apartments-condos/ville-de-montreal/rent-apartment/1742796575
1742796486,"1,075.00",Colocation Mile End - chambre + bureau dans super appartement,"Mile End, Montreal",N/A,N/A,N/A,N/A,N/A,https://www.kijiji.ca/v-room-rental-roommate/ville-de-montreal/colocation-mile-end-chambre-bureau-dans-super-appartement/1742796486
1742796387,"1,300.00",3 1/2 Apartment in Ville St Laurent,"Saint-Leonard West, Montreal",1,1,Apartment,0,680,https://www.kijiji.ca/v-apartments-condos/ville-de-montreal/3-1-2-apartment-in-ville-st-laurent/1742796387
1742796348,"1,425.00",Logement moderne à louer à Saint-Norbert,"Terrebonne, Laval / North Shore",2,1,Apartment,1,800,https://www.kijiji.ca/v-apartments-condos/laval-rive-nord/logement-moderne-a-louer-a-saint-norbert/1742796348
1742796315,"1,225.00",4 et demi Rénové –Disponible- MétroLangelier - LaveuseSécheuse,"HoMa South, Montréal",2,1,Apartment,0,875,https://www.kijiji.ca/v-apartments-condos/ville-de-montreal/4-et-demi-renove-disponible-metrolangelier-laveusesecheuse/1742796315
1742796310,695.00,Grde chambre meublée à louer à 5 mn du métro Acadie (ligne bleue,"Parc-Extension, Villeray—Saint-Michel—Parc-Extension",N/A,N/A,N/A,N/A,N/A,https://www.kijiji.ca/v-room-rental-roommate/ville-de-montreal/grde-chambre-meublee-a-louer-a-5-mn-du-metro-acadie-ligne-bleue/1742796310
1725716718,"1,295.00","3 1/2, a louer, for rent, St Laurent, Saint Laurent, métro",Saint Laurent,1,1,Apartment,0,N/A,https://www.kijiji.ca/v-apartments-condos/ville-de-montreal/3-1-2-a-louer-for-rent-st-laurent-saint-laurent-metro/1725716718
1742796297,550.00,"Nice private room, next to metro Snowdom available now.","Snowdon, Montreal",N/A,N/A,N/A,N/A,N/A,https://www.kijiji.ca/v-room-rental-roommate/ville-de-montreal/nice-private-room-next-to-metro-snowdom-available-now/1742796297
1742796294,"1,590.00",Appartement 3 1/2  tout inclus,"Saint-Constant, Longueuil / South Shore",1.5,1,Condo,0,620,https://www.kijiji.ca/v-apartments-condos/longueuil-rive-sud/appartement-3-1-2-tout-inclus/1742796294
1740238321,"2,000.00",PLATEAU / CHABOT,"De Lorimier, Le Plateau-Mont-Royal",N/A,N/A,N/A,N/A,N/A,https://www.kijiji.ca/v-commercial-office-space/ville-de-montreal/plateau-chabot/1740238321
1740238341,"2,300.00",PLATEAU / CHABOT,"De Lorimier, Le Plateau-Mont-Royal",N/A,N/A,N/A,N/A,N/A,https://www.kijiji.ca/v-commercial-office-space/ville-de-montreal/plateau-chabot/1740238341
1742796136,"1,000.00",studio a louer,"Snowdon, City of Montréal",0,1,Apartment,0,400,https://www.kijiji.ca/v-apartments-condos/ville-de-montreal/studio-a-louer/1742796136
1742793036,"1,540.00",Superbe 3 ½ avec pièce double – Au cœur du Vieux-Rosemont !,"Old Rosemont, Montréal",1.5,1,Apartment,0,575,https://www.kijiji.ca/v-apartments-condos/ville-de-montreal/superbe-3-avec-piece-double-au-coeur-du-vieux-rosemont/1742793036
1740198257,"1,000.00",chambre à louer,"Saint-Philippe, Longueuil / South Shore",N/A,N/A,N/A,N/A,N/A,https://www.kijiji.ca/v-room-rental-roommate/longueuil-rive-sud/chambre-a-louer/1740198257
1740043956,"2,500.00",BEAUTIFUL 2 BEDROOM APARTMENT IN A BRAND-NEW LUXURY BUILDING IN,"Lucien L'Allier, City of Montréal",2,1,Apartment,1,803,https://www.kijiji.ca/v-apartments-condos/ville-de-montreal/beautiful-2-bedroom-apartment-in-a-brand-new-luxury-building-in/1740043956
1702123970,"1,825.00",Appartements à louer à Brossard - 3 1/2,Longueuil / South Shore,1,1,Apartment,0,N/A,https://www.kijiji.ca/v-apartments-condos/longueuil-rive-sud/appartements-a-louer-a-brossard-3-1-2/1702123970
1741428623,"1,650.00","2 CH - 1 SDB - Sainte-Julie - $1,650 /mo",Sainte-Julie,2,1,Apartment,0,N/A,https://www.kijiji.ca/v-apartments-condos/longueuil-rive-sud/2-ch-1-sdb-sainte-julie-1-650-mo/1741428623
1742796003,"2,275.00",Grand 5 1/2 sur 2 étages rénové | 1 mois GRATUIT,"Mirabel, Laval / North Shore",3,1,House,3,1500,https://www.kijiji.ca/v-apartments-condos/laval-rive-nord/grand-5-1-2-sur-2-etages-renove-1-mois-gratuit/1742796003
1742795791,"1,650.00",Beau  51/2 proche de tout à louer,"Sacré-Coeur, Longueuil",3,1,Duplex/Triplex,1,1300,https://www.kijiji.ca/v-apartments-condos/longueuil-rive-sud/beau-51-2-proche-de-tout-a-louer/1742795791
1742795681,"2,600.00",Cession de bail très grand 5 1/2 dans Villeray,"De Lorimier, Le Plateau-Mont-Royal",3.5,1,Apartment,0,1100,https://www.kijiji.ca/v-apartments-condos/ville-de-montreal/cession-de-bail-tres-grand-5-1-2-dans-villeray/1742795681
1742795588,"1,466.00",Cession de bail / Lease Transfer,"Étienne Desmarteaux, Montréal",2.5,1,Apartment,0,750,https://www.kijiji.ca/v-apartments-condos/ville-de-montreal/cession-de-bail-lease-transfer/1742795588
1742795444,"1,790.00",Grand 4  1/2 à louer dans NDG / 4 1/2 for rent in NDG,"Snowdon, Montreal",2.5,1,Apartment,0,840,https://www.kijiji.ca/v-apartments-condos/ville-de-montreal/grand-4-1-2-a-louer-dans-ndg-4-1-2-for-rent-in-ndg/1742795444
1738589259,Please Contact,Bureau à louer | Laval | 2000 PI²,Laval / North Shore,N/A,N/A,N/A,N/A,N/A,https://www.kijiji.ca/v-commercial-office-space/laval-rive-nord/bureau-a-louer-laval-2000-pi/1738589259
1702123967,"2,050.00",Appartements à louer à Brossard - 4 1/2,Longueuil / South Shore,2,1,Apartment,0,N/A,https://www.kijiji.ca/v-apartments-condos/longueuil-rive-sud/appartements-a-louer-a-brossard-4-1-2/1702123967
1722332113,980.00,Grand 2 chambres rénovées à Ville St-Laurent - Wi-Fi et électros,City of Montréal,2,1,Apartment,0,900,https://www.kijiji.ca/v-apartments-condos/ville-de-montreal/grand-2-chambres-renovees-a-ville-st-laurent-wi-fi-et-electros/1722332113
1720486038,"2,000.00",Promotions en cours | 3 1/2 à louer | Pointe-Claire,West Island,1,1,Condo,0,N/A,https://www.kijiji.ca/v-apartments-condos/ouest-de-lile-qc/promotions-en-cours-3-1-2-a-louer-pointe-claire/1720486038
1722332112,890.00,"3 et demi à Ville St-Laurent  - WiFi, électros inclus - Dispo",City of Montréal,1,1,Apartment,0,700,https://www.kijiji.ca/v-apartments-condos/ville-de-montreal/3-et-demi-a-ville-st-laurent-wifi-electros-inclus-dispo/1722332112
1729754904,"1,395.00","31/2,1chambre,bedroom,louer,rent, Westmount, Hillside",City of Montréal,1,1,Apartment,0,N/A,https://www.kijiji.ca/v-apartments-condos/ville-de-montreal/31-2-1chambre-bedroom-louer-rent-westmount-hillside/1729754904
1742795432,920.00,Private room near HEC Montreal/UdeM metro station,"Côte-des-Neiges, City of Montréal",N/A,N/A,N/A,N/A,N/A,https://www.kijiji.ca/v-room-rental-roommate/ville-de-montreal/private-room-near-hec-montreal-udem-metro-station/1742795432
1742795337,80.00,STATIONNEMENT A LOUER MONTREAL-NORD LIBRE IMMEDIATE,"Rivière-des-Prairies North, Riviere-des-Prairies—Pointe-aux-Trembles",N/A,N/A,N/A,N/A,N/A,https://www.kijiji.ca/v-storage-parking/ville-de-montreal/stationnement-a-louer-montreal-nord-libre-immediate/1742795337
1742795068,"1,500.00",Grand 5 ½ lumineux à deux pas du métro Langelier,"Mercier-Ouest / Longue-Pointe, Montréal",3,1,Apartment,0,N/A,https://www.kijiji.ca/v-apartments-condos/ville-de-montreal/grand-5-lumineux-a-deux-pas-du-metro-langelier/1742795068
1742794926,"1,025.00",Cote Saint Luc:  Nice spacious duplex Studio Bachelor apartment,"Meadowbrook, Côte Saint-Luc",0,1,Basement,0,450,https://www.kijiji.ca/v-apartments-condos/ville-de-montreal/cote-saint-luc:-nice-spacious-duplex-studio-bachelor-apartment/1742794926
1742794924,"1,695.00",5 1/2 Plateau Mont-Royal ,"De Lorimier, City of Montréal",3.5,1,Duplex/Triplex,0,1000,https://www.kijiji.ca/v-apartments-condos/ville-de-montreal/5-1-2-plateau-mont-royal/1742794924
1734375419,300.00,Downtown Heated Indoor Parking / Stationnement intérieur chauffé,"Côte-des-Neiges, Côte-Des-Neiges—Notre-Dame-De-Grâce",N/A,N/A,N/A,N/A,N/A,https://www.kijiji.ca/v-storage-parking/ville-de-montreal/downtown-heated-indoor-parking-stationnement-interieur-chauffe/1734375419
1732619348,"5,700.00",Furnished 3BR Downtown Montreal |Flexible Lease |Utilities Incld,Laval / North Shore,N/A,N/A,N/A,N/A,N/A,https://www.kijiji.ca/v-short-term-rental/laval-rive-nord/furnished-3br-downtown-montreal-flexible-lease-utilities-incld/1732619348
1720486039,"2,185.00",Promotions en cours | 4 1/2 à louer à Pointe-Claire,West Island,2,1,Condo,0,N/A,https://www.kijiji.ca/v-apartments-condos/ouest-de-lile-qc/promotions-en-cours-4-1-2-a-louer-a-pointe-claire/1720486039
1741421672,"1,650.00","2 CH - 1 SDB - Longueuil - $1,650 /mo",Longueuil,2,1,Apartment,0,705,https://www.kijiji.ca/v-apartments-condos/longueuil-rive-sud/2-ch-1-sdb-longueuil-1-650-mo/1741421672
1741421664,"1,850.00","2 CH - 1 SDB - Montréal - $1,850 /mo",Montréal,2,1,Apartment,0,630,https://www.kijiji.ca/v-apartments-condos/ville-de-montreal/2-ch-1-sdb-montreal-1-850-mo/1741421664
1741421669,"1,600.00","2 CH - 1 SDB - Sainte-Julie - $1,600 /mo",Sainte-Julie,2,1,Apartment,1,N/A,https://www.kijiji.ca/v-apartments-condos/longueuil-rive-sud/2-ch-1-sdb-sainte-julie-1-600-mo/1741421669
1741421670,"1,600.00","2 CH - 1 SDB - Longueuil - $1,600 /mo",Longueuil,2,1,Apartment,0,705,https://www.kijiji.ca/v-apartments-condos/longueuil-rive-sud/2-ch-1-sdb-longueuil-1-600-mo/1741421670
1725716742,"1,195.00","3.5, à louer, blvd Métropolitain, St-Léonard, Montreal",Montréal,1,1,Apartment,0,N/A,https://www.kijiji.ca/v-apartments-condos/ville-de-montreal/3-5-a-louer-blvd-metropolitain-st-leonard-montreal/1725716742
1742491289,"1,550.00","31/2,1,chambre,bedroom,louer,rent,Saint-Léonard,1 mois gratuit","Saint-Leonard West, Saint-Léonard",1,1,Condo,0,N/A,https://www.kijiji.ca/v-apartments-condos/ville-de-montreal/31-2-1-chambre-bedroom-louer-rent-saint-leonard-1-mois-gratuit/1742491289
1742791838,"1,600.00",41/2 4 1/2 a louer Meuble Tout Inclus! 5min Metro Longueuil rent,"Saint-Jude, Longueuil",2.5,1,Apartment,0,1000,https://www.kijiji.ca/v-apartments-condos/longueuil-rive-sud/41-2-4-1-2-a-louer-meuble-tout-inclus-5min-metro-longueuil-rent/1742791838
1742791758,"1,786.00",1 Bed 1 Bath - Apartment,"Centre-Sud, Montréal",1,1,Condo,0,657,https://www.kijiji.ca/v-apartments-condos/ville-de-montreal/1-bed-1-bath-apartment/1742791758
1740812757,"1,695.00",Élégant 4½ à Villeray Wi-Fi rapide Climatisation Près du mé,"Saint-Michel, City of Montréal",2,1,Apartment,0,785,https://www.kijiji.ca/v-apartments-condos/ville-de-montreal/elegant-4-a-villeray-wi-fi-rapide-climatisation-pres-du-me/1740812757
1742794757,"2,425.00",2 bedroom 1 bath for rent - downtown montreal ,"Shaughnessy Village, City of Montréal",2,1,Condo,0,750,https://www.kijiji.ca/v-apartments-condos/ville-de-montreal/2-bedroom-1-bath-for-rent-downtown-montreal/1742794757
1742794524,900.00,3 12 demi sous-sol DISP MAINTENANT $900 meublé - 514 621 2863,"Frederic-Back Park, Montréal",1,1,Apartment,0,700,https://www.kijiji.ca/v-apartments-condos/ville-de-montreal/3-12-demi-sous-sol-disp-maintenant-900-meuble-514-621-2863/1742794524
1742292486,"2,125.00",6½ Spacieux avec très grande terrasse – Verdun!  Métro,"Desmarchais-Crawford, Montréal",3,1,Apartment,0,1200,https://www.kijiji.ca/v-apartments-condos/ville-de-montreal/6-spacieux-avec-tres-grande-terrasse-verdun-metro/1742292486
1742794307,"1,850.00",logement 5 1/2 sur 2 étage ,"Boisbriand, Laval / North Shore",3,1.5,Duplex/Triplex,2,1300,https://www.kijiji.ca/v-apartments-condos/laval-rive-nord/logement-5-1-2-sur-2-etage/1742794307
1742432692,"1,300.00",3 1/2 à louer - Laval (Pont-Viau),"Laval-des-Rapides, Laval",1,1,Apartment,0,480,https://www.kijiji.ca/v-apartments-condos/laval-rive-nord/3-1-2-a-louer-laval-pont-viau/1742432692
1741421665,"1,850.00","2 CH - 1 SDB - Montréal - $1,850 /mo",Montréal,2,1,Apartment,0,630,https://www.kijiji.ca/v-apartments-condos/ville-de-montreal/2-ch-1-sdb-montreal-1-850-mo/1741421665
1741421661,"1,250.00","2 CH - 1 SDB - Montréal - $1,250 /mo",Montréal,2,1,Apartment,0,539,https://www.kijiji.ca/v-apartments-condos/ville-de-montreal/2-ch-1-sdb-montreal-1-250-mo/1741421661
1702112781,"2,950.00",Appartements à louer à Laval - 5 1/2 Maison de ville,Laval / North Shore,3,1,Apartment,0,N/A,https://www.kijiji.ca/v-apartments-condos/laval-rive-nord/appartements-a-louer-a-laval-5-1-2-maison-de-ville/1702112781
1736404022,"1,400.00","4.5 for rent/a louer Cote des Neiges, Metro Cote St-Catherine,","Côte-des-Neiges, Montreal",2,1,Apartment,0,800,https://www.kijiji.ca/v-apartments-condos/ville-de-montreal/4-5-for-rent-a-louer-cote-des-neiges-metro-cote-st-catherine/1736404022
1742791514,"1,600.00","À Charlemagne, un très grand 5 1/2 à louer ","Charlemagne, Laval / North Shore",3,1,Apartment,2,1500,https://www.kijiji.ca/v-apartments-condos/laval-rive-nord/a-charlemagne-un-tres-grand-5-1-2-a-louer/1742791514
1742791427,50.00,CHALET À LOUER - RIGAUD - $50. PAR JOUR,"Rigaud, Rigaud",N/A,N/A,N/A,N/A,N/A,https://www.kijiji.ca/v-short-term-rental/ouest-de-lile-qc/chalet-a-louer-rigaud-50-par-jour/1742791427
1742791333,"2,218.00","Condo 4 1/2 à louer - Blainville, quartier Chambéry","Blainville, Laval / North Shore",2,2,Condo,2,900,https://www.kijiji.ca/v-apartments-condos/laval-rive-nord/condo-4-1-2-a-louer-blainville-quartier-chambery/1742791333
1736267161,"1,650.00",2 Beds 1 Bath Apartment,"Saint-Jean-Vianney, Boucherville",2,1,Condo,1,843,https://www.kijiji.ca/v-apartments-condos/longueuil-rive-sud/2-beds-1-bath-apartment/1736267161
1742794053,"1,855.00",Magnifique 5½ lumineux près du Métro Frontenac 1er octobre,"Centre-Sud, Montreal",1.5,1,Apartment,0,1000,https://www.kijiji.ca/v-apartments-condos/ville-de-montreal/magnifique-5-lumineux-pres-du-metro-frontenac-1er-octobre/1742794053
1742794039,"1,300.00",Parc Extension 3 1/2 Apartement Entierement Meuble $1300,"Parc-Extension, City of Montréal",1,1,Apartment,0,500,https://www.kijiji.ca/v-apartments-condos/ville-de-montreal/parc-extension-3-1-2-apartement-entierement-meuble-1300/1742794039
1742794032,"1,800.00",Condo 4 1/2 a louer,"Marcel Laurin Park, Montréal",2,1,Condo,1,919,https://www.kijiji.ca/v-apartments-condos/ville-de-montreal/condo-4-1-2-a-louer/1742794032
1702112783,"1,700.00",Appartements à louer à Laval - 3 1/2,Laval / North Shore,1,1,Apartment,0,N/A,https://www.kijiji.ca/v-apartments-condos/laval-rive-nord/appartements-a-louer-a-laval-3-1-2/1702112783
1735433860,"2,015.00",4-12 + 2 bains à louer à Boisbriand | 2bdrm 2bth for Rent,Laval / North Shore,2,2,Apartment,0,N/A,https://www.kijiji.ca/v-apartments-condos/laval-rive-nord/4-12-2-bains-a-louer-a-boisbriand-2bdrm-2bth-for-rent/1735433860
1728189756,"1,795.00",Beautiful 4 ½ apartment Located in The Heart Of LaSalle,City of Montréal,2,1,Condo,1,1000,https://www.kijiji.ca/v-apartments-condos/ville-de-montreal/beautiful-4-apartment-located-in-the-heart-of-lasalle/1728189756
1732609745,"1,180.00",The Tadoussac Apartments - Bachelor available at 65 East Sherbro,City of Montréal,0,1,Apartment,0,565,https://www.kijiji.ca/v-apartments-condos/ville-de-montreal/the-tadoussac-apartments-bachelor-available-at-65-east-sherbro/1732609745
1742791058,"1,000.00",3 1/2 à louer ,"Lucie-Bruneau Park, City of Montréal",1,1,Duplex/Triplex,0,800,https://www.kijiji.ca/v-apartments-condos/ville-de-montreal/3-1-2-a-louer/1742791058
1742790888,400.00,Chambre a louer coloc homme Gayfriendly - Metro Fabre,"Villeray, City of Montréal",N/A,N/A,N/A,N/A,N/A,https://www.kijiji.ca/v-room-rental-roommate/ville-de-montreal/chambre-a-louer-coloc-homme-gayfriendly-metro-fabre/1742790888
1740029789,"1,685.00",4 1/2 Appartement à Louer (CESSION DE BAIL) 2 mois gratuit,"Centre-Sud, Montreal",2,1,Apartment,1,550,https://www.kijiji.ca/v-apartments-condos/ville-de-montreal/4-1-2-appartement-a-louer-cession-de-bail-2-mois-gratuit/1740029789
1742790763,"1,790.00",Brossard 1075pc beau condo 4 1/2 construite en 2012 avec balcon,"sector B, Brossard",2,1,Apartment,1,1075,https://www.kijiji.ca/v-apartments-condos/longueuil-rive-sud/brossard-1075pc-beau-condo-4-1-2-construite-en-2012-avec-balcon/1742790763
1742790588,"1,300.00",Appartement 3 et demi,"Laurendeau, Longueuil",1.5,1,Apartment,1,1200,https://www.kijiji.ca/v-apartments-condos/longueuil-rive-sud/appartement-3-et-demi/1742790588
1742786665,"1,410.00",Libre dès le 13 septembre!,"Jarry Park, Montréal",1.5,1,Apartment,0,1000,https://www.kijiji.ca/v-apartments-condos/ville-de-montreal/libre-des-le-13-septembre/1742786665
1742793837,440.00,Chambre meublée a louer libre 1er septembre,"Hochelaga-Maisonneuve, Montreal",N/A,N/A,N/A,N/A,N/A,https://www.kijiji.ca/v-room-rental-roommate/ville-de-montreal/chambre-meublee-a-louer-libre-1er-septembre/1742793837
1742793343,"1,450.00","studio meublé luxe, 5 min UDM poly, gym + car + sauna","Côte-des-Neiges, City of Montréal",0,1,Duplex/Triplex,0,300,https://www.kijiji.ca/v-apartments-condos/ville-de-montreal/studio-meuble-luxe-5-min-udm-poly-gym-car-sauna/1742793343
1741021688,"1,010.00",3 1/2 à louer à Rosemont,"Rosemont, Montréal",1,1,Apartment,0,N/A,https://www.kijiji.ca/v-apartments-condos/ville-de-montreal/3-1-2-a-louer-a-rosemont/1741021688
1742793129,"2,000.00","Condo rénové 4 et demi à louer, Rivières-des-Prairies","Marie Claire Daveluy Park, Montreal",2,1,Condo,1,900,https://www.kijiji.ca/v-apartments-condos/ville-de-montreal/condo-renove-4-et-demi-a-louer-rivieres-des-prairies/1742793129
1741402448,"1,480.00",The Saguenay Apartments - Junior 1 Bedroom available at 135 East,City of Montréal,1,1,Apartment,0,530,https://www.kijiji.ca/v-apartments-condos/ville-de-montreal/the-saguenay-apartments-junior-1-bedroom-available-at-135-east/1741402448
1741402482,"2,275.00",Glo2 Apartments - 2 Bedroom available at 1050 Bd René-Lévesque E,Montréal,2,1,Apartment,0,821,https://www.kijiji.ca/v-apartments-condos/ville-de-montreal/glo2-apartments-2-bedroom-available-at-1050-bd-rene-levesque-e/1741402482
1741402450,"3,045.00","2 Bedroom available at 6801 Abraham de Sola St, Côte Saint-Luc",City of Montréal,2,1,Apartment,0,1177,https://www.kijiji.ca/v-apartments-condos/ville-de-montreal/2-bedroom-available-at-6801-abraham-de-sola-st-cote-saint-luc/1741402450
1741402486,"2,750.00","AVA Montréal - 3 Bedroom available at 4982 Pl. de la Savane, Mon",City of Montréal,3,1,Apartment,0,1255,https://www.kijiji.ca/v-apartments-condos/ville-de-montreal/ava-montreal-3-bedroom-available-at-4982-pl-de-la-savane-mon/1741402486
1741402441,"1,930.00",Habitat 2500 Apartments - 2 Bedroom available at 2500 Cavendish ,City of Montréal,2,1,Apartment,0,1049,https://www.kijiji.ca/v-apartments-condos/ville-de-montreal/habitat-2500-apartments-2-bedroom-available-at-2500-cavendish/1741402441
1742790521,"1,000.00",À LOUER – Beau 3 ½ à Riviere des Prairies,"Rivière-des-Prairies North, City of Montréal",1,1,Apartment,0,N/A,https://www.kijiji.ca/v-apartments-condos/ville-de-montreal/a-louer-beau-3-a-riviere-des-prairies/1742790521
1742790368,"2,300.00",5½ for Rent in LASALLE - Parking / 5½ à Louer - Stationnement,"Angrignon, Montreal",3,1,Duplex/Triplex,2,1600,https://www.kijiji.ca/v-apartments-condos/ville-de-montreal/5-for-rent-in-lasalle-parking-5-a-louer-stationnement/1742790368
1741159085,925.00,Furnished Room – Hochelaga/Joliette – $925 All Included – Oct. 1,"Hochelaga-Maisonneuve, Montreal",N/A,N/A,N/A,N/A,N/A,https://www.kijiji.ca/v-short-term-rental/ville-de-montreal/furnished-room-hochelaga-joliette-925-all-included-oct-1/1741159085
1742789667,"2,300.00",6 et demi à louer,"Deauville Park, Montreal",3,1,Apartment,2,1650,https://www.kijiji.ca/v-apartments-condos/ville-de-montreal/6-et-demi-a-louer/1742789667
1742552256,"1,995.00",beautiful 2 bed apartment in heart of plateau ,"Saint-Louis, City of Montréal",2,1,Apartment,0,1100,https://www.kijiji.ca/v-apartments-condos/ville-de-montreal/beautiful-2-bed-apartment-in-heart-of-plateau/1742552256
1742789357,"1,065.00",Studio tout inclus,"Peterborough Park, Anjou",0,1,Apartment,0,500,https://www.kijiji.ca/v-apartments-condos/ville-de-montreal/studio-tout-inclus/1742789357
1742786583,"1,250.00",3 1/2 Dorval South Lower Duplex Apartment,"Pointe Marion, Dorval",1,1,Apartment,1,N/A,https://www.kijiji.ca/v-apartments-condos/ouest-de-lile-qc/3-1-2-dorval-south-lower-duplex-apartment/1742786583
1742786398,"1,750.00","Condo 3 1/2,Griffintown,centre-ville","Griffintown, Montréal",1,1,Condo,0,650,https://www.kijiji.ca/v-apartments-condos/ville-de-montreal/condo-3-1-2-griffintown-centre-ville/1742786398
1742786354,"1,475.00",5 1/2 a LOUER,"Notre-Dame-de-Grâces, Longueuil",3,1,Apartment,1,800,https://www.kijiji.ca/v-apartments-condos/longueuil-rive-sud/5-1-2-a-louer/1742786354
1741838898,"1,150.00","4 ½ - Beau, Propre, Stationnement, Près Métro Honoré-Beaugrand","Mercier-Est / Tétreaultville, Montréal",2,1,Apartment,1,800,https://www.kijiji.ca/v-apartments-condos/ville-de-montreal/4-beau-propre-stationnement-pres-metro-honore-beaugrand/1741838898
1742785740,"4,650.00","Chalet Saisonnier à louer, Ste-Agathe-des-monts","Sainte-Dorothée, Sainte-Dorothée",3.5,3,House,2,1800,https://www.kijiji.ca/v-apartments-condos/laval-rive-nord/chalet-saisonnier-a-louer-ste-agathe-des-monts/1742785740
1741402442,"1,165.00",Cote-des-Neiges Apartments - Bachelor available at 4760 Chemin d,"Côte-des-Neiges, City of Montréal",0,1,Apartment,0,330,https://www.kijiji.ca/v-apartments-condos/ville-de-montreal/cote-des-neiges-apartments-bachelor-available-at-4760-chemin-d/1741402442
1741397486,"1,695.00",Fully Renovated 1 bedroom - Westmount Park - ID 4645,City of Montréal,1,1,Apartment,0,553,https://www.kijiji.ca/v-apartments-condos/ville-de-montreal/fully-renovated-1-bedroom-westmount-park-id-4645/1741397486
1740015073,"2,495.00",renovated top floor 2-bed apartment in Westmount - ID 2723,Montreal,2,1,Apartment,0,815,https://www.kijiji.ca/v-apartments-condos/ville-de-montreal/renovated-top-floor-2-bed-apartment-in-westmount-id-2723/1740015073
1740015082,"2,995.00",modern 3-bedroom apartment in Westmount for October 1 - ID 3550,City of Montréal,3,1,Apartment,0,1012,https://www.kijiji.ca/v-apartments-condos/ville-de-montreal/modern-3-bedroom-apartment-in-westmount-for-october-1-id-3550/1740015082
1741396947,"2,499.00",Central Parc Laval - 2 Bedroom (Camellia) Apartment for Rent,Laval / North Shore,2,2,Apartment,0,1079,https://www.kijiji.ca/v-apartments-condos/laval-rive-nord/central-parc-laval-2-bedroom-camellia-apartment-for-rent/1741396947
1742789138,750.00,Chambre a louer 5 min. du métro cartier tout inclus wifi $750.,"Pont-Viau, Pont-Viau",N/A,N/A,N/A,N/A,N/A,https://www.kijiji.ca/v-room-rental-roommate/laval-rive-nord/chambre-a-louer-5-min-du-metro-cartier-tout-inclus-wifi-750/1742789138
1742789130,800.00,Fully Furnished Room + Hydro + Internet ,"Ahuntsic, City of Montréal",N/A,N/A,N/A,N/A,N/A,https://www.kijiji.ca/v-room-rental-roommate/ville-de-montreal/fully-furnished-room-hydro-internet/1742789130
1742788961,790.00,grande et belle chambre à louer,"Sainte-Thérèse, Laval / North Shore",N/A,N/A,N/A,N/A,N/A,https://www.kijiji.ca/v-room-rental-roommate/laval-rive-nord/grande-et-belle-chambre-a-louer/1742788961
1741378068,"2,900.00",Fully Furnished - 3 Bedroom 2 Bathroom Apartmen (Guy Concordia),"Golden Square Mile, Montreal",3,2,Apartment,0,1800,https://www.kijiji.ca/v-apartments-condos/ville-de-montreal/fully-furnished-3-bedroom-2-bathroom-apartmen-guy-concordia/1741378068
1740549434,"2,800.00",Magnifique Condo Meublé et tout inclus au Vieux-Port à louer,"Old Montreal, Montreal",1.5,1,Apartment,0,900,https://www.kijiji.ca/v-apartments-condos/ville-de-montreal/magnifique-condo-meuble-et-tout-inclus-au-vieux-port-a-louer/1740549434
1742788700,"1,000.00",Sous location,"Bordeaux, City of Montréal",N/A,N/A,N/A,N/A,N/A,https://www.kijiji.ca/v-commercial-office-space/ville-de-montreal/sous-location/1742788700
1742027898,"2,000.00",AMAZING INCENTIVES -  Stunning  2 Bed & 2 Bath,"Fairview, City of Montréal",N/A,N/A,N/A,N/A,N/A,https://www.kijiji.ca/v-short-term-rental/ville-de-montreal/amazing-incentives-stunning-2-bed-2-bath/1742027898
1742785609,800.00,Grande chambre à louer métro Papineau,"Centre-Sud, Montreal",N/A,N/A,N/A,N/A,N/A,https://www.kijiji.ca/v-room-rental-roommate/ville-de-montreal/grande-chambre-a-louer-metro-papineau/1742785609
1742785293,"1,690.00",Appartement de 2 chambres et 1 salle de bain,"Outremont Park, Montreal",2,1,Apartment,0,850,https://www.kijiji.ca/v-apartments-condos/ville-de-montreal/appartement-de-2-chambres-et-1-salle-de-bain/1742785293
1742784721,850.00,TRANSFERT DE BAIL 1ER OCTOBRE LEASE TRANSFER OCTOBER 1ST,"Ambassador Park, City of Montréal",1,1,Apartment,1,9999,https://www.kijiji.ca/v-apartments-condos/ville-de-montreal/transfert-de-bail-1er-octobre-lease-transfer-october-1st/1742784721
1729189027,"1,060.00",Bachelors / Studios - HEATED for rent in  West Island Montreal,West Island,0,1,Apartment,0,N/A,https://www.kijiji.ca/v-apartments-condos/ouest-de-lile-qc/bachelors-studios-heated-for-rent-in-west-island-montreal/1729189027
1742784572,"1,890.00",Appartement à louer 3/1 Griffintown ,"Griffintown, City of Montréal",1,1,Condo,0,598,https://www.kijiji.ca/v-apartments-condos/ville-de-montreal/appartement-a-louer-3-1-griffintown/1742784572
1742784081,"1,645.00",Appartement de 1 chambre à louer ,"Snowdon, City of Montréal",1,1,Apartment,0,510,https://www.kijiji.ca/v-apartments-condos/ville-de-montreal/appartement-de-1-chambre-a-louer/1742784081
1742783989,"1,645.00",Appartement 3 1/2 à louer CESSION DE BAIL 1 MOIS,"Snowdon, City of Montréal",1,1,Apartment,0,510,https://www.kijiji.ca/v-apartments-condos/ville-de-montreal/appartement-3-1-2-a-louer-cession-de-bail-1-mois/1742783989
1742792614,900.00,31/2 3 1/2 a louer Meuble Tout Inclus 5min Metro Longueuil rent,"Saint-Jude, Longueuil",1.5,1,Apartment,1,10000,https://www.kijiji.ca/v-apartments-condos/longueuil-rive-sud/31-2-3-1-2-a-louer-meuble-tout-inclus-5min-metro-longueuil-rent/1742792614
1738553431,"1,419.00",1 Bedroom Apartment for Rent - 350 Rue Prince-Arthur Ouest,Montréal,2,2,Apartment,0,475,https://www.kijiji.ca/v-apartments-condos/ville-de-montreal/1-bedroom-apartment-for-rent-350-rue-prince-arthur-ouest/1738553431
1742792330,"1,520.00",4 1/2  Rénové  Sous -Sol Ville Saint Laurent,"Val-Royal, City of Montréal",2,1.5,Duplex/Triplex,0,1200,https://www.kijiji.ca/v-apartments-condos/ville-de-montreal/4-1-2-renove-sous-sol-ville-saint-laurent/1742792330
1739284232,Please Contact,Place 440 – Locaux commerciaux à louer à Laval,"Chomedey, Laval",N/A,N/A,N/A,N/A,N/A,https://www.kijiji.ca/v-commercial-office-space/laval-rive-nord/place-440-locaux-commerciaux-a-louer-a-laval/1739284232
1742366462,"2,899.00",Grand 9½ de style maison de ville – 1 700 pi² – / Spacious 8½ To,"Étienne Desmarteaux, Rosemont—La Petite-Patrie",5,2,Apartment,0,1700,https://www.kijiji.ca/v-apartments-condos/ville-de-montreal/grand-9-de-style-maison-de-ville-1-700-pi-spacious-8-to/1742366462
1742083765,890.00,"2 1/2 Chauffé, 3 minutes de marche du métro Henri-Bourassa","Ahuntsic, Ahuntsic-Cartierville",0,1,Apartment,0,N/A,https://www.kijiji.ca/v-apartments-condos/ville-de-montreal/2-1-2-chauffe-3-minutes-de-marche-du-metro-henri-bourassa/1742083765
1742362658,"1,800.00",3 1/2 Condo Rouge 6 - Le Triangle CDN,"The Triangle, City of Montréal",1,1,Condo,1,564,https://www.kijiji.ca/v-apartments-condos/ville-de-montreal/3-1-2-condo-rouge-6-le-triangle-cdn/1742362658
1739203223,"1,450.00","4.5 Petit Italy, face au marche Jean-Talon.$1450","Little Italy, Rosemont-La Petite-Patrie",2,1,Apartment,0,900,https://www.kijiji.ca/v-apartments-condos/ville-de-montreal/4-5-petit-italy-face-au-marche-jean-talon-1450/1739203223
1742788688,"2,312.00","Cession de bail – Condo lumineux à Bois‑Franc, 4 ½","Thimens Industrial, Montreal",2,1,Apartment,1,1097,https://www.kijiji.ca/v-apartments-condos/ville-de-montreal/cession-de-bail-condo-lumineux-a-bois-franc-4/1742788688
1731116717,"2,075.00","The Opal - 2 Bedroom available at 2130 Rue Laforce, Montreal Apa",City of Montréal,2,1,Apartment,0,852,https://www.kijiji.ca/v-apartments-condos/ville-de-montreal/the-opal-2-bedroom-available-at-2130-rue-laforce-montreal-apa/1731116717
1742788653,"2,100.00",SAINT-LAMBERT Grand 5 ½  | Chauffage + eau chaude inclus  | Clim,"Saint-Lambert, Saint-Lambert",3,1,Condo,1,1100,https://www.kijiji.ca/v-apartments-condos/longueuil-rive-sud/saint-lambert-grand-5-chauffage-eau-chaude-inclus-clim/1742788653
1742077425,"1,520.00", Furnished 3½ Condo for Rent – CDN / UdeM,"Côte-des-Neiges, Montreal",1,1,Condo,0,550,https://www.kijiji.ca/v-apartments-condos/ville-de-montreal/furnished-3-condo-for-rent-cdn-udem/1742077425
1742783511,"1,295.00", Logement 4 1/2 à louer sur le boulevard Léger à Montréal-Nord,"Bourassa, City of Montréal",2,2.5,Apartment,0,12,https://www.kijiji.ca/v-apartments-condos/ville-de-montreal/logement-4-1-2-a-louer-sur-le-boulevard-leger-a-montreal-nord/1742783511
1742075500,"1,480.00",Rosemont! 3 1/2 à deux pas du métro,"La Petite-Patrie, Montréal",1,1,Apartment,0,625,https://www.kijiji.ca/v-apartments-condos/ville-de-montreal/rosemont-3-1-2-a-deux-pas-du-metro/1742075500
1742501384,585.00,"4ième-5180 Queen-Mary-bureau, salon de beauté*, ...-à louer","Snowdon, Montreal",N/A,N/A,N/A,N/A,N/A,https://www.kijiji.ca/v-commercial-office-space/ville-de-montreal/4ieme-5180-queen-mary-bureau-salon-de-beaute-a-louer/1742501384
1742545231,Please Contact,Small office for rent -/ petit bureau a louer -centre d affaires,"Notre-Dame-de-Grâce, Montreal",N/A,N/A,N/A,N/A,N/A,https://www.kijiji.ca/v-commercial-office-space/ville-de-montreal/small-office-for-rent-petit-bureau-a-louer-centre-d-affaires/1742545231
1742782098,225.00,Stationnement intérieur à louer,"Nuns' Island, Montréal",N/A,N/A,N/A,N/A,N/A,https://www.kijiji.ca/v-storage-parking/ville-de-montreal/stationnement-interieur-a-louer/1742782098
1739950268,"1,800.00",Commercial for rent louer - 700 sq ft.,"Vimont, Laval",N/A,N/A,N/A,N/A,N/A,https://www.kijiji.ca/v-commercial-office-space/laval-rive-nord/commercial-for-rent-louer-700-sq-ft/1739950268
1742788627,"1,140.00",1140$ Appartement 3 demi à Saint Leonard,"Saint-Leonard West, Montreal",1,1,Apartment,0,10,https://www.kijiji.ca/v-apartments-condos/ville-de-montreal/1140-appartement-3-demi-a-saint-leonard/1742788627
1739527968,"1,100.00","Appartement 3 1/2 Montréal, métro Joliette","Hochelaga-Maisonneuve, Montreal",1,1,Apartment,0,680,https://www.kijiji.ca/v-apartments-condos/ville-de-montreal/appartement-3-1-2-montreal-metro-joliette/1739527968
1742782075,"1,250.00","4 et demi, Sainte-Rose, Laval","Sainte-Rose, Laval",2,1,Apartment,1,950,https://www.kijiji.ca/v-apartments-condos/laval-rive-nord/4-et-demi-sainte-rose-laval/1742782075
1738329515,Please Contact,Office Space to rent/Meeting area/ Studio/Exercise Class,"La Petite-Patrie, City of Montréal",N/A,N/A,N/A,N/A,N/A,https://www.kijiji.ca/v-commercial-office-space/ville-de-montreal/office-space-to-rent-meeting-area-studio-exercise-class/1738329515
1742499349,995.00,"2ième-5180 Chemin Queen-Mary-bureau, salon de beauté*,..-à louer","Snowdon, Montreal",N/A,N/A,N/A,N/A,N/A,https://www.kijiji.ca/v-commercial-office-space/ville-de-montreal/2ieme-5180-chemin-queen-mary-bureau-salon-de-beaute-a-louer/1742499349
1742781590,640.00,Chambre 640$,"Rosemont, City of Montréal",3.5,1,Apartment,0,1234,https://www.kijiji.ca/v-apartments-condos/ville-de-montreal/chambre-640/1742781590
1742787668,"1,970.00",2 bedrooms 1 bath - 4 1/2 to rent/a louer,"Terra Cotta Park, City of Montréal",2,1,Apartment,1,803,https://www.kijiji.ca/v-apartments-condos/ville-de-montreal/2-bedrooms-1-bath-4-1-2-to-rent-a-louer/1742787668
1742787605,"1,250.00",CESSION DE BAIL – Disponible dès maintenant (Septembre offert),"Mercier-Ouest / Longue-Pointe, Montreal",1,1,Apartment,0,660,https://www.kijiji.ca/v-apartments-condos/ville-de-montreal/cession-de-bail-disponible-des-maintenant-septembre-offert/1742787605
1742787603,450.00,Private Room,"Verdun, City of Montréal",N/A,N/A,N/A,N/A,N/A,https://www.kijiji.ca/v-room-rental-roommate/ville-de-montreal/private-room/1742787603
1742787573,Please Contact,Recherche chambre à louer Montréal,"Laval-des-Rapides, Laval / North Shore",N/A,N/A,N/A,N/A,N/A,https://www.kijiji.ca/v-room-rental-roommate/laval-rive-nord/recherche-chambre-a-louer-montreal/1742787573
1742550390,550.00,BUREAUX À PARTAGER & SALLE DE CONFÉRENCE À LOUER – MONTRÉAL,"Villeray, City of Montréal",N/A,N/A,N/A,N/A,N/A,https://www.kijiji.ca/v-short-term-rental/ville-de-montreal/bureaux-a-partager-salle-de-conference-a-louer-montreal/1742550390
1742787240,800.00,Bedroom for rent,"Saint-Michel, Montréal",N/A,N/A,N/A,N/A,N/A,https://www.kijiji.ca/v-room-rental-roommate/ville-de-montreal/bedroom-for-rent/1742787240
1742781415,650.00,Chambre à louer Anjou,"Peterborough Park, Anjou",N/A,N/A,N/A,N/A,N/A,https://www.kijiji.ca/v-room-rental-roommate/ville-de-montreal/chambre-a-louer-anjou/1742781415
1739733192,210.00,Stationnement intérieur à Louer Metro Sherbrooke/Plateau Garage,City of Montréal,N/A,N/A,N/A,N/A,N/A,https://www.kijiji.ca/v-storage-parking/ville-de-montreal/stationnement-interieur-a-louer-metro-sherbrooke-plateau-garage/1739733192
1512462938,"1,350.00",Appartement Meublé à louer 1½ 2½ 3½ TOUT INCLUS Guy Concordia,City of Montréal,0,1,Apartment,0,N/A,https://www.kijiji.ca/v-apartments-condos/ville-de-montreal/appartement-meuble-a-louer-1-2-3-tout-inclus-guy-concordia/1512462938
1742787237,300.00,week-ender only needed ,"Snowdon, City of Montréal",N/A,N/A,N/A,N/A,N/A,https://www.kijiji.ca/v-room-rental-roommate/ville-de-montreal/week-ender-only-needed/1742787237
1742786710,"1,300.00",3 et demi à louer,"Hochelaga-Maisonneuve, City of Montréal",1,1,Apartment,1,1000,https://www.kijiji.ca/v-apartments-condos/ville-de-montreal/3-et-demi-a-louer/1742786710
1739733191,"1,395.00",Plateau Mont-Royal - Metro Sherbrooke - 1 ½ à 4 ½ - TOUT INCLUS,City of Montréal,1,1,Apartment,0,N/A,https://www.kijiji.ca/v-apartments-condos/ville-de-montreal/plateau-mont-royal-metro-sherbrooke-1-a-4-tout-inclus/1739733191
1742781260,"1,120.00",Lasalle 3 ½ disponible pour septembre avec 1 mois gratuit.,"Cavelier Park, Montréal",1,1,Apartment,1,N/A,https://www.kijiji.ca/v-apartments-condos/ville-de-montreal/lasalle-3-disponible-pour-septembre-avec-1-mois-gratuit/1742781260
1742781207,"1,300.00",4.5 a louer/4.5 to Rent St-Michel Octobre,"Saint-Michel, Montreal",2,1,Apartment,1,900,https://www.kijiji.ca/v-apartments-condos/ville-de-montreal/4-5-a-louer-4-5-to-rent-st-michel-octobre/1742781207
1742781132,"1,250.00",Grand 3 1/2. Ahunstic/ ville Saint Laurent. Immeuble en beton,"Marcelin Wilson Park, Montreal",1,1,Apartment,1,750,https://www.kijiji.ca/v-apartments-condos/ville-de-montreal/grand-3-1-2-ahunstic-ville-saint-laurent-immeuble-en-beton/1742781132
1742780291,"2,058.00","Entire 2BR River-View Lease Assignment -Montreal - $2,058","sector S, Brossard",2,1,Apartment,0,925,https://www.kijiji.ca/v-apartments-condos/longueuil-rive-sud/entire-2br-river-view-lease-assignment-montreal-2-058/1742780291
1742780832,750.00,"Big room for rent, Close metro Monk, All included,  female only","Ville-Émard, Southwest",N/A,N/A,N/A,N/A,N/A,https://www.kijiji.ca/v-room-rental-roommate/ville-de-montreal/big-room-for-rent-close-metro-monk-all-included-female-only/1742780832
1742780817,"1,650.00",Character Loft Apartment for rent in Old Montreal,"Old Montreal, Montreal",1,1,Apartment,0,380,https://www.kijiji.ca/v-apartments-condos/ville-de-montreal/character-loft-apartment-for-rent-in-old-montreal/1742780817
1742780816,"1,380.00",Location appartement quatre et demi,"Rosemont, City of Montréal",2,1,Apartment,0,2,https://www.kijiji.ca/v-apartments-condos/ville-de-montreal/location-appartement-quatre-et-demi/1742780816
1742780676,"1,695.00",Cession de bail – Appartement 3 ½ dans le quartier De Lorimier,"De Lorimier, Montreal",1.5,1,Apartment,0,550,https://www.kijiji.ca/v-apartments-condos/ville-de-montreal/cession-de-bail-appartement-3-dans-le-quartier-de-lorimier/1742780676
1742780644,850.00,Colocation 4 ½ meublé – Disponible dès maintenant – Métro Pie-IX,"Hochelaga-Maisonneuve, Montréal",N/A,N/A,N/A,N/A,N/A,https://www.kijiji.ca/v-room-rental-roommate/ville-de-montreal/colocation-4-meuble-disponible-des-maintenant-metro-pie-ix/1742780644
1742780334,"1,575.00","metro Longueuil,1232 saint-Charles Ouest ","Saint-Jude, Longueuil / South Shore",2,1,Apartment,1,1000,https://www.kijiji.ca/v-apartments-condos/longueuil-rive-sud/metro-longueuil-1232-saint-charles-ouest/1742780334
1742647963,"2,200.00",4 1\2 apartment to rent on beautiful ave. de l'Esplanade,"Saint-Louis, Le Plateau-Mont-Royal",2,2,Condo,0,1030,https://www.kijiji.ca/v-apartments-condos/ville-de-montreal/4-1-2-apartment-to-rent-on-beautiful-ave-de-lesplanade/1742647963
1742780308,"1,750.00",Apartment for rent,"Snowdon, City of Montréal",5,1,Apartment,0,1000,https://www.kijiji.ca/v-apartments-condos/ville-de-montreal/apartment-for-rent/1742780308
1726482876,398.00,Bureaux a Louer / Offices for Rent - Montreal,"De Liesse Industrial, City of Montréal",N/A,N/A,N/A,N/A,N/A,https://www.kijiji.ca/v-commercial-office-space/ville-de-montreal/bureaux-a-louer-offices-for-rent-montreal/1726482876
1741367287,"1,250.00",4½ à Montréal (NDG) Stationnement inclus,"Notre-Dame-de-Grâce, Montréal",2,1.5,Apartment,1,N/A,https://www.kijiji.ca/v-apartments-condos/ville-de-montreal/4-a-montreal-ndg-stationnement-inclus/1741367287
1740582278,"1,600.00",Condo Vaudreuil,"Notre-Dame-de-l'Île-Perrot, Notre-Dame-de-l'Île-Perrot",3,1.5,Apartment,2,950,https://www.kijiji.ca/v-apartments-condos/ouest-de-lile-qc/condo-vaudreuil/1740582278
1741504876,"1,550.00",4 1/2 VERDUN. À Pied du métro,"Verdun, Montreal",2,1,Apartment,0,800,https://www.kijiji.ca/v-apartments-condos/ville-de-montreal/4-1-2-verdun-a-pied-du-metro/1741504876
1742010298,700.00,chambre privée-meublée 700$,"Mercier-Est / Tétreaultville, City of Montréal",N/A,N/A,N/A,N/A,N/A,https://www.kijiji.ca/v-room-rental-roommate/ville-de-montreal/chambre-privee-meublee-700/1742010298
1742779990,750.00,Chambre meublée à louer - Métro Langelier,"Parc-Laurier, Le Plateau-Mont-Royal",N/A,N/A,N/A,N/A,N/A,https://www.kijiji.ca/v-room-rental-roommate/ville-de-montreal/chambre-meublee-a-louer-metro-langelier/1742779990
1742779628,"1,380.00","3 1/2 rénové, meublé, avec thermopompe dans Rosemont","Rosemont, City of Montréal",1,1,Apartment,0,650,https://www.kijiji.ca/v-apartments-condos/ville-de-montreal/3-1-2-renove-meuble-avec-thermopompe-dans-rosemont/1742779628
1741201896,"1,450.00",4 1/2 haut triplex 2 chambres fermées Ahuntsic Métro Crémazie,"Saint-Simon, Montréal",2,1,Apartment,0,850,https://www.kijiji.ca/v-apartments-condos/ville-de-montreal/4-1-2-haut-triplex-2-chambres-fermees-ahuntsic-metro-cremazie/1741201896
1742779066,"1,400.00",À louer –  3 ½ au rez-de-chaussée,"Parc-Lafontaine, Montréal",1,1,Apartment,1,N/A,https://www.kijiji.ca/v-apartments-condos/ville-de-montreal/a-louer-3-au-rez-de-chaussee/1742779066
1742778938,785.00,BELLES CH. DANS BELLE MAISON BIEN SITUÉE FACE PARC PRÈS UDEM/HEC,"Côte-des-Neiges, Côte-Des-Neiges—Notre-Dame-De-Grâce",N/A,N/A,N/A,N/A,N/A,https://www.kijiji.ca/v-room-rental-roommate/ville-de-montreal/belles-ch-dans-belle-maison-bien-situee-face-parc-pres-udem-hec/1742778938
1742778914,"1,460.00", Magnifique 3 ½ style condo ,"Bois-des-Filion, Laval / North Shore",1,1,Apartment,2,600,https://www.kijiji.ca/v-apartments-condos/laval-rive-nord/magnifique-3-style-condo/1742778914
1742778858,650.00, CHAMBRE MEUBLÉE TOUT COMPRIS _ANJOU,"Mercier-Est / Tétreaultville, City of Montréal",N/A,N/A,N/A,N/A,N/A,https://www.kijiji.ca/v-room-rental-roommate/ville-de-montreal/chambre-meublee-tout-compris-_anjou/1742778858
1742778840,"1,280.00",Excellent appartement à  43e rue et PI E IX,"Saint-Michel, Montréal",2,1,Apartment,0,400,https://www.kijiji.ca/v-apartments-condos/ville-de-montreal/excellent-appartement-a-43e-rue-et-pi-e-ix/1742778840
1742778696,"1,750.00",BEAU 41/2 TOUT MEUBLÉ FACE PARC BIEN SITUÉ PRÈS UDEM,"Côte-des-Neiges, Côte-Des-Neiges—Notre-Dame-De-Grâce",2.5,1,Apartment,0,1450,https://www.kijiji.ca/v-apartments-condos/ville-de-montreal/beau-41-2-tout-meuble-face-parc-bien-situe-pres-udem/1742778696
1740652415,"2,200.00",4 et demi meublé et tout inclus,"Griffintown, City of Montréal",N/A,N/A,N/A,N/A,N/A,https://www.kijiji.ca/v-short-term-rental/ville-de-montreal/4-et-demi-meuble-et-tout-inclus/1740652415
1741833976,"1,725.00",BRIGHT 4 1/2 DOWNTOWN metro St. Henri - UNDER RENOVATION,"Saint-Henry, Montreal",2,1,Duplex/Triplex,0,1000,https://www.kijiji.ca/v-apartments-condos/ville-de-montreal/bright-4-1-2-downtown-metro-st-henri-under-renovation/1741833976
1739209591,"1,900.00",Lumineux 5 1/2 Rosemont à louer,"Rosemont, Montréal",3,1,Duplex/Triplex,0,N/A,https://www.kijiji.ca/v-apartments-condos/ville-de-montreal/lumineux-5-1-2-rosemont-a-louer/1739209591
1742778228,"1,075.00",Joli studio avec chambre fermée à Rosemont,"Old Rosemont, Montréal",1,1,Apartment,0,400,https://www.kijiji.ca/v-apartments-condos/ville-de-montreal/joli-studio-avec-chambre-fermee-a-rosemont/1742778228
1742778086,"1,750.00",3 bedrooms apartment with 2 parkings and 2 balconies,"Saint-Luc Junction, Côte Saint-Luc",3,1,Condo,2,1000,https://www.kijiji.ca/v-apartments-condos/ville-de-montreal/3-bedrooms-apartment-with-2-parkings-and-2-balconies/1742778086
1742777990,"1,450.00",4 ½ À Louer  - Métro PIE IX,"New Rosemont, Mercier-Hochelaga-Maisonneuve",2,1,Apartment,0,800,https://www.kijiji.ca/v-apartments-condos/ville-de-montreal/4-a-louer-metro-pie-ix/1742777990
1742777776,"1,470.00",Spacious 4½ apartment available for rent in a great location.,"Centre-Sud, Montreal",2,1,Apartment,0,N/A,https://www.kijiji.ca/v-apartments-condos/ville-de-montreal/spacious-4-apartment-available-for-rent-in-a-great-location/1742777776
1739302484,700.00,COLOC AHUNTSIC MONTREAL - GRANDE CHAMBRE À LOUER,"Ahuntsic, Montréal",N/A,N/A,N/A,N/A,N/A,https://www.kijiji.ca/v-room-rental-roommate/ville-de-montreal/coloc-ahuntsic-montreal-grande-chambre-a-louer/1739302484
1742777658,"1,595.00",4½ RÉNOVÉ – 2 BALCONS – TRÈS LUMINEUX – AHUNTSIC ,"André-Grasset, City of Montréal",2,1,Apartment,0,800,https://www.kijiji.ca/v-apartments-condos/ville-de-montreal/4-renove-2-balcons-tres-lumineux-ahuntsic/1742777658
1709315111,"1,275.00","3.5 Tout Rénové, électroménagers inclus, Metro Langelier (14-4)",City of Montréal,1,1,Apartment,0,N/A,https://www.kijiji.ca/v-apartments-condos/ville-de-montreal/3-5-tout-renove-electromenagers-inclus-metro-langelier-14-4/1709315111
1742777652,"1,125.00",À LOUER À SAINT-ZOTIQUE — GRAND 4 ½ LUMINEUX ET TRÈS CALME,"Saint-Zotique, Saint-Zotique",2,1,Apartment,2,646,https://www.kijiji.ca/v-apartments-condos/ouest-de-lile-qc/a-louer-a-saint-zotique-grand-4-lumineux-et-tres-calme/1742777652
1742777531,"1,950.00",2 CHAMBRES MEUBLÉES SEPTEMBRE 2026 PLATEAU,"Saint-Louis, Montreal",N/A,N/A,N/A,N/A,N/A,https://www.kijiji.ca/v-short-term-rental/ville-de-montreal/2-chambres-meublees-septembre-2026-plateau/1742777531
1742777460,995.00,Studio meublé et équipé à côté de l’université de Montréal,"Côte-des-Neiges, City of Montréal",0,1,Apartment,0,250,https://www.kijiji.ca/v-apartments-condos/ville-de-montreal/studio-meuble-et-equipe-a-cote-de-l-universite-de-montreal/1742777460
1742777439,"5,300.00",2 Beds + Den + 2 Baths ALL Included- Point Saint Charles,"Pointe Saint Charles, Montreal",N/A,N/A,N/A,N/A,N/A,https://www.kijiji.ca/v-short-term-rental/ville-de-montreal/2-beds-den-2-baths-all-included-point-saint-charles/1742777439
1742777413,"1,850.00",Logement à louer au cœur dAhuntsic,"Ahuntsic, Montreal",2,1,Duplex/Triplex,0,1200,https://www.kijiji.ca/v-apartments-condos/ville-de-montreal/logement-a-louer-au-coeur-dahuntsic/1742777413
1532548687,575.00,Espace à louer pour coiffeuse/coiffeur autonome,"Saint-Constant, Longueuil / South Shore",N/A,N/A,N/A,N/A,N/A,https://www.kijiji.ca/v-commercial-office-space/longueuil-rive-sud/espace-a-louer-pour-coiffeuse-coiffeur-autonome/1532548687
1742776947,"1,250.00",Tres grand appartement - Very spacious 3 1/2 (Cote-Des-Neiges)$,"Côte-des-Neiges, Côte-Des-Neiges—Notre-Dame-De-Grâce",1,1,Apartment,0,550,https://www.kijiji.ca/v-apartments-condos/ville-de-montreal/tres-grand-appartement-very-spacious-3-1-2-cote-des-neiges/1742776947
1742776371,"1,595.00",Beau 4 ½ situé au rez-de-chaussée,"Hochelaga-Maisonneuve, Montréal",2,1,Apartment,1,850,https://www.kijiji.ca/v-apartments-condos/ville-de-montreal/beau-4-situe-au-rez-de-chaussee/1742776371
1742776204,"3,500.00",3 beds +1.5 ALL included - Point Saint Charles,"Pointe Saint Charles, Montreal",N/A,N/A,N/A,N/A,N/A,https://www.kijiji.ca/v-short-term-rental/ville-de-montreal/3-beds-1-5-all-included-point-saint-charles/1742776204
1726227984,"1,470.00",H4 - Furnished Apartment - Plateau-Mont-Royal,"De Lorimier, Montréal",1,1,Apartment,0,500,https://www.kijiji.ca/v-apartments-condos/ville-de-montreal/h4-furnished-apartment-plateau-mont-royal/1726227984
1742776133,"1,300.00",New 3 1/2 condo close to camp of university montreal,"Côte-des-Neiges, Montreal",1,1,Condo,0,650,https://www.kijiji.ca/v-apartments-condos/ville-de-montreal/new-3-1-2-condo-close-to-camp-of-university-montreal/1742776133
1742775591,"1,800.00","5-1/2, métro Cartier, balcon & cour, stationnement ext","Laval-des-Rapides, Laval",3,1,Apartment,1,1000,https://www.kijiji.ca/v-apartments-condos/laval-rive-nord/5-1-2-metro-cartier-balcon-cour-stationnement-ext/1742775591
1742775565,"1,225.00",Super logement 3 1/2 à louer,"La Petite-Patrie, Montreal",1,1,Apartment,0,500,https://www.kijiji.ca/v-apartments-condos/ville-de-montreal/super-logement-3-1-2-a-louer/1742775565
1742775381,"1,030.00","Studio Basement Apt — Marcil & De Maisonneuve, NDG","Notre-Dame-de-Grâce, Montreal",0,1,Basement,0,530,https://www.kijiji.ca/v-apartments-condos/ville-de-montreal/studio-basement-apt-marcil-de-maisonneuve-ndg/1742775381
1736453894,"1,350.00","4 1/2 Rénové+ garage+rangement à louer rue de Rouville,","Hochelaga-Maisonneuve, Montreal",2,1,Apartment,1,N/A,https://www.kijiji.ca/v-apartments-condos/ville-de-montreal/4-1-2-renove-garage-rangement-a-louer-rue-de-rouville/1736453894
1740389672,"2,700.00",Condo 4 1/2 à louer boulevard Édouard-Montpetit,"Côte-des-Neiges, Montreal",2,1,Apartment,0,927,https://www.kijiji.ca/v-apartments-condos/ville-de-montreal/condo-4-1-2-a-louer-boulevard-edouard-montpetit/1740389672
1737893539,"1,250.00","Studio,louer,rent,downtown, Montréal, centre-ville",Montreal,0,1,Apartment,0,N/A,https://www.kijiji.ca/v-apartments-condos/ville-de-montreal/studio-louer-rent-downtown-montreal-centre-ville/1737893539
1742774808,500.00,cherche une chambre aux sous sol ou dernier étage,"Lacordaire Park, City of Montréal",N/A,N/A,N/A,N/A,N/A,https://www.kijiji.ca/v-room-rental-roommate/ville-de-montreal/cherche-une-chambre-aux-sous-sol-ou-dernier-etage/1742774808
1742774574,"1,300.00",Transfert de bail,"Hochelaga-Maisonneuve, City of Montréal",1,1.5,Apartment,0,1234,https://www.kijiji.ca/v-apartments-condos/ville-de-montreal/transfert-de-bail/1742774574
1742774507,"1,610.00",JOLIE 2CH MEUBLÉ FURNISHED NEAR METRO/UDM/POLY/HEC  ENSOLEILLE,"Snowdon, Côte-Des-Neiges—Notre-Dame-De-Grâce",2,1,Apartment,0,850,https://www.kijiji.ca/v-apartments-condos/ville-de-montreal/jolie-2ch-meuble-furnished-near-metro-udm-poly-hec-ensoleille/1742774507
1742774502,"1,600.00",5 1/2 apartment duplex for rent,"Frederic-Back Park, City of Montréal",3,1,Duplex/Triplex,0,1700,https://www.kijiji.ca/v-apartments-condos/ville-de-montreal/5-1-2-apartment-duplex-for-rent/1742774502
1742538162,"1,250.00","Très beau 3 ½, métro de la Concorde","Laval-des-Rapides, Laval-des-Rapides",1,1,Duplex/Triplex,1,550,https://www.kijiji.ca/v-apartments-condos/laval-rive-nord/tres-beau-3-metro-de-la-concorde/1742538162
1742492361,785.00,Chambre pour fille dans grand 5 et demi Verdun,"La Petite-Patrie, Montréal",3.5,1,Apartment,0,1300,https://www.kijiji.ca/v-apartments-condos/ville-de-montreal/chambre-pour-fille-dans-grand-5-et-demi-verdun/1742492361
1738169116,"1,100.00","Grand, Propre, Rénové 3 1/2 Anjou, 5 Électroménagers","Peterborough Park, Anjou",1,1,Apartment,0,600,https://www.kijiji.ca/v-apartments-condos/ville-de-montreal/grand-propre-renove-3-1-2-anjou-5-electromenagers/1738169116
1736792470,"1,050.00",STUDIO A LOUER,"Centre-Sud, Laval",0,1,Apartment,0,200,https://www.kijiji.ca/v-apartments-condos/ville-de-montreal/studio-a-louer/1736792470
1742774352,"1,575.00",À louer – Condo entièrement meublé centre-ville Montreal,"Quartier-des-Spectacles, Montreal",1,1,Condo,0,571,https://www.kijiji.ca/v-apartments-condos/ville-de-montreal/a-louer-condo-entierement-meuble-centre-ville-montreal/1742774352
1742774234,Please Contact,Appart. (to rent) à louer incluant parking privé papineau ave.,"Rosemont, Rosemont—La Petite-Patrie",3,1,Duplex/Triplex,2,1280,https://www.kijiji.ca/v-apartments-condos/ville-de-montreal/appart-to-rent-a-louer-incluant-parking-prive-papineau-ave/1742774234
1742773400,"1,189.00",3/2 a louer,"Saint-Vincent-de-Paul, Longueuil / South Shore",1,1,Apartment,1,30,https://www.kijiji.ca/v-apartments-condos/longueuil-rive-sud/3-2-a-louer/1742773400
1742773342,660.00,chambre a louer au centre-ville ,"Westmount Park, City of Montréal",N/A,N/A,N/A,N/A,N/A,https://www.kijiji.ca/v-room-rental-roommate/ville-de-montreal/chambre-a-louer-au-centre-ville/1742773342
1742773334,"1,730.00","Cession de bail 4½ rénové – Avenue Sacré-Cœur, Villeray ! 1730$","Ahuntsic, Montréal",N/A,N/A,N/A,N/A,N/A,https://www.kijiji.ca/v-short-term-rental/ville-de-montreal/cession-de-bail-4-renove-avenue-sacre-coeur-villeray-1730/1742773334
1742773284,"1,585.00",4 1/2 à louer Brossard,"sector A, Brossard",2,1.5,Apartment,1,800,https://www.kijiji.ca/v-apartments-condos/longueuil-rive-sud/4-1-2-a-louer-brossard/1742773284
1742773276,"2,000.00",Maison à louer à Charlemagne,"Charlemagne, Laval / North Shore",4.5,2,House,1,1000,https://www.kijiji.ca/v-apartments-condos/laval-rive-nord/maison-a-louer-a-charlemagne/1742773276
1736204010,600.00,chambre a louer Montréal Nord,"Lacordaire Park, City of Montréal",N/A,N/A,N/A,N/A,N/A,https://www.kijiji.ca/v-room-rental-roommate/ville-de-montreal/chambre-a-louer-montreal-nord/1736204010
1742769244,850.00,3 1/2 a louer pour 1 octobre,"Bordeaux, Montréal",1,1,Duplex/Triplex,0,850,https://www.kijiji.ca/v-apartments-condos/ville-de-montreal/3-1-2-a-louer-pour-1-octobre/1742769244
1742773105,"1,550.00",Modern 3 ½ Condo in LaSalle – Steps from Angrignon Metro & Park!,"Angrignon, Montreal",1,1,Condo,0,50,https://www.kijiji.ca/v-apartments-condos/ville-de-montreal/modern-3-condo-in-lasalle-steps-from-angrignon-metro-park/1742773105
1734650462,"1,195.00",3 ½ for rent New and beautiful studio in Côte-des-Neiges. Fully,montreal,1,1,Apartment,0,N/A,https://www.kijiji.ca/v-apartments-condos/ville-de-montreal/3-for-rent-new-and-beautiful-studio-in-cote-des-neiges-fully/1734650462
1739143337,850.00,À louer – 1070-2  Studio situé dans l’immeuble. Cuisine avec poê,"Villeray, City of Montréal",0,1,Apartment,0,N/A,https://www.kijiji.ca/v-apartments-condos/ville-de-montreal/a-louer-1070-2-studio-situe-dans-l-immeuble-cuisine-avec-poe/1739143337
1734650466,"1,025.00",2 ½ for rent New and beautiful studio in Côte-des-Neiges. Fully,City of Montréal,1,2.5,Apartment,0,N/A,https://www.kijiji.ca/v-apartments-condos/ville-de-montreal/2-for-rent-new-and-beautiful-studio-in-cote-des-neiges-fully/1734650466
1742772911,"1,490.00",Magnigique 4 1/2 rénové,"Rosemont, City of Montréal",2,1,Apartment,0,940,https://www.kijiji.ca/v-apartments-condos/ville-de-montreal/magnigique-4-1-2-renove/1742772911
1742772902,160.00,Chambre meublée à louer pour travailleur de la construction ,"Laflèche, Longueuil / South Shore",N/A,N/A,N/A,N/A,N/A,https://www.kijiji.ca/v-room-rental-roommate/longueuil-rive-sud/chambre-meublee-a-louer-pour-travailleur-de-la-construction/1742772902
1742772857,"1,125.00",À LOUER – 2 ½ / BACHELOR | NDG | 1 125 $/MOIS,"Lucien L'Allier, Ville-Marie",0,1,Apartment,0,580,https://www.kijiji.ca/v-apartments-condos/ville-de-montreal/a-louer-2-bachelor-ndg-1-125-mois/1742772857
1741268590,"1,775.00","5 1/2, 3 CHAMBRES, RÉNOVÉ, BIEN SITUÉ","De Lorimier, Montréal",3,1,Duplex/Triplex,0,1000,https://www.kijiji.ca/v-apartments-condos/ville-de-montreal/5-1-2-3-chambres-renove-bien-situe/1741268590
1737212558,"1,300.00",4 1/2  à louer à Anjou,"Lucie-Bruneau Park, Montreal",2,1,Apartment,0,N/A,https://www.kijiji.ca/v-apartments-condos/ville-de-montreal/4-1-2-a-louer-a-anjou/1737212558
1742769062,700.00,Chambre à louer avec salle de bain privée,"Côte-des-Neiges, City of Montréal",N/A,N/A,N/A,N/A,N/A,https://www.kijiji.ca/v-room-rental-roommate/ville-de-montreal/chambre-a-louer-avec-salle-de-bain-privee/1742769062
1742768859,"1,460.00",Location 3 1/2 Anjou – Cession de bail – 1460 $ – 1er octobre,"Saint-François d'Assise, Montreal",1,1,Condo,0,710,https://www.kijiji.ca/v-apartments-condos/ville-de-montreal/location-3-1-2-anjou-cession-de-bail-1460-1er-octobre/1742768859
1742768128,"1,850.00",fully furnished 3.5 condo for rent Dorval Quebec,"Pointe Picard, City of Montréal",1.5,1,Condo,1,570,https://www.kijiji.ca/v-apartments-condos/ville-de-montreal/fully-furnished-3-5-condo-for-rent-dorval-quebec/1742768128
1742768123,615.00,semi-studios ,"De Lorimier, City of Montréal",0,2,Apartment,0,35,https://www.kijiji.ca/v-apartments-condos/ville-de-montreal/semi-studios/1742768123
1720104721,"1,295.00",Verdun 3 1/2 tout inclus Metro Lasalle ou de l'Église,"Verdun, Montréal",1,1,Apartment,0,500,https://www.kijiji.ca/v-apartments-condos/ville-de-montreal/verdun-3-1-2-tout-inclus-metro-lasalle-ou-de-leglise/1720104721
1739895160,790.00,Quartier Rosemont/Angus,"Rosemont, City of Montréal",N/A,N/A,N/A,N/A,N/A,https://www.kijiji.ca/v-room-rental-roommate/ville-de-montreal/quartier-rosemont-angus/1739895160
1737619675,"1,395.00",Verdun 4 ½ Metro LaSalle / de l’Église,"Verdun, Montréal",2,1,Apartment,0,1000,https://www.kijiji.ca/v-apartments-condos/ville-de-montreal/verdun-4-metro-lasalle-de-l-eglise/1737619675
1741494367,"1,400.00",1 bedroom hall kitchen + den + patio available for sub lease,"Marcel Laurin Park, Saint-Laurent",1.5,1,Condo,0,700,https://www.kijiji.ca/v-apartments-condos/ville-de-montreal/1-bedroom-hall-kitchen-den-patio-available-for-sub-lease/1741494367
1742767868,"1,100.00","METRO FABRE, Bachelor 3-1/2, 1er octobre","Villeray, Villeray—Saint-Michel—Parc-Extension",1,1,Apartment,0,700,https://www.kijiji.ca/v-apartments-condos/ville-de-montreal/metro-fabre-bachelor-3-1-2-1er-octobre/1742767868
1742767515,"1,414.00",4 et demi a louer ,"Sacré-Coeur, Longueuil / South Shore",2,1,Duplex/Triplex,2,1200,https://www.kijiji.ca/v-apartments-condos/longueuil-rive-sud/4-et-demi-a-louer/1742767515
1742767511,"1,500.00",4 1/2 grand a louer Montreal Nord,"Ottawa Park, Montreal",2,1,Apartment,1,900,https://www.kijiji.ca/v-apartments-condos/ville-de-montreal/4-1-2-grand-a-louer-montreal-nord/1742767511
1742767481,"2,100.00",Cession de bail - 1er Octobre 5 1/2 (2 Bed 2 Bath),"Griffintown, City of Montréal",2,2,Condo,1,1050,https://www.kijiji.ca/v-apartments-condos/ville-de-montreal/cession-de-bail-1er-octobre-5-1-2-2-bed-2-bath/1742767481
1742295714,"1,765.00",Logement 3 chambres à coucher,"L'ile-Bizard, Montreal",3,1,Duplex/Triplex,2,900,https://www.kijiji.ca/v-apartments-condos/ville-de-montreal/logement-3-chambres-a-coucher/1742295714
1742766851,"1,650.00","Grand loft Vieux-Montréal, chiens acceptés - dispo 1er octobre","Old Montreal, City of Montréal",2,1,Apartment,0,968,https://www.kijiji.ca/v-apartments-condos/ville-de-montreal/grand-loft-vieux-montreal-chiens-acceptes-dispo-1er-octobre/1742766851
1742766807,"1,700.00","5½ rénové lumineux, 3 chambres, 2 balcons, Hochelaga-Maisonneuve","Hochelaga-Maisonneuve, Montreal",3,1,Apartment,0,950,https://www.kijiji.ca/v-apartments-condos/ville-de-montreal/5-renove-lumineux-3-chambres-2-balcons-hochelaga-maisonneuve/1742766807
1742766636,650.00,Chambre à louer/Anjou (coloc 4-1/2) $650 Tel: 438 932 2204,"Roger Rousseau Park, Montreal",N/A,N/A,N/A,N/A,N/A,https://www.kijiji.ca/v-room-rental-roommate/ville-de-montreal/chambre-a-louer-anjou-coloc-4-1-2-650-tel:-438-932-2204/1742766636
1742766317,625.00,chambre a louer ste thérèse ,"Sainte-Thérèse, Laval / North Shore",N/A,N/A,N/A,N/A,N/A,https://www.kijiji.ca/v-room-rental-roommate/laval-rive-nord/chambre-a-louer-ste-therese/1742766317
1742766258,"1,390.00",Spacious 3.5 Apartment near Metro Lionel-Groulx (Green & Orange),"Saint-Henry, City of Montréal",N/A,N/A,N/A,N/A,N/A,https://www.kijiji.ca/v-room-rental-roommate/ville-de-montreal/spacious-3-5-apartment-near-metro-lionel-groulx-green-orange/1742766258
1742772551,"1,400.00",2 bedrooms 1 bathroom apartment ,"Lefebvre Park, City of Montréal",2,1,Apartment,1,N/A,https://www.kijiji.ca/v-apartments-condos/ville-de-montreal/2-bedrooms-1-bathroom-apartment/1742772551
1742772370,600.00,chambre à louer,"Ottawa Park, Montréal",N/A,N/A,N/A,N/A,N/A,https://www.kijiji.ca/v-room-rental-roommate/ville-de-montreal/chambre-a-louer/1742772370
1742772174,"1,400.00",Grand 5 et demi ensoleillé Tetrauville,"Mercier-Est / Tétreaultville, Montreal",3,1,Apartment,0,1100,https://www.kijiji.ca/v-apartments-condos/ville-de-montreal/grand-5-et-demi-ensoleille-tetrauville/1742772174
1740230567,"1,980.00",51/2 NDG Metro Vendom,"Notre-Dame-de-Grâce, City of Montréal",5,2,Condo,1,1000,https://www.kijiji.ca/v-apartments-condos/ville-de-montreal/51-2-ndg-metro-vendom/1740230567
1742457195,"1,850.00",appartement a louer 4 1/2,"Chomedey, Laval / North Shore",2,1,Duplex/Triplex,1,800,https://www.kijiji.ca/v-apartments-condos/laval-rive-nord/appartement-a-louer-4-1-2/1742457195
1741598877,"1,400.00",Ndg 4 1/2,"Notre-Dame-de-Grâce, City of Montréal",2,1,Apartment,0,700,https://www.kijiji.ca/v-apartments-condos/ville-de-montreal/ndg-4-1-2/1741598877
1739185908,"1,555.00",Cède bail studio/bachelor (2 mois offerts),"Shaughnessy Village, Montréal",1,1,Apartment,0,465,https://www.kijiji.ca/v-apartments-condos/ville-de-montreal/cede-bail-studio-bachelor-2-mois-offerts/1739185908
1742198015,"1,450.00",condo for rent,"sector T, Longueuil / South Shore",1,1,Condo,1,688,https://www.kijiji.ca/v-apartments-condos/longueuil-rive-sud/condo-for-rent/1742198015
1742766057,"1,395.00",Grand et lumineux appartement 4 1/2 - 5 min du métro St-Michel,"Saint-Michel, Montréal",2,1,Apartment,0,980,https://www.kijiji.ca/v-apartments-condos/ville-de-montreal/grand-et-lumineux-appartement-4-1-2-5-min-du-metro-st-michel/1742766057
1742765519,"1,150.00",Bright 3 1/2 Semi-Basement - Heating Included,"Parc-Extension, City of Montréal",1,1,Apartment,0,550,https://www.kijiji.ca/v-apartments-condos/ville-de-montreal/bright-3-1-2-semi-basement-heating-included/1742765519
1742765493,"1,695.00",Appartement à louer,"Châteauguay, West Island",2,1,Duplex/Triplex,2,1200,https://www.kijiji.ca/v-apartments-condos/ouest-de-lile-qc/appartement-a-louer/1742765493
1737986057,"1,350.00",4 1|2 à louer,"Venise-en-Québec, Venise-en-Québec",2,1,Apartment,1,1100,https://www.kijiji.ca/v-apartments-condos/longueuil-rive-sud/4-1-2-a-louer/1737986057
1726483097,393.00,Offices for Rent / Location de Bureaux. - Saint Laurent,"De Liesse Industrial, City of Montréal",N/A,N/A,N/A,N/A,N/A,https://www.kijiji.ca/v-commercial-office-space/ville-de-montreal/offices-for-rent-location-de-bureaux-saint-laurent/1726483097
1742765391,755.00,Studio à Rosemont  1  1/2,"Old Rosemont, Montréal",0,1,Apartment,0,450,https://www.kijiji.ca/v-apartments-condos/ville-de-montreal/studio-a-rosemont-1-1-2/1742765391
1742765358,"1,190.00",GRAND 4½ À LOUER LAVAL MÉTRO DE LA CONCORDE STATIONNEMENT DISPO,"Pont-Viau, Laval",2.5,2,Apartment,1,1100,https://www.kijiji.ca/v-apartments-condos/laval-rive-nord/grand-4-a-louer-laval-metro-de-la-concorde-stationnement-dispo/1742765358
1742765340,"1,200.00",Cession de bail 3 1/2 tout inclus meublé pour octobre,"Mercier-Est / Tétreaultville, City of Montréal",1,1,Apartment,0,1000,https://www.kijiji.ca/v-apartments-condos/ville-de-montreal/cession-de-bail-3-1-2-tout-inclus-meuble-pour-octobre/1742765340
1742765065,"2,150.00","4½ rénové — cour, électros, climatisation — NDG / Monkland","Snowdon, City of Montréal",2,1,Apartment,0,1000,https://www.kijiji.ca/v-apartments-condos/ville-de-montreal/4-renove-cour-electros-climatisation-ndg-monkland/1742765065
1741631676,"2,180.00","71/2, 3 CaC, metro Beaubien","Little Italy, Montréal",5,1.5,Apartment,0,1200,https://www.kijiji.ca/v-apartments-condos/ville-de-montreal/71-2-3-cac-metro-beaubien/1741631676
1741774568,"4,100.00",Maison à louer à Brossard,"sector C, Brossard",3.5,2.5,Townhouse,2,1600,https://www.kijiji.ca/v-apartments-condos/longueuil-rive-sud/maison-a-louer-a-brossard/1741774568
1742764625,"1,215.00","Grand 3 ½ (500 pi2), 4 électros inclus - 1215 $ – Métro Rosemont","La Petite-Patrie, Rosemont—La Petite-Patrie",1,1,Duplex/Triplex,0,500,https://www.kijiji.ca/v-apartments-condos/ville-de-montreal/grand-3-500-pi2-4-electros-inclus-1215-metro-rosemont/1742764625
1742764244,"2,450.00",TRÈS GRAND 5 1/2 (Famille ou colocation),"Centre-Sud, City of Montréal",3.5,1.5,Apartment,0,2000,https://www.kijiji.ca/v-apartments-condos/ville-de-montreal/tres-grand-5-1-2-famille-ou-colocation/1742764244
1742771514,220.00,Montreal Metro Joliette Pie-IX Pied à terre à la semaine,"Hochelaga-Maisonneuve, Montréal",N/A,N/A,N/A,N/A,N/A,https://www.kijiji.ca/v-short-term-rental/ville-de-montreal/montreal-metro-joliette-pie-ix-pied-a-terre-a-la-semaine/1742771514
1742771285,725.00,chambre a louer,"Laflèche, Longueuil / South Shore",N/A,N/A,N/A,N/A,N/A,https://www.kijiji.ca/v-room-rental-roommate/longueuil-rive-sud/chambre-a-louer/1742771285
1742770805,525.00,1 bedroom available right away,"Vaudreuil-Dorion, Vaudreuil-Dorion",N/A,N/A,N/A,N/A,N/A,https://www.kijiji.ca/v-room-rental-roommate/ouest-de-lile-qc/1-bedroom-available-right-away/1742770805
1742770491,"1,300.00","3½ apartment - 1 bedroom, in Montreal / Lasalle for rent. $1,300","Cavelier Park, Montreal",1,1,Apartment,0,600,https://www.kijiji.ca/v-apartments-condos/ville-de-montreal/3-apartment-1-bedroom-in-montreal-lasalle-for-rent-1-300/1742770491
1742770375,"1,350.00",logement à louer ,"Vimont, Laval / North Shore",2,1,Apartment,1,800,https://www.kijiji.ca/v-apartments-condos/laval-rive-nord/logement-a-louer/1742770375
1742770220,"1,125.00", Magnifique 3 1/2 entièrement meublé ,"Pointe McDonald, City of Montréal",0,2,Apartment,0,680,https://www.kijiji.ca/v-apartments-condos/ville-de-montreal/magnifique-3-1-2-entierement-meuble/1742770220
1742769947,690.00,Chambre meublée .TOUT inclus!! Metro Beaubien/Fabre libre Now!!!,"La Petite-Patrie, Montreal",N/A,N/A,N/A,N/A,N/A,https://www.kijiji.ca/v-room-rental-roommate/ville-de-montreal/chambre-meublee-tout-inclus-metro-beaubien-fabre-libre-now/1742769947
1741824247,"1,975.00",5½ Apartment for Rent Waterfront Lasalle/Verdun,"Desmarchais-Crawford, Montreal",3,1,Apartment,0,1075,https://www.kijiji.ca/v-apartments-condos/ville-de-montreal/5-apartment-for-rent-waterfront-lasalle-verdun/1741824247
1742764032,"1,400.00","Grand condo 3 1/2,à 2 minutes à pied du métro Côte-des-Neiges","Côte-des-Neiges, Montreal",1,1,Condo,0,600,https://www.kijiji.ca/v-apartments-condos/ville-de-montreal/grand-condo-3-1-2-a-2-minutes-a-pied-du-metro-cote-des-neiges/1742764032
1742764031,925.00,Bedroom in a fully furnished apartment – lower Plateau,"Little Portugal, Montreal",N/A,N/A,N/A,N/A,N/A,https://www.kijiji.ca/v-short-term-rental/ville-de-montreal/bedroom-in-a-fully-furnished-apartment-lower-plateau/1742764031
1741821182,"1,420.00",Appartement 3 1/2 parfait à Villeray-Petite Italie!!,"Jarry Park, Montreal",1,1,Apartment,0,625,https://www.kijiji.ca/v-apartments-condos/ville-de-montreal/appartement-3-1-2-parfait-a-villeray-petite-italie/1741821182
1742763985,"1,095.00",Beau 3 1/2 rénové à louer  Hochelaga-Mercier,"Viauville, Montreal",1,1,Apartment,0,550,https://www.kijiji.ca/v-apartments-condos/ville-de-montreal/beau-3-1-2-renove-a-louer-hochelaga-mercier/1742763985
1740003791,"1,000.00",Appartement Studio a louer 795 rue Mistral,"Jarry Park, Montréal",1,1,Apartment,0,500,https://www.kijiji.ca/v-apartments-condos/ville-de-montreal/appartement-studio-a-louer-795-rue-mistral/1740003791
1742763822,"1,200.00",logement à louer 3 1/2 tout inclus sauf internet,"Blainville, Laval / North Shore",1.5,1,Basement,0,960,https://www.kijiji.ca/v-apartments-condos/laval-rive-nord/logement-a-louer-3-1-2-tout-inclus-sauf-internet/1742763822
1742763646,700.00,Bedroom in a fully furnished apartment – lower Plateau,"Little Portugal, Montreal",N/A,N/A,N/A,N/A,N/A,https://www.kijiji.ca/v-room-rental-roommate/ville-de-montreal/bedroom-in-a-fully-furnished-apartment-lower-plateau/1742763646
1742759229,"1,699.00",OLD PORT SUBLEASE,"Old Montreal, Montreal",1.5,1,Apartment,0,950,https://www.kijiji.ca/v-apartments-condos/ville-de-montreal/old-port-sublease/1742759229
1742763114,900.00,"Grand 3 1/2 Ahuntsic, Promenade Fleury","Sault-au-Récollet, Montréal",1,1,Apartment,0,1000,https://www.kijiji.ca/v-apartments-condos/ville-de-montreal/grand-3-1-2-ahuntsic-promenade-fleury/1742763114
1742758920,"1,200.00",Grand 3 1/2 à Ahuntsic.,"Ahuntsic, Montréal",N/A,N/A,N/A,N/A,N/A,https://www.kijiji.ca/v-short-term-rental/ville-de-montreal/grand-3-1-2-a-ahuntsic/1742758920
1742758753,"1,600.00","2min metro cartier 4 1/2,big yard,2big balcony3patking,4eletros","Laval-des-Rapides, Laval",2.5,1,Duplex/Triplex,3,1000,https://www.kijiji.ca/v-apartments-condos/laval-rive-nord/2min-metro-cartier-4-1-2-big-yard-2big-balcony3patking-4eletros/1742758753
1742758630,"1,295.00",5 1/2 demi sous-sol à louer Longueuil,"Bellerive, Longueuil / South Shore",2,1,Basement,1,800,https://www.kijiji.ca/v-apartments-condos/longueuil-rive-sud/5-1-2-demi-sous-sol-a-louer-longueuil/1742758630
1742758548,"2,450.00",Grand 4 1/2 rénové Villeray électricité+électros inclus,"Jarry Park, City of Montréal",2.5,1,Apartment,0,1000,https://www.kijiji.ca/v-apartments-condos/ville-de-montreal/grand-4-1-2-renove-villeray-electricite-electros-inclus/1742758548
1741430328,"1,395.00",3/1/2  Meublé - Villeray  DISPONIBLE POUR 1 À 4 MOIS,"Jarry Park, Montreal",N/A,N/A,N/A,N/A,N/A,https://www.kijiji.ca/v-short-term-rental/ville-de-montreal/3-1-2-meuble-villeray-disponible-pour-1-a-4-mois/1741430328
1740143216,"2,200.00","GRAND 5 1/2, 9e Avenue, Mtl. TOUT RÉNOVÉ. LIBRE MAINTENANT","Old Rosemont, Montréal",3,1,Apartment,0,1100,https://www.kijiji.ca/v-apartments-condos/ville-de-montreal/grand-5-1-2-9e-avenue-mtl-tout-renove-libre-maintenant/1740143216
1740106778,"1,850.00",4 1/2 à louer (RDC) / for rent (ground floor) - Verdun,"Desmarchais-Crawford, Montréal",2,1,Apartment,0,N/A,https://www.kijiji.ca/v-apartments-condos/ville-de-montreal/4-1-2-a-louer-rdc-for-rent-ground-floor-verdun/1740106778
1738151108,"1,490.00",3 1/2 entierement renove - Un mois gratuit,"Parc-Laurier, Montreal",1,1,Apartment,0,800,https://www.kijiji.ca/v-apartments-condos/ville-de-montreal/3-1-2-entierement-renove-un-mois-gratuit/1738151108
1742757202,"1,420.00",Plateau Mile-End 31/2,"Mile End, Montreal",1,1,Duplex/Triplex,0,750,https://www.kijiji.ca/v-apartments-condos/ville-de-montreal/plateau-mile-end-31-2/1742757202
1742756972,600.00,GRANDE CHAMBRE A MONTREAL EST,"Pointe-aux-Trembles South, Montréal",N/A,N/A,N/A,N/A,N/A,https://www.kijiji.ca/v-short-term-rental/ville-de-montreal/grande-chambre-a-montreal-est/1742756972
1742756531,"2,175.00",6 1/2  with dogs allowed,"The Old Greenfield Park, Longueuil / South Shore",4,2,Apartment,0,2400,https://www.kijiji.ca/v-apartments-condos/longueuil-rive-sud/6-1-2-with-dogs-allowed/1742756531
1742754550,"1,200.00",apartment for rent ,"Saint-Michel, City of Montréal",2,1,Apartment,0,1250,https://www.kijiji.ca/v-apartments-condos/ville-de-montreal/apartment-for-rent/1742754550
1742754256,Please Contact,6 Commercial Lofts available for rent in Mile-Ex,"Mile-Ex, City of Montréal",N/A,N/A,N/A,N/A,N/A,https://www.kijiji.ca/v-commercial-office-space/ville-de-montreal/6-commercial-lofts-available-for-rent-in-mile-ex/1742754256
1742187710,720.00,CHAMBRES MEUBLÉES TOUT INCLUS À LOUER – VILLE SAINT-LAURENT,"Gohier, Saint-Laurent",1,1,Apartment,0,980,https://www.kijiji.ca/v-apartments-condos/ville-de-montreal/chambres-meublees-tout-inclus-a-louer-ville-saint-laurent/1742187710
1742752332,995.00,"2 1/2 à louer, à Verdun, -5min du métro de l'Église, 995$/mois","Verdun, Montréal",0,1,Apartment,0,N/A,https://www.kijiji.ca/v-apartments-condos/ville-de-montreal/2-1-2-a-louer-a-verdun-5min-du-metro-de-leglise-995-mois/1742752332
1741487821,190.00,"Espace de garage à louer, près du Marché J-Talon * Petite-Italie","Little Italy, Montréal",N/A,N/A,N/A,N/A,N/A,https://www.kijiji.ca/v-storage-parking/ville-de-montreal/espace-de-garage-a-louer-pres-du-marche-j-talon-petite-italie/1741487821
1742752207,525.00,Room for rent near metro Pie IX,"Rosemont, City of Montréal",N/A,N/A,N/A,N/A,N/A,https://www.kijiji.ca/v-room-rental-roommate/ville-de-montreal/room-for-rent-near-metro-pie-ix/1742752207
1733294096,"2,100.00",Grand 5 1/2 Rénové en Mai 2025 Style Condo 2 étages Ville Émard,"Ville-Émard, Montreal",3,1,Apartment,0,1350,https://www.kijiji.ca/v-apartments-condos/ville-de-montreal/grand-5-1-2-renove-en-mai-2025-style-condo-2-etages-ville-emard/1733294096
1742751539,650.00,Chambre,"Villeray, Montreal",N/A,N/A,N/A,N/A,N/A,https://www.kijiji.ca/v-short-term-rental/ville-de-montreal/chambre/1742751539
1742762919,"1,825.00",Spacieux 3 1/2 dans Mercier-Ouest Meublé,"Mercier-Ouest / Longue-Pointe, City of Montréal",1,1,Condo,0,600,https://www.kijiji.ca/v-apartments-condos/ville-de-montreal/spacieux-3-1-2-dans-mercier-ouest-meuble/1742762919
1734337653,"1,095.00","Renovated, huge, 2 1/2, Snowdon metro, unique -heat & hydro","Snowdon, Montréal",1,1,Apartment,0,475,https://www.kijiji.ca/v-apartments-condos/ville-de-montreal/renovated-huge-2-1-2-snowdon-metro-unique-heat-hydro/1734337653
1742762267,900.00,"Room in 2bdr condo, Plateau, furnished, all included","Parc-Lafontaine, Montreal",N/A,N/A,N/A,N/A,N/A,https://www.kijiji.ca/v-room-rental-roommate/ville-de-montreal/room-in-2bdr-condo-plateau-furnished-all-included/1742762267
1742762147,"2,100.00",lease transfer ,"Westwood Park, City of Montréal",3,1.5,Townhouse,2,1000,https://www.kijiji.ca/v-apartments-condos/ville-de-montreal/lease-transfer/1742762147
1742761996,625.00,CHAMBRE MEUBLÉE TOUT INCLUS – MONTRÉAL-EST – LIBRE IMMÉDIATEMENT,"Pointe-aux-Trembles South, Montréal",N/A,N/A,N/A,N/A,N/A,https://www.kijiji.ca/v-room-rental-roommate/ville-de-montreal/chambre-meublee-tout-inclus-montreal-est-libre-immediatement/1742761996
1711192982,"1,825.00",Nouveaux appartements à louer à Delson - 4 et demi,Longueuil / South Shore,2,1,Apartment,0,N/A,https://www.kijiji.ca/v-apartments-condos/longueuil-rive-sud/nouveaux-appartements-a-louer-a-delson-4-et-demi/1711192982
1715650490,"1,415.00",PROMO - Appartements neufs à louer à Sainte-Julie – Studios,Longueuil / South Shore,0,1,Apartment,0,N/A,https://www.kijiji.ca/v-apartments-condos/longueuil-rive-sud/promo-appartements-neufs-a-louer-a-sainte-julie-studios/1715650490
1704957437,"2,220.00",**PROMO** - NOUVEAU - Appartements 4 1/2 à louer à St-Constant,Longueuil / South Shore,2,1,Apartment,0,N/A,https://www.kijiji.ca/v-apartments-condos/longueuil-rive-sud/promo-nouveau-appartements-4-1-2-a-louer-a-st-constant/1704957437
1715776656,"1,315.00",NOUVEAU - Appartements à louer à Valleyfield - 3 1/2,Valleyfield,1,1,Apartment,0,N/A,https://www.kijiji.ca/v-apartments-condos/longueuil-rive-sud/nouveau-appartements-a-louer-a-valleyfield-3-1-2/1715776656
1715650491,"2,430.00",PROMO - Appartements neufs à louer à Sainte-Julie – 4 1/2,Longueuil / South Shore,2,1,Apartment,0,N/A,https://www.kijiji.ca/v-apartments-condos/longueuil-rive-sud/promo-appartements-neufs-a-louer-a-sainte-julie-4-1-2/1715650491
1702042573,"1,715.00",**PROMO** - NOUVEAU - Appartements à louer à Valleyfield - 4 1/2,Longueuil / South Shore,2,1,Apartment,0,N/A,https://www.kijiji.ca/v-apartments-condos/longueuil-rive-sud/promo-nouveau-appartements-a-louer-a-valleyfield-4-1-2/1702042573
1704876418,"1,675.00",PROMO - NOUVEAU - Appartements 3 1/2 + DEN à louer à St-Constant,Longueuil / South Shore,1.5,1,Apartment,0,N/A,https://www.kijiji.ca/v-apartments-condos/longueuil-rive-sud/promo-nouveau-appartements-3-1-2-den-a-louer-a-st-constant/1704876418
1715650492,"1,515.00",PROMO - Appartements neufs à louer à Sainte-Julie –  3 1/2,Longueuil / South Shore,1,1,Apartment,0,N/A,https://www.kijiji.ca/v-apartments-condos/longueuil-rive-sud/promo-appartements-neufs-a-louer-a-sainte-julie-3-1-2/1715650492
1711213315,"1,630.00",**PROMO** - NOUVEAU - Appartements à louer à Delson - 3 1/2,Longueuil / South Shore,1,1,Apartment,0,N/A,https://www.kijiji.ca/v-apartments-condos/longueuil-rive-sud/promo-nouveau-appartements-a-louer-a-delson-3-1-2/1711213315
1739279429,"1,490.00",4 1/2 a louer St-Leonard,"Saint-Leonard West, Montreal",2,1,Apartment,0,850,https://www.kijiji.ca/v-apartments-condos/ville-de-montreal/4-1-2-a-louer-st-leonard/1739279429
1742761765,"1,850.00",3 bedrooms apartment at metro cote-vertu for rent ,"Gohier, City of Montréal",3,1,Apartment,1,800,https://www.kijiji.ca/v-apartments-condos/ville-de-montreal/3-bedrooms-apartment-at-metro-cote-vertu-for-rent/1742761765
1742403641,"1,575.00","5 1/2 in Saint-Henri, Montreal","Saint-Henry, City of Montréal",3,1,Apartment,0,1000,https://www.kijiji.ca/v-apartments-condos/ville-de-montreal/5-1-2-in-saint-henri-montreal/1742403641
1742761633,"1,990.00",Maison a louer avec GRAND GARAGE ,"Salaberry-de-Valleyfield, West Island",2.5,2,House,2,1800,https://www.kijiji.ca/v-apartments-condos/ouest-de-lile-qc/maison-a-louer-avec-grand-garage/1742761633
1742751132,"1,250.00",4 1/2 à Laval-des-rapides,"Laval-des-Rapides, Laval / North Shore",2,1,Apartment,0,850,https://www.kijiji.ca/v-apartments-condos/laval-rive-nord/4-1-2-a-laval-des-rapides/1742751132
1742751025,"1,395.00",3 1/2 metro préfontaine ,"Centre-Sud, City of Montréal",1,1,Apartment,0,600,https://www.kijiji.ca/v-apartments-condos/ville-de-montreal/3-1-2-metro-prefontaine/1742751025
1742325599,"1,850.00",Magnifique 5 1/2 à louer - Anjou - Disponible immédiatement,"Peterborough Park, Montréal",2.5,1,Duplex/Triplex,0,1045,https://www.kijiji.ca/v-apartments-condos/ville-de-montreal/magnifique-5-1-2-a-louer-anjou-disponible-immediatement/1742325599
1742750271,"1,400.00",Sous-location temporaire d’un 3 ½ meublé – Montréal,"Côte-des-Neiges, City of Montréal",N/A,N/A,N/A,N/A,N/A,https://www.kijiji.ca/v-short-term-rental/ville-de-montreal/sous-location-temporaire-d-un-3-meuble-montreal/1742750271
1742750196,"1,475.00",4 ½ | METRO ST-MICHEL | ÉLECTROS INCLUS | DISPO 1 OCT ou 1 NOV,"Saint-Michel, Montréal",2,1,Apartment,0,800,https://www.kijiji.ca/v-apartments-condos/ville-de-montreal/4-metro-st-michel-electros-inclus-dispo-1-oct-ou-1-nov/1742750196
1742750160,"1,350.00",*3 1/2 métro Snowdon*EAU CHAUDE & CHAUFFAGE INCLUS*,"Snowdon, Côte Saint-Luc",1,1,Apartment,0,750,https://www.kijiji.ca/v-apartments-condos/ville-de-montreal/3-1-2-metro-snowdon-eau-chaude-chauffage-inclus/1742750160
1742749903,850.00,"21/2 a louer , pres de cegep maisonneuve, 1720 AV Bourbonniere","Hochelaga-Maisonneuve, Montreal",1.5,1,Apartment,0,350,https://www.kijiji.ca/v-apartments-condos/ville-de-montreal/21-2-a-louer-pres-de-cegep-maisonneuve-1720-av-bourbonniere/1742749903
1740861736,900.00,"Appartement studio tout inclus à louer – Ahuntsic, Montréal","Cartierville, Montréal",0,1,Apartment,0,250,https://www.kijiji.ca/v-apartments-condos/ville-de-montreal/appartement-studio-tout-inclus-a-louer-ahuntsic-montreal/1740861736
1740706170,"1,350.00","BEAU GRANDE 41/2 prop, peint, WIFI,stat…","Pointe-aux-Trembles South, Montreal",2,1,Apartment,1,975,https://www.kijiji.ca/v-apartments-condos/ville-de-montreal/beau-grande-41-2-prop-peint-wifi-stat/1740706170
1742749532,650.00,Chambre et studio individuel meublé en bordure de Parc WiFi\Incl,"Ahuntsic, Montréal",N/A,N/A,N/A,N/A,N/A,https://www.kijiji.ca/v-room-rental-roommate/ville-de-montreal/chambre-et-studio-individuel-meuble-en-bordure-de-parc-wifi-incl/1742749532
1742749359,625.00,Room for rent immediately montreal,"Notre-Dame-de-Grâce, Montreal",N/A,N/A,N/A,N/A,N/A,https://www.kijiji.ca/v-room-rental-roommate/ville-de-montreal/room-for-rent-immediately-montreal/1742749359
1742749322,"2,495.00",Apartment Rental,"Côte-des-Neiges, City of Montréal",3,2,Apartment,0,1000,https://www.kijiji.ca/v-apartments-condos/ville-de-montreal/apartment-rental/1742749322
1742749236,675.00,Chambre en coloc meublée située en bordure d'un Parc\Métro\WIFI,"Ahuntsic, Montréal",N/A,N/A,N/A,N/A,N/A,https://www.kijiji.ca/v-room-rental-roommate/ville-de-montreal/chambre-en-coloc-meublee-situee-en-bordure-dun-parc-metro-wifi/1742749236
1742749220,"1,100.00",verdun metro 2 minutes walk 4 1/2 for rent,"Verdun, Montréal",2,1,Apartment,0,850,https://www.kijiji.ca/v-apartments-condos/ville-de-montreal/verdun-metro-2-minutes-walk-4-1-2-for-rent/1742749220
1741295462,"1,395.00",4 1/2 à louer (grand 4 1/2),"Saint-Michel, City of Montréal",2,1,Apartment,0,700,https://www.kijiji.ca/v-apartments-condos/ville-de-montreal/4-1-2-a-louer-grand-4-1-2/1741295462
1742748500,"1,200.00",3.5 apartment September 2026 (metro Cremazie) marché central ,"Saint-Simon, City of Montréal",1,1,Apartment,0,N/A,https://www.kijiji.ca/v-apartments-condos/ville-de-montreal/3-5-apartment-september-2026-metro-cremazie-marche-central/1742748500
1740641103,"1,950.00",Family-Friendly 4½ Townhouse w/ Private Backyard & Full Basement,"Ville-Émard, Montreal",4.5,1,Townhouse,0,1000,https://www.kijiji.ca/v-apartments-condos/ville-de-montreal/family-friendly-4-townhouse-w-private-backyard-full-basement/1740641103
1742748289,"1,375.00","2 chambres, a louer, st Eustache, rive nord, stationnement","Saint-Eustache, Saint-Eustache",2,1,Apartment,1,N/A,https://www.kijiji.ca/v-apartments-condos/laval-rive-nord/2-chambres-a-louer-st-eustache-rive-nord-stationnement/1742748289
1742748245,"1,575.00",grand 4 1/2 a louer st leonard,"André-Grasset, Montréal",2.5,1,Apartment,1,1200,https://www.kijiji.ca/v-apartments-condos/ville-de-montreal/grand-4-1-2-a-louer-st-leonard/1742748245
1742761573,"1,060.00",Furnished Apartment - 2 min walk to McGill,"Milton-Parc, Montreal",0,1,Apartment,0,250,https://www.kijiji.ca/v-apartments-condos/ville-de-montreal/furnished-apartment-2-min-walk-to-mcgill/1742761573
1742761440,"1,500.00",Beau 4 ½  ⭐ lumineux ⭐ 2 balcons,"Saint-Leonard West, City of Montréal",2,1,Apartment,0,800,https://www.kijiji.ca/v-apartments-condos/ville-de-montreal/beau-4-lumineux-2-balcons/1742761440
1742055210,"1,399.00","1 bedroom, 4 minutes walk from metro, 3rd floor, pet friendly","Pointe Saint Charles, Southwest",1,1.5,Apartment,0,600,https://www.kijiji.ca/v-apartments-condos/ville-de-montreal/1-bedroom-4-minutes-walk-from-metro-3rd-floor-pet-friendly/1742055210
1737624839,"1,800.00","Grand 5 1/2   lumineux - Large, bright 5 1/2 , Ahuntsic","Saint-Sulpice, City of Montréal",3,1,Apartment,0,1250,https://www.kijiji.ca/v-apartments-condos/ville-de-montreal/grand-5-1-2-lumineux-large-bright-5-1-2-ahuntsic/1737624839
1742761222,725.00,CHAMBRE ROULOTTE 30 PI- PRES DU FLEUVE,"Pointe-aux-Trembles South, Montréal",N/A,N/A,N/A,N/A,N/A,https://www.kijiji.ca/v-short-term-rental/ville-de-montreal/chambre-roulotte-30-pi-pres-du-fleuve/1742761222
1742761094,925.00,Ville St-Laurent 4 1/2 à louer $925/ mois,"Thimens Industrial, Montreal",2,1,Apartment,0,600,https://www.kijiji.ca/v-apartments-condos/ville-de-montreal/ville-st-laurent-4-1-2-a-louer-925-mois/1742761094
1736088399,"1,800.00",Condo à louer Villeray,"Jarry Park, Montreal",1,1,Condo,0,600,https://www.kijiji.ca/v-apartments-condos/ville-de-montreal/condo-a-louer-villeray/1736088399
1742760095,"2,300.00",Plateau Montreal:  Appartement 3ieme étage  (6 1/2),"De Lorimier, Montréal",2,1.5,Apartment,0,1050,https://www.kijiji.ca/v-apartments-condos/ville-de-montreal/plateau-montreal:-appartement-3ieme-etage-6-1-2/1742760095
1742759946,"2,100.00",Appartement à louer en plein cœur ❤️ de Villeray ,"Jarry Park, City of Montréal",4,1,Apartment,0,700,https://www.kijiji.ca/v-apartments-condos/ville-de-montreal/appartement-a-louer-en-plein-coeur-de-villeray/1742759946
1723045634,"1,895.00",4 1/2 with 2 bathrooms BRIGHT & SPACIOUS in West Island,West Island,2,2,Apartment,0,N/A,https://www.kijiji.ca/v-apartments-condos/ouest-de-lile-qc/4-1-2-with-2-bathrooms-bright-spacious-in-west-island/1723045634
1742759708,"1,150.00","Clean & Bright 4½ Apartment for Rent, Le Sud-Ouest, $1,150/month","Côte-Saint-Paul, Montreal",2,1,Apartment,0,750,https://www.kijiji.ca/v-apartments-condos/ville-de-montreal/clean-bright-4-apartment-for-rent-le-sud-ouest-1-150-month/1742759708
1742759705,"1,375.00",Grand 3 1/2 avec grande terrasse et garage intérieur,"Mercier-Est / Tétreaultville, City of Montréal",1,1,Condo,1,616,https://www.kijiji.ca/v-apartments-condos/ville-de-montreal/grand-3-1-2-avec-grande-terrasse-et-garage-interieur/1742759705
1742759607,"2,195.00","Detached 4 Bedroom house in LaSalle, 2.5 Bathrooms, $2,150/month","Lefebvre Park, Montreal",4,2.5,House,2,1800,https://www.kijiji.ca/v-apartments-condos/ville-de-montreal/detached-4-bedroom-house-in-lasalle-2-5-bathrooms-2-150-month/1742759607
1742759518,625.00,Ideal furnished room Downtown | All-in for Sept or Oct,"Shaughnessy Village, Montreal",1,2,Apartment,0,100,https://www.kijiji.ca/v-apartments-condos/ville-de-montreal/ideal-furnished-room-downtown-all-in-for-sept-or-oct/1742759518
1742485049,"2,650.00","Superbe 8½, Nouveau-Rosemont, 2 650$/mois","Saint-François d'Assise, Montréal",5,3,House,3,2486,https://www.kijiji.ca/v-apartments-condos/ville-de-montreal/superbe-8-nouveau-rosemont-2-650-mois/1742485049
1742759485,900.00,"Chambre meublée tout inclus, sur campus UdeM, métro, REM, libre","Côte-des-Neiges, Montréal",N/A,N/A,N/A,N/A,N/A,https://www.kijiji.ca/v-room-rental-roommate/ville-de-montreal/chambre-meublee-tout-inclus-sur-campus-udem-metro-rem-libre/1742759485
1742759468,625.00,Ideal furnished room Downtown | All-in for Sept or Oct,"Shaughnessy Village, Montreal",N/A,N/A,N/A,N/A,N/A,https://www.kijiji.ca/v-room-rental-roommate/ville-de-montreal/ideal-furnished-room-downtown-all-in-for-sept-or-oct/1742759468
1742759298,725.00,Big furnished room Downtown | All-in for Sept or Oct,"Shaughnessy Village, Montreal",1,2,Apartment,0,100,https://www.kijiji.ca/v-apartments-condos/ville-de-montreal/big-furnished-room-downtown-all-in-for-sept-or-oct/1742759298
1742748237,"1,200.00",31/2 to rent,"Ottawa Park, City of Montréal",1,1,Apartment,0,800,https://www.kijiji.ca/v-apartments-condos/ville-de-montreal/31-2-to-rent/1742748237
1742759259,650.00,CHAMBRE À LOUER--ROOMS FOR RENT ** MÉTRO CÔTE-VERTU,"Val-Royal, Montreal",N/A,N/A,N/A,N/A,N/A,https://www.kijiji.ca/v-room-rental-roommate/ville-de-montreal/chambre-a-louer-rooms-for-rent-metro-cote-vertu/1742759259
1742759254,725.00,Big furnished room Downtown | All-in for Sept or Oct,"Shaughnessy Village, Montreal",N/A,N/A,N/A,N/A,N/A,https://www.kijiji.ca/v-room-rental-roommate/ville-de-montreal/big-furnished-room-downtown-all-in-for-sept-or-oct/1742759254
1669172307,"1,450.00",apartment for rent 4-1/2 in Saint lambert (Longueuil) J4S 1G8,"Saint-Lambert, Saint-Lambert",2,1,Apartment,1,900,https://www.kijiji.ca/v-apartments-condos/longueuil-rive-sud/apartment-for-rent-4-1-2-in-saint-lambert-longueuil-j4s-1g8/1669172307
1739984792,"1,795.00",The Quartz Montreal Apartments - 1 Bedroom + Den available at 65,Montréal,1.5,1,Apartment,0,737,https://www.kijiji.ca/v-apartments-condos/ville-de-montreal/the-quartz-montreal-apartments-1-bedroom-den-available-at-65/1739984792
1742748186,"1,295.00","2 chambres, a louer, for rent, montreal, sherbrooke, metro","Hochelaga-Maisonneuve, Montréal",2,1,Apartment,0,N/A,https://www.kijiji.ca/v-apartments-condos/ville-de-montreal/2-chambres-a-louer-for-rent-montreal-sherbrooke-metro/1742748186
1742742630,"1,150.00",Sous-location chambre double 3 1/2studio style,"Parc-Extension, City of Montréal",0,1,Apartment,0,150,https://www.kijiji.ca/v-apartments-condos/ville-de-montreal/sous-location-chambre-double-3-1-2studio-style/1742742630
1739984785,"1,335.00",Habitat 2500 Apartments - Junior 1 Bedroom available at 2500 Cav,"Notre-Dame-de-Grâce, City of Montréal",1,1,Apartment,0,533,https://www.kijiji.ca/v-apartments-condos/ville-de-montreal/habitat-2500-apartments-junior-1-bedroom-available-at-2500-cav/1739984785
1739984795,"1,495.00",The Saguenay Apartments - 1 Bedroom available at 135 East Sherbr,City of Montréal,1,1,Apartment,0,715,https://www.kijiji.ca/v-apartments-condos/ville-de-montreal/the-saguenay-apartments-1-bedroom-available-at-135-east-sherbr/1739984795
1739984790,"1,445.00",The Quartz Montreal Apartments - 1 Bedroom available at 6500 Dec,Montréal,1,1,Apartment,0,675,https://www.kijiji.ca/v-apartments-condos/ville-de-montreal/the-quartz-montreal-apartments-1-bedroom-available-at-6500-dec/1739984790
1718505142,"1,215.00",Domaine Bellerive Apartments - Bachelor available at 1 Place De ,Laval,0,1,Apartment,0,420,https://www.kijiji.ca/v-apartments-condos/laval-rive-nord/domaine-bellerive-apartments-bachelor-available-at-1-place-de/1718505142
1733924241,"1,459.00","Apartment for Rent at Trent &amp; Kingsley, Cote Saint-Luc",City of Montréal,1,1,Apartment,0,701,https://www.kijiji.ca/v-apartments-condos/ville-de-montreal/apartment-for-rent-at-trent-amp-kingsley-cote-saint-luc/1733924241
1731148287,"1,995.00","4.5, 2,chambre,for,to,rent,à,louer,west island,ouest,ile",City of Montréal,2,1,Apartment,0,N/A,https://www.kijiji.ca/v-apartments-condos/ville-de-montreal/4-5-2-chambre-for-to-rent-a-louer-west-island-ouest-ile/1731148287
1731148290,"1,995.00","4 1/2, 2 chambres, a louer, condo, immeuble neuf, Montreal",City of Montréal,2,1,Apartment,0,N/A,https://www.kijiji.ca/v-apartments-condos/ville-de-montreal/4-1-2-2-chambres-a-louer-condo-immeuble-neuf-montreal/1731148290
1731148286,"1,950.00","41/2,2,bedrooms,chambres,louer,for,to,rent,Laval",Laval / North Shore,2,3,Apartment,0,N/A,https://www.kijiji.ca/v-apartments-condos/laval-rive-nord/41-2-2-bedrooms-chambres-louer-for-to-rent-laval/1731148286
1741352219,"1,095.00",renovated studio apartment near blvd Saint-Larent - ID 1617,"Little Portugal, City of Montréal",0,1,Apartment,0,250,https://www.kijiji.ca/v-apartments-condos/ville-de-montreal/renovated-studio-apartment-near-blvd-saint-larent-id-1617/1741352219
1739970278,"2,295.00","renovated 2-bed, 2-bath condo for Sept 1, Westmount - ID 2589",Montreal,2,2,Apartment,0,1100,https://www.kijiji.ca/v-apartments-condos/ville-de-montreal/renovated-2-bed-2-bath-condo-for-sept-1-westmount-id-2589/1739970278
1739970253,"1,495.00","modern 4.5 apartment for rent, Saint-Lambert, Sept 1 - ID 4593",Saint-Lambert,2,1,Apartment,0,800,https://www.kijiji.ca/v-apartments-condos/longueuil-rive-sud/modern-4-5-apartment-for-rent-saint-lambert-sept-1-id-4593/1739970253
1739970033,"1,645.00",Bois-de-Boulogne Apartments - 2 Bedroom available at 10250 Du Bo,Montréal,2,1,Apartment,0,790,https://www.kijiji.ca/v-apartments-condos/ville-de-montreal/bois-de-boulogne-apartments-2-bedroom-available-at-10250-du-bo/1739970033
1741351854,"1,829.00",Central Parc Laval - 1 Bedroom (Violette III) Apartment for Rent,Laval / North Shore,1,1,Apartment,0,682,https://www.kijiji.ca/v-apartments-condos/laval-rive-nord/central-parc-laval-1-bedroom-violette-iii-apartment-for-rent/1741351854
1733920816,"1,895.00","4 1/2, 2 chambres, à louer,TOUT INCLUS,St-Laurent, Saint Laurent",City of Montréal,2,1,Apartment,0,N/A,https://www.kijiji.ca/v-apartments-condos/ville-de-montreal/4-1-2-2-chambres-a-louer-tout-inclus-st-laurent-saint-laurent/1733920816
1735351313,"1,395.00","loft,mont royal,mile end,studio,Montreal",City of Montréal,0,1,Apartment,0,N/A,https://www.kijiji.ca/v-apartments-condos/ville-de-montreal/loft-mont-royal-mile-end-studio-montreal/1735351313
1739964564,"1,574.00",Spacious 1 bedroom apartment in Ahuntsic - ID 2971,Montreal,1,1,Apartment,0,760,https://www.kijiji.ca/v-apartments-condos/ville-de-montreal/spacious-1-bedroom-apartment-in-ahuntsic-id-2971/1739964564
1742748078,"1,450.00",Appartement à Louer 4 1/2 LACHINE Apartment for rent,"Ville Saint-Pierre, Montreal",2,1,Duplex/Triplex,0,710,https://www.kijiji.ca/v-apartments-condos/ville-de-montreal/appartement-a-louer-4-1-2-lachine-apartment-for-rent/1742748078
1742467463,"2,000.00","6 1/2 sur deux étages à 2 pas du Plateau, UQAM et Quartier latin","Gay Village, Montréal",4,1.5,Apartment,1,1200,https://www.kijiji.ca/v-apartments-condos/ville-de-montreal/6-1-2-sur-deux-etages-a-2-pas-du-plateau-uqam-et-quartier-latin/1742467463
1741569478,"1,475.00","Apartment for rent - Bright 2 bdrm, 3rd floor, Parc metro","Parc-Extension, Montréal",2,1,Apartment,0,1000,https://www.kijiji.ca/v-apartments-condos/ville-de-montreal/apartment-for-rent-bright-2-bdrm-3rd-floor-parc-metro/1741569478
1742747785,"1,300.00","NDG Large 4 1/2, Heated ","Notre-Dame-de-Grâce, City of Montréal",2,1,Apartment,0,875,https://www.kijiji.ca/v-apartments-condos/ville-de-montreal/ndg-large-4-1-2-heated/1742747785
1742747592,"1,350.00","Condo-hôtel,  studio,  formule tout inclus, Vieux-Longueuil.","Notre-Dame-de-la-Garde, Longueuil",N/A,N/A,N/A,N/A,N/A,https://www.kijiji.ca/v-short-term-rental/longueuil-rive-sud/condo-hotel-studio-formule-tout-inclus-vieux-longueuil/1742747592
1740044666,"2,550.00",Maison à louer Sainte-Anne-des-Plaines,"Sainte-Anne-des-Plaines, Laval / North Shore",5,2,House,2,1500,https://www.kijiji.ca/v-apartments-condos/laval-rive-nord/maison-a-louer-sainte-anne-des-plaines/1740044666
1720534170,"1,400.00","Panoramic 10th-Floor 1-Bed, 1-Bath Condo","Meadowbrook, Côte Saint-Luc",1,1,Condo,1,700,https://www.kijiji.ca/v-apartments-condos/ville-de-montreal/panoramic-10th-floor-1-bed-1-bath-condo/1720534170
1740338704,"1,650.00",Magnifique 4 pièces - Métro Fabre,"Villeray, Montréal",2.5,1,Apartment,0,900,https://www.kijiji.ca/v-apartments-condos/ville-de-montreal/magnifique-4-pieces-metro-fabre/1740338704
1737848644,"1,000.00",3 1/2 à louer,"Villeray, City of Montréal",1,1,Apartment,0,705,https://www.kijiji.ca/v-apartments-condos/ville-de-montreal/3-1-2-a-louer/1737848644
1742465243,"2,275.00",ST-HENRI 6 1/2  Rénové à Louer / 6 1/2 Renovated Apt for Rent,"Saint-Henry, Montreal",2.5,1,Apartment,0,1050,https://www.kijiji.ca/v-apartments-condos/ville-de-montreal/st-henri-6-1-2-renove-a-louer-6-1-2-renovated-apt-for-rent/1742465243
1742746441,"1,700.00",Renovated 2-Bedroom Apartment in Ville Saint-Laurent,"Marcel Laurin Park, Montréal",2.5,1,Apartment,0,1100,https://www.kijiji.ca/v-apartments-condos/ville-de-montreal/renovated-2-bedroom-apartment-in-ville-saint-laurent/1742746441
1742746224,895.00,3 1/2 for rent in Montreal North (Lacordaire) à louer 3 1/2,"Charleroi Park, City of Montréal",1,1,Apartment,0,475,https://www.kijiji.ca/v-apartments-condos/ville-de-montreal/3-1-2-for-rent-in-montreal-north-lacordaire-a-louer-3-1-2/1742746224
1738540971,"1,600.00","4 1/2 À LOUER LAVAL - BLOC BÉTON, BORD DE L'EAU, TOUT INCLUS","Duvernay, Laval / North Shore",2,1,Apartment,0,N/A,https://www.kijiji.ca/v-apartments-condos/laval-rive-nord/4-1-2-a-louer-laval-bloc-beton-bord-de-leau-tout-inclus/1738540971
1738540972,"1,450.00",4 1/2 À LOUER LAVAL (VIMONT)-,Laval / North Shore,2,1,Apartment,0,N/A,https://www.kijiji.ca/v-apartments-condos/laval-rive-nord/4-1-2-a-louer-laval-vimont/1738540972
1738541008,"1,995.00",CONDO 4 1/2 À LOUER À MONTRÉAL – LACHINE,City of Montréal,2,2,Condo,0,1086,https://www.kijiji.ca/v-apartments-condos/ville-de-montreal/condo-4-1-2-a-louer-a-montreal-lachine/1738541008
1728154720,"1,295.00",Beautiful 3 1/2 Apartment Available in The Heart Of LaSalle,City of Montréal,1,1,Apartment,0,800,https://www.kijiji.ca/v-apartments-condos/ville-de-montreal/beautiful-3-1-2-apartment-available-in-the-heart-of-lasalle/1728154720
1733952520,"4,800.00",Luxury 2BR In Montreal | Fully Furnished | Flexible Lease,Montreal,N/A,N/A,N/A,N/A,N/A,https://www.kijiji.ca/v-short-term-rental/ville-de-montreal/luxury-2br-in-montreal-fully-furnished-flexible-lease/1733952520
1742742110,"2,275.00",2-bedroom apt for rent Plateau,"Saint-Louis, Montreal",2,1,Apartment,0,700,https://www.kijiji.ca/v-apartments-condos/ville-de-montreal/2-bedroom-apt-for-rent-plateau/1742742110
1742742074,"1,800.00",Lumineux et large 3 1/2 au centre ville / Bright and large 3 1/2,"Centre-Sud, Montréal",1,1,Condo,0,600,https://www.kijiji.ca/v-apartments-condos/ville-de-montreal/lumineux-et-large-3-1-2-au-centre-ville-bright-and-large-3-1-2/1742742074
1742741681,499.00,Room for Rent,"Snowdon, City of Montréal",N/A,N/A,N/A,N/A,N/A,https://www.kijiji.ca/v-room-rental-roommate/ville-de-montreal/room-for-rent/1742741681
1742741655,"1,400.00",4 1/2 Boul. Langelier - Pres METRO LANGELIER,"Mercier-Ouest / Longue-Pointe, Montréal",2.5,1,Apartment,0,700,https://www.kijiji.ca/v-apartments-condos/ville-de-montreal/4-1-2-boul-langelier-pres-metro-langelier/1742741655
1742741364,"1,900.00",5½ IN NDG 1-MIN WALK TO SNOWDON METRO,"Snowdon, Montreal",3.5,1,Apartment,0,1268,https://www.kijiji.ca/v-apartments-condos/ville-de-montreal/5-in-ndg-1-min-walk-to-snowdon-metro/1742741364
1742741230,975.00,Logement 3 1/2 NEUF à LaSalle,"Pointe McDonald, Montréal",1,1,Apartment,0,550,https://www.kijiji.ca/v-apartments-condos/ville-de-montreal/logement-3-1-2-neuf-a-lasalle/1742741230
1742741044,960.00,"4 chambres à louer, secteur côte des neiges pour sept 2026","Snowdon, Montréal",N/A,N/A,N/A,N/A,N/A,https://www.kijiji.ca/v-room-rental-roommate/ville-de-montreal/4-chambres-a-louer-secteur-cote-des-neiges-pour-sept-2026/1742741044
1742740833,"2,350.00",Maison de ville à louer,"Repentigny, Repentigny",3,2,Townhouse,2,777,https://www.kijiji.ca/v-apartments-condos/laval-rive-nord/maison-de-ville-a-louer/1742740833
1742740458,"1,645.00",SUPERBE 4 1/2 RÉNOVÉ. AVEC A/C. SECTEUR EN DEMANDE.TRÈS ENSOLLEI,"Vertu, Montreal",2,1,Apartment,0,825,https://www.kijiji.ca/v-apartments-condos/ville-de-montreal/superbe-4-1-2-renove-avec-a-c-secteur-en-demande-tres-ensollei/1742740458
1742740449,"1,850.00",Superbe 4 1/2 sur 2 étages à louer à Mascouche,"Mascouche, Laval / North Shore",2,1.5,Condo,2,1170,https://www.kijiji.ca/v-apartments-condos/laval-rive-nord/superbe-4-1-2-sur-2-etages-a-louer-a-mascouche/1742740449
1742313019,"1,075.00",Studio tout inclus a louer,"Hochelaga-Maisonneuve, Montreal",N/A,N/A,N/A,N/A,N/A,https://www.kijiji.ca/v-room-rental-roommate/ville-de-montreal/studio-tout-inclus-a-louer/1742313019
1742739729,"2,295.00","Grand 6 1/2 avec cour aménagée, Mercier","Mercier-Ouest / Longue-Pointe, City of Montréal",4,2,Apartment,1,1000,https://www.kijiji.ca/v-apartments-condos/ville-de-montreal/grand-6-1-2-avec-cour-amenagee-mercier/1742739729
1724693819,350.00,Garages à louer 11X22,"Marieville, Longueuil / South Shore",N/A,N/A,N/A,N/A,N/A,https://www.kijiji.ca/v-storage-parking/longueuil-rive-sud/garages-a-louer-11x22/1724693819
1741794038,"1,700.00",logement à louer ,"Ottawa Park, City of Montréal",3,1,Apartment,0,1350,https://www.kijiji.ca/v-apartments-condos/ville-de-montreal/logement-a-louer/1741794038
1742739436,"2,525.00",Grand Appartement 5 1/2 dans le Mile-End,"Mile End, Montréal",3,1,Apartment,1,1200,https://www.kijiji.ca/v-apartments-condos/ville-de-montreal/grand-appartement-5-1-2-dans-le-mile-end/1742739436
1742739411,"1,570.00",Appartement de 1 chambre et 1 salle de bain,"Sainte-Thérèse, Sainte-Thérèse",1,1,Apartment,1,645,https://www.kijiji.ca/v-apartments-condos/laval-rive-nord/appartement-de-1-chambre-et-1-salle-de-bain/1742739411
1742738699,Please Contact,Le Cardinal Moderne - Le comfort comme chez soi,"Pont-Viau, Laval",3,1,Apartment,2,1200,https://www.kijiji.ca/v-apartments-condos/laval-rive-nord/le-cardinal-moderne-le-comfort-comme-chez-soi/1742738699
1742738553,"1,415.00",belle appartement 4 1/2 à louer à Anjou,"Peterborough Park, City of Montréal",2,1,Apartment,0,639,https://www.kijiji.ca/v-apartments-condos/ville-de-montreal/belle-appartement-4-1-2-a-louer-a-anjou/1742738553
1739717552,"1,695.00",Étienne Bongo,"Frederic-Back Park, City of Montréal",1,1.5,Condo,3,1000,https://www.kijiji.ca/v-apartments-condos/ville-de-montreal/etienne-bongo/1739717552
1742745955,"1,550.00",Haut duplex 4 ½ Upper duplex NDG – Prix négociable,"Loyola, Montréal",2,1,Duplex/Triplex,0,800,https://www.kijiji.ca/v-apartments-condos/ville-de-montreal/haut-duplex-4-upper-duplex-ndg-prix-negociable/1742745955
1742745926,"1,700.00",4 1/2 fully equipped for rent,"Jarry Park, City of Montréal",4.5,1,Apartment,0,750,https://www.kijiji.ca/v-apartments-condos/ville-de-montreal/4-1-2-fully-equipped-for-rent/1742745926
1742745823,"1,650.00","Condo à louer | 304-3696 Montée Montrougeau, Laval (Fabreville)","Fabreville, Laval",2,1,Condo,1,956,https://www.kijiji.ca/v-apartments-condos/laval-rive-nord/condo-a-louer-304-3696-montee-montrougeau-laval-fabreville/1742745823
1742027333,"2,995.00",Modern Penthouse Apartment for Rent,"Connaught Park, Mount Royal",2,2,Apartment,1,1000,https://www.kijiji.ca/v-apartments-condos/ville-de-montreal/modern-penthouse-apartment-for-rent/1742027333
1742745780,"1,450.00",Condo 4 ½ Moderne (Béton) – Électros Inclus – Métro Frontenac,"Centre-Sud, Montreal",2,1,Condo,0,760,https://www.kijiji.ca/v-apartments-condos/ville-de-montreal/condo-4-moderne-beton-electros-inclus-metro-frontenac/1742745780
1742745749,970.00,Grand 3 1/2 à louer à Saint-colomban,"Blainville, Blainville",1,1,Apartment,1,750,https://www.kijiji.ca/v-apartments-condos/laval-rive-nord/grand-3-1-2-a-louer-a-saint-colomban/1742745749
1742745718,700.00,chambre à louer / room for rent ($700) - Longueuil,"Carillon - Saint-Pie-X, Longueuil / South Shore",N/A,N/A,N/A,N/A,N/A,https://www.kijiji.ca/v-room-rental-roommate/longueuil-rive-sud/chambre-a-louer-room-for-rent-700-longueuil/1742745718
1733432870,Please Contact,chambre à louer (travailleurs),"Varennes, Longueuil / South Shore",N/A,N/A,N/A,N/A,N/A,https://www.kijiji.ca/v-room-rental-roommate/longueuil-rive-sud/chambre-a-louer-travailleurs/1733432870
1742509814,"1,600.00",5 1/2 appartement a Louer / for rent apartment 4384907799,"Frederic-Back Park, Montreal",3,1,Apartment,0,750,https://www.kijiji.ca/v-apartments-condos/ville-de-montreal/5-1-2-appartement-a-louer-for-rent-apartment-4384907799/1742509814
1728022609,"1,170.00","Sunnybrooke - 1 Bedroom available at 5460 Sunnybrooke Avenue, Cô",Côte-Saint-Luc,1,1,Apartment,0,750,https://www.kijiji.ca/v-apartments-condos/ville-de-montreal/sunnybrooke-1-bedroom-available-at-5460-sunnybrooke-avenue-co/1728022609
1742743865,"1,250.00","1 CH - 1 SDB - Montréal - $1,250 /mo",Montréal,1,1,Apartment,0,230,https://www.kijiji.ca/v-apartments-condos/ville-de-montreal/1-ch-1-sdb-montreal-1-250-mo/1742743865
1741752812,Please Contact,Apartment for rent,"Quartier-des-Spectacles, Montreal",N/A,N/A,N/A,N/A,N/A,https://www.kijiji.ca/v-short-term-rental/ville-de-montreal/apartment-for-rent/1741752812
1737966001,"1,990.00",4 1/2 rénové + bureau fermé à louer,"Ahuntsic, Montréal",2.5,1,Apartment,0,920,https://www.kijiji.ca/v-apartments-condos/ville-de-montreal/4-1-2-renove-bureau-ferme-a-louer/1737966001
1742743672,85.00,PARKING & CAR STORGE,"Verdun, Montreal",N/A,N/A,N/A,N/A,N/A,https://www.kijiji.ca/v-storage-parking/ville-de-montreal/parking-car-storge/1742743672
1742743618,650.00,"urgent, cherche colocs pr un grand appartement","Saint-Michel, City of Montréal",N/A,N/A,N/A,N/A,N/A,https://www.kijiji.ca/v-room-rental-roommate/ville-de-montreal/urgent-cherche-colocs-pr-un-grand-appartement/1742743618
1742743537,"2,750.00",Bois franc townhouse for rent ,"Bois-Franc, City of Montréal",3,2,Townhouse,1,1800,https://www.kijiji.ca/v-apartments-condos/ville-de-montreal/bois-franc-townhouse-for-rent/1742743537
1742743183,"1,495.00",Fully furnished 1 bedroom near metro,"Hochelaga-Maisonneuve, Montreal",N/A,N/A,N/A,N/A,N/A,https://www.kijiji.ca/v-short-term-rental/ville-de-montreal/fully-furnished-1-bedroom-near-metro/1742743183
1739635046,"1,250.00",Beaux 4 1/2 à Delson (Rive-Sud de Mtl) libres maintenant,"Delson, Delson",2,1,Apartment,1,N/A,https://www.kijiji.ca/v-apartments-condos/longueuil-rive-sud/beaux-4-1-2-a-delson-rive-sud-de-mtl-libres-maintenant/1739635046
1742742861,"1,382.00",3 1/2 for lease transfer,"Meadowbrook, City of Montréal",1,1,Apartment,0,N/A,https://www.kijiji.ca/v-apartments-condos/ville-de-montreal/3-1-2-for-lease-transfer/1742742861
1728154259,"1,645.00",3-1/2 à Louer à Côte Saint-Luc | 2 Bedroom for Rent,City of Montréal,1,1,Apartment,0,N/A,https://www.kijiji.ca/v-apartments-condos/ville-de-montreal/3-1-2-a-louer-a-cote-saint-luc-2-bedroom-for-rent/1728154259
1702042577,"1,900.00",Appartements à louer à Laval - 4 1/2,Laval / North Shore,2,1,Apartment,0,N/A,https://www.kijiji.ca/v-apartments-condos/laval-rive-nord/appartements-a-louer-a-laval-4-1-2/1702042577
1702042567,"1,900.00",*PROMO* - Appartements à louer à Mascouche - 4 1/2,Laval / North Shore,2,1,Apartment,0,N/A,https://www.kijiji.ca/v-apartments-condos/laval-rive-nord/promo-appartements-a-louer-a-mascouche-4-1-2/1702042567
1702042543,"1,650.00",**PROMO** - Appartements à louer à Lachenaie - 3 1/2,Laval / North Shore,1,1,Apartment,0,N/A,https://www.kijiji.ca/v-apartments-condos/laval-rive-nord/promo-appartements-a-louer-a-lachenaie-3-1-2/1702042543
1702042518,"2,700.00",**PROMO** Appartements à louer à Brossard - 5 1/2 sur étages,Longueuil / South Shore,3,1.5,Apartment,0,N/A,https://www.kijiji.ca/v-apartments-condos/longueuil-rive-sud/promo-appartements-a-louer-a-brossard-5-1-2-sur-etages/1702042518
1731159904,"1,995.00","41/2, 2 chambre,bedroom,louer,rent,downtown",City of Montréal,2,4.5,Apartment,0,N/A,https://www.kijiji.ca/v-apartments-condos/ville-de-montreal/41-2-2-chambre-bedroom-louer-rent-downtown/1731159904
1732565586,"2,095.00","Vue du Fleuve Brossard Apartments - 2 Bedroom available at 8300,",Longueuil / South Shore,2,1,Apartment,0,1077,https://www.kijiji.ca/v-apartments-condos/longueuil-rive-sud/vue-du-fleuve-brossard-apartments-2-bedroom-available-at-8300/1732565586
1732565606,"1,690.00","AVA Montréal - 1 Bedroom available at 4982 Pl. de la Savane, Mon",City of Montréal,1,1,Apartment,0,804,https://www.kijiji.ca/v-apartments-condos/ville-de-montreal/ava-montreal-1-bedroom-available-at-4982-pl-de-la-savane-mon/1732565606
1732565574,"1,695.00",The Quartz Montreal Apartments - 2 Bedroom available at 6500 Dec,Montréal,2,1,Apartment,0,871,https://www.kijiji.ca/v-apartments-condos/ville-de-montreal/the-quartz-montreal-apartments-2-bedroom-available-at-6500-dec/1732565574
1732565579,"1,180.00",Habitat 2500 Apartments - Bachelor available at 2500 Cavendish B,City of Montréal,0,1,Apartment,0,490,https://www.kijiji.ca/v-apartments-condos/ville-de-montreal/habitat-2500-apartments-bachelor-available-at-2500-cavendish-b/1732565579
1739984837,"1,490.00","B&C Apartments - Bachelor available at 1255 rue De Bullion, Mont",City of Montréal,0,1,Apartment,0,484,https://www.kijiji.ca/v-apartments-condos/ville-de-montreal/b-c-apartments-bachelor-available-at-1255-rue-de-bullion-mont/1739984837
1742738370,"1,350.00",Apartment for rent / appartement a louer,"Saint-Hyppolyte, Montreal",2,1,Apartment,0,900,https://www.kijiji.ca/v-apartments-condos/ville-de-montreal/apartment-for-rent-appartement-a-louer/1742738370
1742738336,"1,680.00",CESSION DE BAIL – 4½ À SAINT-LAMBERT – 1 680 $/MOIS,"Saint-Lambert, Saint-Lambert",2,1,Apartment,1,1100,https://www.kijiji.ca/v-apartments-condos/longueuil-rive-sud/cession-de-bail-4-a-saint-lambert-1-680-mois/1742738336
1742738148,750.00,Beautiful room in modern condo 5 min. from metro,"Centre-Sud, Montreal",N/A,N/A,N/A,N/A,N/A,https://www.kijiji.ca/v-room-rental-roommate/ville-de-montreal/beautiful-room-in-modern-condo-5-min-from-metro/1742738148
1742501299,"1,700.00",3 Bedroom apt in Lachine for lease 1700,"Promenade du Rail, Montreal",3,1,Apartment,0,1100,https://www.kijiji.ca/v-apartments-condos/ville-de-montreal/3-bedroom-apt-in-lachine-for-lease-1700/1742501299
1742262536,120.00,Car Parking/Storage for rent | Stationnement/Entreposage à louer,"Ahuntsic, Montréal",N/A,N/A,N/A,N/A,N/A,https://www.kijiji.ca/v-storage-parking/ville-de-montreal/car-parking-storage-for-rent-stationnement-entreposage-a-louer/1742262536
1742737928,650.00,chambre à louer,"Gohier, City of Montréal",3,1,Apartment,0,100,https://www.kijiji.ca/v-apartments-condos/ville-de-montreal/chambre-a-louer/1742737928
1742737430,750.00,Room for Rent / Chambre à louer (Metro Prefontaine),"Hochelaga-Maisonneuve, Montreal",N/A,N/A,N/A,N/A,N/A,https://www.kijiji.ca/v-room-rental-roommate/ville-de-montreal/room-for-rent-chambre-a-louer-metro-prefontaine/1742737430
1739664284,"1,500.00",4 1/2 Plateau MontRoyal,"De Lorimier, City of Montréal",2,1,Apartment,0,600,https://www.kijiji.ca/v-apartments-condos/ville-de-montreal/4-1-2-plateau-montroyal/1739664284
1741556560,"1,154.00",lease transfer/ subleasing large 3.5 MTL lachine,"Ville Saint-Pierre, City of Montréal",1,1,Apartment,0,1000,https://www.kijiji.ca/v-apartments-condos/ville-de-montreal/lease-transfer-subleasing-large-3-5-mtl-lachine/1741556560
1742742640,500.00,chambre à louer ,"Peterborough Park, City of Montréal",N/A,N/A,N/A,N/A,N/A,https://www.kijiji.ca/v-room-rental-roommate/ville-de-montreal/chambre-a-louer/1742742640
1733935831,"1,695.00",Terrasses Embassy Apartments - 2 Bedroom available at 3440 Duroc,Montréal,2,1,Apartment,0,1319,https://www.kijiji.ca/v-apartments-condos/ville-de-montreal/terrasses-embassy-apartments-2-bedroom-available-at-3440-duroc/1733935831
1739984799,"1,595.00","The Opal - 1 Bedroom available at 2130 Rue Laforce, Montreal Apa",City of Montréal,1,1,Apartment,0,650,https://www.kijiji.ca/v-apartments-condos/ville-de-montreal/the-opal-1-bedroom-available-at-2130-rue-laforce-montreal-apa/1739984799
1739984804,995.00,"Benny Crescent Apartments - Bachelor - 2400, 2420, 2444, 2460, 2",City of Montréal,0,1,Apartment,0,458,https://www.kijiji.ca/v-apartments-condos/ville-de-montreal/benny-crescent-apartments-bachelor-2400-2420-2444-2460-2/1739984804
1739984800,"1,550.00",Le DIX65 Boisbriand Apartments - 1 Bedroom available at 1065 Des,Laval / North Shore,1,1,Apartment,0,746,https://www.kijiji.ca/v-apartments-condos/laval-rive-nord/le-dix65-boisbriand-apartments-1-bedroom-available-at-1065-des/1739984800
1739984805,"1,855.00",Parc Royal Apartments - 2 Bedroom available at 3333 West Jean Ta,Montréal,2,1,Apartment,0,910,https://www.kijiji.ca/v-apartments-condos/ville-de-montreal/parc-royal-apartments-2-bedroom-available-at-3333-west-jean-ta/1739984805
1739984842,"1,720.00","B&C Apartments - 1 Bedroom available at 1255 rue De Bullion, Mon",City of Montréal,1,1,Apartment,0,677,https://www.kijiji.ca/v-apartments-condos/ville-de-montreal/b-c-apartments-1-bedroom-available-at-1255-rue-de-bullion-mon/1739984842
1739984793,"1,755.00",Place Cavendish Apartments - 2 Bedroom available at 2525 Cavendi,City of Montréal,2,1,Apartment,0,1106,https://www.kijiji.ca/v-apartments-condos/ville-de-montreal/place-cavendish-apartments-2-bedroom-available-at-2525-cavendi/1739984793
1739984777,"1,295.00",The Quartz Montreal Apartments - Junior 1 Bedroom available at 6,Montréal,1,1,Apartment,0,477,https://www.kijiji.ca/v-apartments-condos/ville-de-montreal/the-quartz-montreal-apartments-junior-1-bedroom-available-at-6/1739984777
1739984791,"1,725.00",Red Top Tower Apartments - 2 Bedroom available at 5740 Cavendish,City of Montréal,2,1,Apartment,0,1071,https://www.kijiji.ca/v-apartments-condos/ville-de-montreal/red-top-tower-apartments-2-bedroom-available-at-5740-cavendish/1739984791
1742736775,Please Contact,chambre à louer ,"Laurendeau, Longueuil / South Shore",N/A,N/A,N/A,N/A,N/A,https://www.kijiji.ca/v-room-rental-roommate/longueuil-rive-sud/chambre-a-louer/1742736775
1742736459,"1,425.00",3/12 $1425 - Longueuil dispo 1 oct,"Laurendeau, Longueuil / South Shore",1,1,Basement,1,700,https://www.kijiji.ca/v-apartments-condos/longueuil-rive-sud/3-12-1425-longueuil-dispo-1-oct/1742736459
1742736187,"2,450.00",7 1/2 à louer St-Leonard / House for rent ,"Saint-Leonard East, City of Montréal",3.5,1,Apartment,2,1680,https://www.kijiji.ca/v-apartments-condos/ville-de-montreal/7-1-2-a-louer-st-leonard-house-for-rent/1742736187
1742736122,"1,350.00","4 1/2 a louer Laval, Fabreville","Fabreville, Laval",2,1,Apartment,1,900,https://www.kijiji.ca/v-apartments-condos/laval-rive-nord/4-1-2-a-louer-laval-fabreville/1742736122
1742025243,"1,675.00",5 1/2  sur une rue paisible (quartier St-Michel),"Frederic-Back Park, Montréal",3,1,Apartment,0,900,https://www.kijiji.ca/v-apartments-condos/ville-de-montreal/5-1-2-sur-une-rue-paisible-quartier-st-michel/1742025243
1741150094,"1,330.00",Rabais 350$/mois ! 5 ½ lumineux face au parc — Ahuntsic (3 ch.),"Frederic-Back Park, Montréal",3,1,Apartment,0,900,https://www.kijiji.ca/v-apartments-condos/ville-de-montreal/rabais-350-mois-5-lumineux-face-au-parc-ahuntsic-3-ch/1741150094
1741321269,922.00,2-1/2 Apartment Plateau Mt-Royal,"Mile End, Le Plateau-Mont-Royal",1,1,Apartment,0,350,https://www.kijiji.ca/v-apartments-condos/ville-de-montreal/2-1-2-apartment-plateau-mt-royal/1741321269
1741743999,"1,594.00",GRATUIT 2  POSSIBILITÉ DE 3 Selon certaines conditions Longueuil,"Parcours-du-Cerf - Du Tremblay, Longueuil / South Shore",1,1,Condo,0,655,https://www.kijiji.ca/v-apartments-condos/longueuil-rive-sud/gratuit-2-possibilite-de-3-selon-certaines-conditions-longueuil/1741743999
1741991242,"1,557.00",4 1/2 à louer ,"Pointe McDonald, City of Montréal",2,1,Apartment,0,800,https://www.kijiji.ca/v-apartments-condos/ville-de-montreal/4-1-2-a-louer/1741991242
1741877839,"1,595.00","4 ½ rénové à louer – 6300 boulevard Joseph-Renaud, Anjou","Peterborough Park, Montréal",2,1,Apartment,1,900,https://www.kijiji.ca/v-apartments-condos/ville-de-montreal/4-renove-a-louer-6300-boulevard-joseph-renaud-anjou/1741877839
1741877217,"2,150.00",Appartement 3 chambres et 2 salles de bain,"Old Longueuil, Longueuil",3,2,Apartment,1,1350,https://www.kijiji.ca/v-apartments-condos/longueuil-rive-sud/appartement-3-chambres-et-2-salles-de-bain/1741877217
1742735736,480.00,Chambre à louer à Rivière-des-Prairies,"Rivière-des-Prairies North, Montréal",N/A,N/A,N/A,N/A,N/A,https://www.kijiji.ca/v-room-rental-roommate/ville-de-montreal/chambre-a-louer-a-riviere-des-prairies/1742735736
1742725604,"1,400.00",Grand 4 1/2 + électroménagers,"Sauvé Park, Montréal",2,1,Duplex/Triplex,0,950,https://www.kijiji.ca/v-apartments-condos/ville-de-montreal/grand-4-1-2-electromenagers/1742725604
1742250997,"2,300.00",5 1/2 Appartement,"Côte-des-Neiges, City of Montréal",3,1,Apartment,0,1200,https://www.kijiji.ca/v-apartments-condos/ville-de-montreal/5-1-2-appartement/1742250997
1741931092,"1,645.00","DORVAL, 4 1/2 style condo a louer pres tous services/ transports","Pointe Marion, Dorval",2,1,Apartment,1,N/A,https://www.kijiji.ca/v-apartments-condos/ville-de-montreal/dorval-4-1-2-style-condo-a-louer-pres-tous-services-transports/1741931092
1741698074,"1,310.00","DORVAL,  3 1/2 style condo à louer près servies et transport","Pointe Marion, City of Montréal",1,1,Apartment,1,N/A,https://www.kijiji.ca/v-apartments-condos/ville-de-montreal/dorval-3-1-2-style-condo-a-louer-pres-servies-et-transport/1741698074
1742190444,"1,295.00",LONGUEUIL  4 1/2 SECTEUR COLLECTIVITE NOUVELLE TOUT RENOVÉ,"Fatima, Longueuil",2,1,Apartment,1,N/A,https://www.kijiji.ca/v-apartments-condos/longueuil-rive-sud/longueuil-4-1-2-secteur-collectivite-nouvelle-tout-renove/1742190444
1742725343,"1,700.00",GRAND 5 ½ À LOUER – 3 CHAMBRES,"Saint-Michel, Montréal",3,1,Duplex/Triplex,0,1100,https://www.kijiji.ca/v-apartments-condos/ville-de-montreal/grand-5-a-louer-3-chambres/1742725343
1742724841,"2,850.00","Plateau Mt-Royal-Royal, grand 7 1/2, 2 chambres, rénové à louer","De Lorimier, Montréal",5,1,Apartment,0,1300,https://www.kijiji.ca/v-apartments-condos/ville-de-montreal/plateau-mt-royal-royal-grand-7-1-2-2-chambres-renove-a-louer/1742724841
1739465772,"1,199.00",4 1/2 Renovated Apartment,"Ottawa Park, City of Montréal",2,1,Apartment,0,700,https://www.kijiji.ca/v-apartments-condos/ville-de-montreal/4-1-2-renovated-apartment/1739465772
1739575979,"1,900.00",Spacious 5 1/2 (3 bedrooms) in Ahuntsic-Cartierville,"Bordeaux, City of Montréal",3,2,Apartment,0,1100,https://www.kijiji.ca/v-apartments-condos/ville-de-montreal/spacious-5-1-2-3-bedrooms-in-ahuntsic-cartierville/1739575979
1742724391,"1,430.00",MAISON 2 CHAMBRES À LOUER-,"Côte-Saint-Paul, Montreal",2,1.5,House,1,550,https://www.kijiji.ca/v-apartments-condos/ville-de-montreal/maison-2-chambres-a-louer/1742724391
1742175481,"1,440.00",4 1/2 Neuf à Louer | 2 bedrooms for Rent | Pointe-Aux-Tremble,"Pointe-aux-Trembles South, Montréal",2,1,Apartment,0,N/A,https://www.kijiji.ca/v-apartments-condos/ville-de-montreal/4-1-2-neuf-a-louer-2-bedrooms-for-rent-pointe-aux-tremble/1742175481
1722647379,"1,260.00",3 1/2 Neuf à Louer | 1 bedroom for Rent | Pierrefonds,Pierrefonds,1,1,Apartment,0,N/A,https://www.kijiji.ca/v-apartments-condos/ville-de-montreal/3-1-2-neuf-a-louer-1-bedroom-for-rent-pierrefonds/1722647379
1741521650,"1,610.00",Appartement 4 ½ | 2 bedrooms for rent | Laval,"Chomedey, Laval",2,1,Apartment,0,N/A,https://www.kijiji.ca/v-apartments-condos/laval-rive-nord/appartement-4-2-bedrooms-for-rent-laval/1741521650
1698266590,590.00,Chambre étudiante à louer  | Student room for rent | Sherbrooke,Sherbrooke,1,1,Apartment,0,N/A,https://www.kijiji.ca/v-apartments-condos/ville-de-montreal/chambre-etudiante-a-louer-student-room-for-rent-sherbrooke/1698266590
1742014496,"1,500.00",Appartement entièrement meublé | Tout inclus | Beloeil |,"Beloeil, Beloeil",N/A,N/A,N/A,N/A,N/A,https://www.kijiji.ca/v-short-term-rental/longueuil-rive-sud/appartement-entierement-meuble-tout-inclus-beloeil/1742014496
1742015238,"1,390.00",Condo à louer Laprairie,"Chambly, Chambly",2,1,Condo,1,975,https://www.kijiji.ca/v-apartments-condos/longueuil-rive-sud/condo-a-louer-laprairie/1742015238
1742161530,"1,395.00",4 1/2 Vieux Longueuil -1.1km du Métro- (Octobre) 95-8,"Old Longueuil, Longueuil",2,1,Apartment,1,825,https://www.kijiji.ca/v-apartments-condos/longueuil-rive-sud/4-1-2-vieux-longueuil-1-1km-du-metro-octobre-95-8/1742161530
1740864854,"1,050.00",3 1/2 + 1 pièce 9x10 Longueuil 2 balcons Octobre 1271-3,"Notre-Dame-de-la-Garde, Longueuil",1,1,Apartment,1,600,https://www.kijiji.ca/v-apartments-condos/longueuil-rive-sud/3-1-2-1-piece-9x10-longueuil-2-balcons-octobre-1271-3/1740864854
1742723458,"1,495.00",4 ½ Rigaud – Incl. Électros/Appliances,"Rigaud, Rigaud",2,1,Apartment,1,750,https://www.kijiji.ca/v-apartments-condos/ouest-de-lile-qc/4-rigaud-incl-electros-appliances/1742723458
1742723421,"1,840.00","Grand 5 1/5 chauffé, très lumineux. Idéal pour famille ou coloc","Parc-Lafontaine, Montréal",3,1,Apartment,0,1058,https://www.kijiji.ca/v-apartments-condos/ville-de-montreal/grand-5-1-5-chauffe-tres-lumineux-ideal-pour-famille-ou-coloc/1742723421
1742723287,605.00,ROOM for RENT  in  NDG ,"Notre-Dame-de-Grâce, City of Montréal",N/A,N/A,N/A,N/A,N/A,https://www.kijiji.ca/v-room-rental-roommate/ville-de-montreal/room-for-rent-in-ndg/1742723287
1742723284,"1,800.00",Appartement 5 1/2  à louer à Verdun,"Côte-Saint-Paul, Montréal",2.5,1,Apartment,0,850,https://www.kijiji.ca/v-apartments-condos/ville-de-montreal/appartement-5-1-2-a-louer-a-verdun/1742723284
1742722531,"2,100.00",5 1/2  à louer au Plateau Montreal / chambre  / student / room,"De Lorimier, Montréal",N/A,N/A,N/A,N/A,N/A,https://www.kijiji.ca/v-room-rental-roommate/ville-de-montreal/5-1-2-a-louer-au-plateau-montreal-chambre-student-room/1742722531
1742722330,"1,550.00",3 1/2 meublé DISPONIBLE,"Centre-Sud, City of Montréal",1,1,Apartment,0,450,https://www.kijiji.ca/v-apartments-condos/ville-de-montreal/3-1-2-meuble-disponible/1742722330
1741777071,"1,650.00",4 ½ meublé & tout équipé – Pointe-Saint-Charles ,"Pointe Saint Charles, City of Montréal",2,1,Apartment,1,850,https://www.kijiji.ca/v-apartments-condos/ville-de-montreal/4-meuble-tout-equipe-pointe-saint-charles/1741777071
1742722054,"1,050.00","Studio, bachelor, 2 ½, à Saint-Léonard","Saint-Leonard East, Montréal",0,1,Apartment,0,650,https://www.kijiji.ca/v-apartments-condos/ville-de-montreal/studio-bachelor-2-a-saint-leonard/1742722054
1730493303,"4,800.00",Luxury 2BR In Montreal | Fully Furnished | Flexible Lease,Montreal,N/A,N/A,N/A,N/A,N/A,https://www.kijiji.ca/v-short-term-rental/ville-de-montreal/luxury-2br-in-montreal-fully-furnished-flexible-lease/1730493303
1730371761,"4,800.00",Modern 2BR Montreal | Fully Furnished | Utilities included,City of Montréal,N/A,N/A,N/A,N/A,N/A,https://www.kijiji.ca/v-short-term-rental/ville-de-montreal/modern-2br-montreal-fully-furnished-utilities-included/1730371761
1737852777,"3,750.00",Furnished 2BR in Quebec | flexible lease | Utilities included,"Le Plateau, City of Montréal",N/A,N/A,N/A,N/A,N/A,https://www.kijiji.ca/v-short-term-rental/ville-de-montreal/furnished-2br-in-quebec-flexible-lease-utilities-included/1737852777
1736739902,"3,750.00",Luxury 1BR in Montreal | All inclusive | Shor-Term Rental,City of Montréal,N/A,N/A,N/A,N/A,N/A,https://www.kijiji.ca/v-short-term-rental/ville-de-montreal/luxury-1br-in-montreal-all-inclusive-shor-term-rental/1736739902
1737470515,"3,450.00",Modern 1BR Downtown Montreal |Fully Furnished | Utilities includ,City of Montréal,N/A,N/A,N/A,N/A,N/A,https://www.kijiji.ca/v-short-term-rental/ville-de-montreal/modern-1br-downtown-montreal-fully-furnished-utilities-includ/1737470515
1713423475,"4,800.00",Luxury 2BR in Montreal | Fully Furnished | All inclusive,Laval / North Shore,N/A,N/A,N/A,N/A,N/A,https://www.kijiji.ca/v-short-term-rental/laval-rive-nord/luxury-2br-in-montreal-fully-furnished-all-inclusive/1713423475
1737470530,"4,200.00",Furnished 1BR in Montreal | flexible lease | Utilities included,City of Montréal,N/A,N/A,N/A,N/A,N/A,https://www.kijiji.ca/v-short-term-rental/ville-de-montreal/furnished-1br-in-montreal-flexible-lease-utilities-included/1737470530
1741663113,"1,500.00",Nice 5 1/2 _one bedroom_Plateau-UMcGill-UQAM,"Milton-Parc, City of Montréal",1.5,1,Apartment,0,1000,https://www.kijiji.ca/v-apartments-condos/ville-de-montreal/nice-5-1-2-_one-bedroom_plateau-umcgill-uqam/1741663113
1742721693,"1,800.00",5 1/2 à louer Laval-des-rapides renové et très propre,"Laval-des-Rapides, Laval / North Shore",3,1,Apartment,1,N/A,https://www.kijiji.ca/v-apartments-condos/laval-rive-nord/5-1-2-a-louer-laval-des-rapides-renove-et-tres-propre/1742721693
1742721631,"2,279.00",CESSION DE BAIL 5 ½ au PLATEAU (DE LORIMIER),"De Lorimier, Montréal",3,1,Apartment,0,1000,https://www.kijiji.ca/v-apartments-condos/ville-de-montreal/cession-de-bail-5-au-plateau-de-lorimier/1742721631
1742721581,"1,185.00",3 1/2 à louer Laval,"Laval-des-Rapides, Laval",1,1,Apartment,1,700,https://www.kijiji.ca/v-apartments-condos/laval-rive-nord/3-1-2-a-louer-laval/1742721581
1742721551,"1,800.00",Longueuil 5 1/2 rez chaussee triplex recent,"Saint-Jean-Vianney, Longueuil",3,1,Apartment,2,1300,https://www.kijiji.ca/v-apartments-condos/longueuil-rive-sud/longueuil-5-1-2-rez-chaussee-triplex-recent/1742721551
1742721521,"1,375.00","Grand 3 1/2 entièrement rénové & meublé, WIFI, à pieds du métro","Saint-Sulpice, Montréal",1,1,Apartment,0,800,https://www.kijiji.ca/v-apartments-condos/ville-de-montreal/grand-3-1-2-entierement-renove-meuble-wifi-a-pieds-du-metro/1742721521
1742643183,"1,395.00",Beautiful 4 1/2 apartment for rent on St-Kevin ,"Côte-des-Neiges, City of Montréal",2,1,Apartment,0,850,https://www.kijiji.ca/v-apartments-condos/ville-de-montreal/beautiful-4-1-2-apartment-for-rent-on-st-kevin/1742643183
1742721272,700.00,Chambre non meublé ,"Notre-Dame-de-Grâce, City of Montréal",4,1,Apartment,0,3,https://www.kijiji.ca/v-apartments-condos/ville-de-montreal/chambre-non-meuble/1742721272
1742734911,"1,135.00",4 1/2 demi sous-sol à Blainville,"Blainville, Blainville",2,1,Duplex/Triplex,2,1085,https://www.kijiji.ca/v-apartments-condos/laval-rive-nord/4-1-2-demi-sous-sol-a-blainville/1742734911
1742721004,"1,580.00","LIBRE 5 1/2 rue Cloutier,La Prairie. Sur A132,Pont Champlain7min","La Prairie, La Prairie",3,1,Apartment,1,925,https://www.kijiji.ca/v-apartments-condos/longueuil-rive-sud/libre-5-1-2-rue-cloutier-la-prairie-sur-a132-pont-champlain7min/1742721004
1742720794,"1,800.00",Grand 4 1/2 lumineux à louer dans Rosemont-La Petite Patrie,"Étienne Desmarteaux, Montréal",2,1,Apartment,0,2200,https://www.kijiji.ca/v-apartments-condos/ville-de-montreal/grand-4-1-2-lumineux-a-louer-dans-rosemont-la-petite-patrie/1742720794
1742720741,"2,108.00", CESSION DE BAIL – 3½ LUMINEUX AU DERNIER ÉTAGE | FRONTENAC,"Centre-Sud, City of Montréal",1,1,Condo,0,560,https://www.kijiji.ca/v-apartments-condos/ville-de-montreal/cession-de-bail-3-lumineux-au-dernier-etage-frontenac/1742720741
1742720655,"1,750.00","5 ½ À LOUER, MONTREAL, RÉNOVÉ! 1MOIS GRATUIT! ROSEMONT!!","Rosemont, Montréal",3,1,Apartment,0,1000,https://www.kijiji.ca/v-apartments-condos/ville-de-montreal/5-a-louer-montreal-renove-1mois-gratuit-rosemont/1742720655
1742720648,"1,500.00","LIBRE 4 1/2rue CloutierLa Prairie à côté A132,PontChamplain 7min","La Prairie, La Prairie",2,1,Apartment,1,800,https://www.kijiji.ca/v-apartments-condos/longueuil-rive-sud/libre-4-1-2rue-cloutierla-prairie-a-cote-a132-pontchamplain-7min/1742720648
1742720387,"1,350.00",Appartement 4 1/2 à louer,"Mascouche, Laval / North Shore",2,1,Basement,1,800,https://www.kijiji.ca/v-apartments-condos/laval-rive-nord/appartement-4-1-2-a-louer/1742720387
1742720308,"1,650.00",5 1/2 Cote des Neiges chauffé/heated,"Côte-des-Neiges, Montreal",3,1,Apartment,0,848,https://www.kijiji.ca/v-apartments-condos/ville-de-montreal/5-1-2-cote-des-neiges-chauffe-heated/1742720308
1742718678,"1,375.00","Apartment for Rent at 235 Sherbrooke, Downtown","Milton-Parc, Montréal",0,1,Apartment,0,365,https://www.kijiji.ca/v-apartments-condos/ville-de-montreal/apartment-for-rent-at-235-sherbrooke-downtown/1742718678
1742719195,800.00,Chambre à louer à deux pas du metro SNOWDON,"Snowdon, Montreal",N/A,N/A,N/A,N/A,N/A,https://www.kijiji.ca/v-room-rental-roommate/ville-de-montreal/chambre-a-louer-a-deux-pas-du-metro-snowdon/1742719195
1737011451,"1,960.00","Verdun Montreal centre, 5-1/2 with backyard, July 1st","Verdun, Montreal",2.5,1,Apartment,0,1050,https://www.kijiji.ca/v-apartments-condos/ville-de-montreal/verdun-montreal-centre-5-1-2-with-backyard-july-1st/1737011451
1742718417,995.00,Nice 3 1/2 for rent,"Frederic-Back Park, City of Montréal",1,1,Apartment,0,700,https://www.kijiji.ca/v-apartments-condos/ville-de-montreal/nice-3-1-2-for-rent/1742718417
1742718315,"1,800.00",4 1/2 situé à St-Henri,"Saint-Henry, Montréal",2,1,Apartment,0,650,https://www.kijiji.ca/v-apartments-condos/ville-de-montreal/4-1-2-situe-a-st-henri/1742718315
1742717889,800.00,Chambre à louer a deux pas du metro SNOWDON,"Snowdon, Montreal",N/A,N/A,N/A,N/A,N/A,https://www.kijiji.ca/v-room-rental-roommate/ville-de-montreal/chambre-a-louer-a-deux-pas-du-metro-snowdon/1742717889
1742717392,Please Contact,Cession de bail - grand 4 1/2 avec 2 salles de bains et terrasse,"Saint-François, Laval / North Shore",2.5,2,Townhouse,2,N/A,https://www.kijiji.ca/v-apartments-condos/laval-rive-nord/cession-de-bail-grand-4-1-2-avec-2-salles-de-bains-et-terrasse/1742717392
1742717232,"1,350.00",Appartement de 2 chambres et 1 salle de bain,"Parc-Laurier, Montréal",2,1,Apartment,0,34566,https://www.kijiji.ca/v-apartments-condos/ville-de-montreal/appartement-de-2-chambres-et-1-salle-de-bain/1742717232
1742734620,"1,369.00",Cession de bail : 3½ près du métro Sherbrooke 1369$ hydro inclus,"Parc-Lafontaine, Montreal",1,1,Condo,0,520,https://www.kijiji.ca/v-apartments-condos/ville-de-montreal/cession-de-bail-:-3-pres-du-metro-sherbrooke-1369-hydro-inclus/1742734620
1742734563,"1,700.00",Condo downtown montreal,"Golden Square Mile, City of Montréal",1,1,Condo,0,500,https://www.kijiji.ca/v-apartments-condos/ville-de-montreal/condo-downtown-montreal/1742734563
1742733945,"1,515.00",Beau 3 1/2 vue superbe,"Chomedey, Laval",1,1,Apartment,1,1270,https://www.kijiji.ca/v-apartments-condos/laval-rive-nord/beau-3-1-2-vue-superbe/1742733945
1742733612,700.00,Chambre a louer longueuil 700,"Notre-Dame-de-la-Garde, Longueuil",N/A,N/A,N/A,N/A,N/A,https://www.kijiji.ca/v-room-rental-roommate/longueuil-rive-sud/chambre-a-louer-longueuil-700/1742733612
1740063521,800.00,un appartement à louer de courte et de longue durée ,"Port de Montreal - Montreal East terminal, City of Montréal",N/A,N/A,N/A,N/A,N/A,https://www.kijiji.ca/v-room-rental-roommate/ville-de-montreal/un-appartement-a-louer-de-courte-et-de-longue-duree/1740063521
1742733292,550.00,Chambre a louer pres place versaille,"Mercier-Ouest / Longue-Pointe, Montreal",N/A,N/A,N/A,N/A,N/A,https://www.kijiji.ca/v-room-rental-roommate/ville-de-montreal/chambre-a-louer-pres-place-versaille/1742733292
1742733245,Please Contact,Appartement 5 et demi a louer,"Desmarchais-Crawford, Montreal",3,1,Apartment,0,900,https://www.kijiji.ca/v-apartments-condos/ville-de-montreal/appartement-5-et-demi-a-louer/1742733245
1742732683,"1,380.00",Beau et grand 4 1/2 près du Cégep Éduard-Montpetit,"Carillon - Saint-Pie-X, Longueuil",2,1,Apartment,1,800,https://www.kijiji.ca/v-apartments-condos/longueuil-rive-sud/beau-et-grand-4-1-2-pres-du-cegep-eduard-montpetit/1742732683
1742717120,650.00,une chambre à louer dans un 5 1/2 à saint Michel ,"Frederic-Back Park, City of Montréal",N/A,N/A,N/A,N/A,N/A,https://www.kijiji.ca/v-room-rental-roommate/ville-de-montreal/une-chambre-a-louer-dans-un-5-1-2-a-saint-michel/1742717120
1742716853,"1,500.00",Joli appartement 4 1/2 près du métro Berri,"Centre-Sud, City of Montréal",2,1,Apartment,0,200,https://www.kijiji.ca/v-apartments-condos/ville-de-montreal/joli-appartement-4-1-2-pres-du-metro-berri/1742716853
1742717087,"1,650.00","Joli 3 ½, rénové et meublé","Rosemont, Rosemont—La Petite-Patrie",N/A,N/A,N/A,N/A,N/A,https://www.kijiji.ca/v-short-term-rental/ville-de-montreal/joli-3-renove-et-meuble/1742717087
1742717082,"2,050.00",✨ Stylish 2-Bedroom Condo for Rent,"The Triangle, City of Montréal",2,2,Condo,1,860,https://www.kijiji.ca/v-apartments-condos/ville-de-montreal/stylish-2-bedroom-condo-for-rent/1742717082
1742717021,"2,200.00",Grand 6 ½ à louer à LaSalle | 3 chambres | 1er septembre ,"Cartierville, City of Montréal",4,1,Duplex/Triplex,0,1600,https://www.kijiji.ca/v-apartments-condos/ville-de-montreal/grand-6-a-louer-a-lasalle-3-chambres-1er-septembre/1742717021
1742716441,"1,150.00",3 1/2 Longueuil (Septembre gratuit),"Notre-Dame-de-la-Garde, Longueuil / South Shore",1.5,1,Apartment,1,600,https://www.kijiji.ca/v-apartments-condos/longueuil-rive-sud/3-1-2-longueuil-septembre-gratuit/1742716441
1742716285,"2,370.00","Condo for rent, 2 bed 2 bath, Laval","Chomedey, Laval",2,2,Condo,1,890,https://www.kijiji.ca/v-apartments-condos/laval-rive-nord/condo-for-rent-2-bed-2-bath-laval/1742716285
1742008770,"1,150.00",4 1/2 à louer Boul. Édouard-Montpetit,"Côte-des-Neiges, Montreal",2,1,Apartment,0,N/A,https://www.kijiji.ca/v-apartments-condos/ville-de-montreal/4-1-2-a-louer-boul-edouard-montpetit/1742008770
1740999234,"1,900.00","Appartement 5 1/2, 3 chambres à coucher et 1 salle de bain","Pont-Viau, Laval",3,1,Apartment,1,900,https://www.kijiji.ca/v-apartments-condos/laval-rive-nord/appartement-5-1-2-3-chambres-a-coucher-et-1-salle-de-bain/1740999234
1742716257,580.00,Belle chamble a louée à Montréal Nord  av Armand Lavergne,"Ottawa Park, Montréal",N/A,N/A,N/A,N/A,N/A,https://www.kijiji.ca/v-room-rental-roommate/ville-de-montreal/belle-chamble-a-louee-a-montreal-nord-av-armand-lavergne/1742716257
1742716163,"1,850.00",Beautiful 2 bedrooms apartment in Outremont,"Outremont Park, City of Montréal",2,1,Apartment,0,900,https://www.kijiji.ca/v-apartments-condos/ville-de-montreal/beautiful-2-bedrooms-apartment-in-outremont/1742716163
1742715936,"1,170.00","Montréal 3 1/2 style loft, 1170$ chauffé, dans 4-plex bien situé","Ahuntsic, Ahuntsic-Cartierville",1,1,Apartment,0,550,https://www.kijiji.ca/v-apartments-condos/ville-de-montreal/montreal-3-1-2-style-loft-1170-chauffe-dans-4-plex-bien-situe/1742715936
1742715931,"1,925.00",5 1/2 moderne/ Septembre payé!,"Bellerive, Montréal",3,1,Duplex/Triplex,0,N/A,https://www.kijiji.ca/v-apartments-condos/ville-de-montreal/5-1-2-moderne-septembre-paye/1742715931
1742715869,"1,250.00",candiac 4 1/2,"Candiac, Candiac",2,1,Apartment,1,800,https://www.kijiji.ca/v-apartments-condos/longueuil-rive-sud/candiac-4-1-2/1742715869
1742715728,"1,495.00","3 et demi, construction 2016, Plateau-Mont-Royal","Little Italy, City of Montréal",1,1,Condo,0,500,https://www.kijiji.ca/v-apartments-condos/ville-de-montreal/3-et-demi-construction-2016-plateau-mont-royal/1742715728
1741315426,150.00,Parking Spot available for RENTAL,"Westwood Park, Dollard-Des Ormeaux",N/A,N/A,N/A,N/A,N/A,https://www.kijiji.ca/v-storage-parking/ville-de-montreal/parking-spot-available-for-rental/1741315426
1742715682,"1,115.00",Lasalle Grand 3 ½ disponible pour septembre avec 1 mois gratuit.,"Cavelier Park, Montréal",1,1,Apartment,1,N/A,https://www.kijiji.ca/v-apartments-condos/ville-de-montreal/lasalle-grand-3-disponible-pour-septembre-avec-1-mois-gratuit/1742715682
1742712588,"2,870.00",The 2250 Guy Apartments - 2 Bedroom available at 2250 Guy street,"Shaughnessy Village, Montréal",2,1,Apartment,0,1775,https://www.kijiji.ca/v-apartments-condos/ville-de-montreal/the-2250-guy-apartments-2-bedroom-available-at-2250-guy-street/1742712588
1742732549,"2,000.00",CESSION DE BAIL — GRAND 4½ MEUBLÉ AVEC TERRASSE PRIVÉE + JARDIN,"Centre-Sud, Montreal",2.5,1,Apartment,0,900,https://www.kijiji.ca/v-apartments-condos/ville-de-montreal/cession-de-bail-grand-4-meuble-avec-terrasse-privee-jardin/1742732549
1742732541,700.00,Chambre  a louer Brossard meubler   1 Oct 1 an min.,"sector S, Longueuil / South Shore",N/A,N/A,N/A,N/A,N/A,https://www.kijiji.ca/v-room-rental-roommate/longueuil-rive-sud/chambre-a-louer-brossard-meubler-1-oct-1-an-min/1742732541
1742732532,"1,829.00",4 ½ RÉNOVÉ À VERDUN – 2 CHAMBRES – 1 830 $ – 1er OCTOBRE,"Verdun, Montreal",2,1,Apartment,1,800,https://www.kijiji.ca/v-apartments-condos/ville-de-montreal/4-renove-a-verdun-2-chambres-1-830-1er-octobre/1742732532
1742732370,750.00,chambre à louer disponible maintenant,"Laval-des-Rapides, Laval / North Shore",N/A,N/A,N/A,N/A,N/A,https://www.kijiji.ca/v-room-rental-roommate/laval-rive-nord/chambre-a-louer-disponible-maintenant/1742732370
1741432642,160.00,Plateau Parking // Stationnment du Plateau (Mont Royal/Boyer),"Parc-Laurier, Le Plateau-Mont-Royal",N/A,N/A,N/A,N/A,N/A,https://www.kijiji.ca/v-storage-parking/ville-de-montreal/plateau-parking-stationnment-du-plateau-mont-royal-boyer/1741432642
1742732053,"2,500.00",Appartement à louer | 6 1/2,"Hochelaga-Maisonneuve, City of Montréal",4,1,Apartment,1,N/A,https://www.kijiji.ca/v-apartments-condos/ville-de-montreal/appartement-a-louer-6-1-2/1742732053
1742731730,"1,400.00",Condo 4 1/2 disponible immediatement à Chomedey-Laval,"Chomedey, Laval",2,1,Apartment,1,850,https://www.kijiji.ca/v-apartments-condos/laval-rive-nord/condo-4-1-2-disponible-immediatement-a-chomedey-laval/1742731730
1742731629,"1,530.00",CESSION DE BAIL OUTREMONT | 1 530 $ TOUT INCLUS | MEUBLÉ,"Pierre Elliott Trudeau Park, Montréal",1,1,Apartment,0,485,https://www.kijiji.ca/v-apartments-condos/ville-de-montreal/cession-de-bail-outremont-1-530-tout-inclus-meuble/1742731629
1742731583,"1,405.00",3 1/2 Rosemont Petite patrie,"La Petite-Patrie, Montréal",1,1,Apartment,0,600,https://www.kijiji.ca/v-apartments-condos/ville-de-montreal/3-1-2-rosemont-petite-patrie/1742731583
1742731282,"1,285.00",Magnifique 4 ½ à louer à Longueuil – À deux pas du métro!,"Saint-Jude, Longueuil",2,1,Apartment,1,700,https://www.kijiji.ca/v-apartments-condos/longueuil-rive-sud/magnifique-4-a-louer-a-longueuil-a-deux-pas-du-metro/1742731282
1742731218,"1,650.00",4.5 À LOUER VILLERAY - Près services essentiels,"Jarry Park, City of Montréal",2.5,1,Apartment,0,684,https://www.kijiji.ca/v-apartments-condos/ville-de-montreal/4-5-a-louer-villeray-pres-services-essentiels/1742731218
1742025573,"1,450.00",4 1/2 a louer a Blainville,"Blainville, Saint-Rédempteur",2,1,Duplex/Triplex,1,N/A,https://www.kijiji.ca/v-apartments-condos/laval-rive-nord/4-1-2-a-louer-a-blainville/1742025573
1742730511,"1,900.00",Rénové avec Électroménagers Neufs/Renovated with New Appliances,"Mercier-Est / Tétreaultville, Montreal",3,1,Duplex/Triplex,0,1100,https://www.kijiji.ca/v-apartments-condos/ville-de-montreal/renove-avec-electromenagers-neufs-renovated-with-new-appliances/1742730511
1742730358,750.00,Chambre à louer,"Ottawa Park, Montréal",N/A,N/A,N/A,N/A,N/A,https://www.kijiji.ca/v-room-rental-roommate/ville-de-montreal/chambre-a-louer/1742730358
1739961258,800.00,room to rent,"Notre-Dame-de-Grâce, City of Montréal",N/A,N/A,N/A,N/A,N/A,https://www.kijiji.ca/v-room-rental-roommate/ville-de-montreal/room-to-rent/1739961258
1741384493,"1,490.00",Grand 4 ½ condo – Lave-Vaisselle – Thermopompe – Cour,"Fatima, Longueuil",2.5,1.5,Condo,2,1000,https://www.kijiji.ca/v-apartments-condos/longueuil-rive-sud/grand-4-condo-lave-vaisselle-thermopompe-cour/1741384493
1741547282,"1,250.00",VERDUN 3 1/2,"Verdun, Montréal",1,1,Apartment,0,600,https://www.kijiji.ca/v-apartments-condos/ville-de-montreal/verdun-3-1-2/1741547282
1742714848,"1,400.00",4 1/2 cession de bail Verdun,"Verdun, Montréal",2,1,Duplex/Triplex,0,700,https://www.kijiji.ca/v-apartments-condos/ville-de-montreal/4-1-2-cession-de-bail-verdun/1742714848
1726357574,339.00,Coworking for Rent – Regus 4605 Lapinière Boulevard in Brossard,Longueuil / South Shore,N/A,N/A,N/A,N/A,N/A,https://www.kijiji.ca/v-commercial-office-space/longueuil-rive-sud/coworking-for-rent-regus-4605-lapiniere-boulevard-in-brossard/1726357574
1726357576,"3,926.00",Dedicated Office for Rent – Regus 4605 Lapinière Boulevard in,Longueuil / South Shore,N/A,N/A,N/A,N/A,N/A,https://www.kijiji.ca/v-commercial-office-space/longueuil-rive-sud/dedicated-office-for-rent-regus-4605-lapiniere-boulevard-in/1726357576
1726357578,"5,926.00",Dedicated Office for Rent – Regus 4605 Lapinière Boulevard in,Longueuil / South Shore,N/A,N/A,N/A,N/A,N/A,https://www.kijiji.ca/v-commercial-office-space/longueuil-rive-sud/dedicated-office-for-rent-regus-4605-lapiniere-boulevard-in/1726357578
1726357584,364.00,Dedicated Office for Rent – Regus 4605 Lapinière Boulevard in,Longueuil / South Shore,N/A,N/A,N/A,N/A,N/A,https://www.kijiji.ca/v-commercial-office-space/longueuil-rive-sud/dedicated-office-for-rent-regus-4605-lapiniere-boulevard-in/1726357584
1726357320,398.00,Dedicated Office for Rent – Regus Boul des Grandes-Prairies in,City of Montréal,N/A,N/A,N/A,N/A,N/A,https://www.kijiji.ca/v-commercial-office-space/ville-de-montreal/dedicated-office-for-rent-regus-boul-des-grandes-prairies-in/1726357320
1726357306,"1,199.00",Dedicated Office for Rent – Regus Boul des Grandes-Prairies in,City of Montréal,N/A,N/A,N/A,N/A,N/A,https://www.kijiji.ca/v-commercial-office-space/ville-de-montreal/dedicated-office-for-rent-regus-boul-des-grandes-prairies-in/1726357306
1726357310,"1,998.00",Dedicated Office for Rent – Regus Boul des Grandes-Prairies in,City of Montréal,N/A,N/A,N/A,N/A,N/A,https://www.kijiji.ca/v-commercial-office-space/ville-de-montreal/dedicated-office-for-rent-regus-boul-des-grandes-prairies-in/1726357310
1726357326,159.00,Coworking Membership at Regus Boul des Grandes-Prairies –,City of Montréal,N/A,N/A,N/A,N/A,N/A,https://www.kijiji.ca/v-commercial-office-space/ville-de-montreal/coworking-membership-at-regus-boul-des-grandes-prairies/1726357326
1726357332,"1,598.00",Dedicated Office for Rent – Regus Boul des Grandes-Prairies in,City of Montréal,N/A,N/A,N/A,N/A,N/A,https://www.kijiji.ca/v-commercial-office-space/ville-de-montreal/dedicated-office-for-rent-regus-boul-des-grandes-prairies-in/1726357332
1726357282,215.00,Regus Boul des Grandes-Prairies Virtual Office in Montreal,City of Montréal,N/A,N/A,N/A,N/A,N/A,https://www.kijiji.ca/v-commercial-office-space/ville-de-montreal/regus-boul-des-grandes-prairies-virtual-office-in-montreal/1726357282
1726357283,"2,148.00",Dedicated Office for Rent – Regus Wellington in Verdun,City of Montréal,N/A,N/A,N/A,N/A,N/A,https://www.kijiji.ca/v-commercial-office-space/ville-de-montreal/dedicated-office-for-rent-regus-wellington-in-verdun/1726357283
1735607721,"2,299.00",Appartement 3 chambres et 1 salle de bain,"Ranger Park, Montréal",3,1.5,Basement,0,1100,https://www.kijiji.ca/v-apartments-condos/ville-de-montreal/appartement-3-chambres-et-1-salle-de-bain/1735607721
1742169171,995.00,3 ½ Ahuntsic – 650 m du métro Henri-Bourassa,"Ahuntsic, Montréal",1,1,Apartment,0,550,https://www.kijiji.ca/v-apartments-condos/ville-de-montreal/3-ahuntsic-650-m-du-metro-henri-bourassa/1742169171
1741707433,"1,600.00","$1,600 – GRAND 3½ ST-HENRI | STATIONNEMENT + LAVEUSE/SÉCHEUSE","Saint-Henry, Montreal",1,1,Apartment,1,750,https://www.kijiji.ca/v-apartments-condos/ville-de-montreal/1-600-grand-3-st-henri-stationnement-laveuse-secheuse/1741707433
1742712368,"1,669.00",Le Quatre Cent - 1 Bedroom Apartment for Rent,"Pont-Viau, Laval",1,1,Apartment,0,650,https://www.kijiji.ca/v-apartments-condos/laval-rive-nord/le-quatre-cent-1-bedroom-apartment-for-rent/1742712368
1742715171,665.00,One bed room for rent in Montreal,"Desmarchais-Crawford, Montrã©Al",N/A,N/A,N/A,N/A,N/A,https://www.kijiji.ca/v-room-rental-roommate/ville-de-montreal/one-bed-room-for-rent-in-montreal/1742715171
1742240759,"1,450.00",Superbe Studio entierement meublé Griffintown ($1650),"Griffintown, Montréal",0,1,Apartment,0,400,https://www.kijiji.ca/v-apartments-condos/ville-de-montreal/superbe-studio-entierement-meuble-griffintown-1650/1742240759
1728915983,"1,215.00",Downtown Montreal FURNISHED apartment - available immediately,"Shaughnessy Village, Montreal",N/A,N/A,N/A,N/A,N/A,https://www.kijiji.ca/v-short-term-rental/ville-de-montreal/downtown-montreal-furnished-apartment-available-immediately/1728915983
1742728174,"1,980.00",Appart 5 1/2 à louer | 3 Bed Apartment for Rent Rosemont,"La Petite-Patrie, City of Montréal",3,1,Duplex/Triplex,0,850,https://www.kijiji.ca/v-apartments-condos/ville-de-montreal/appart-5-1-2-a-louer-3-bed-apartment-for-rent-rosemont/1742728174
1742728011,"1,000.00",Logement à louer,"Lemoyne, LeMoyne",2.5,1,Apartment,0,900,https://www.kijiji.ca/v-apartments-condos/longueuil-rive-sud/logement-a-louer/1742728011
1742727996,700.00,Chambre à louer dans 4 1/2,"Villeray, Montréal",N/A,N/A,N/A,N/A,N/A,https://www.kijiji.ca/v-room-rental-roommate/ville-de-montreal/chambre-a-louer-dans-4-1-2/1742727996
1742727982,"1,500.00",1 mois gratuit - Magnifique 4 1/2 a louer au 1er étage,"Mercier-Est / Tétreaultville, Montréal",2,1,Apartment,0,1000,https://www.kijiji.ca/v-apartments-condos/ville-de-montreal/1-mois-gratuit-magnifique-4-1-2-a-louer-au-1er-etage/1742727982
1742727885,"1,050.00",Appartement 3 1/2 - Hochelage maisonneuve,"Hochelaga-Maisonneuve, City of Montréal",1,1,Apartment,1,550,https://www.kijiji.ca/v-apartments-condos/ville-de-montreal/appartement-3-1-2-hochelage-maisonneuve/1742727885
1742727877,"1,305.00",CESSION DE BAIL - 1ier NOVEMBRE - 1305 $ - 5½,"Rosemont, City of Montréal",3,1,Apartment,0,900,https://www.kijiji.ca/v-apartments-condos/ville-de-montreal/cession-de-bail-1ier-novembre-1305-5/1742727877
1742727820,575.00,Chambre meublée,"Bourassa, City of Montréal",N/A,N/A,N/A,N/A,N/A,https://www.kijiji.ca/v-room-rental-roommate/ville-de-montreal/chambre-meublee/1742727820
1742727045,Please Contact,grand 31/2 a louer,"Notre-Dame-de-Grâce, City of Montréal",1,1,Apartment,0,700,https://www.kijiji.ca/v-apartments-condos/ville-de-montreal/grand-31-2-a-louer/1742727045
1742726813,"1,695.00","Condo 3 ½ semi-meublé – Rosemont – Piscine, gym, climatisation","Old Rosemont, Rosemont-La Petite-Patrie",1,1,Condo,0,590,https://www.kijiji.ca/v-apartments-condos/ville-de-montreal/condo-3-semi-meuble-rosemont-piscine-gym-climatisation/1742726813
1742726156,"1,195.00","Big, bright 4.5 steps to Lionel Groulx metro (brick walls, wood)","Saint-Henry, Montréal",2,1,Apartment,0,900,https://www.kijiji.ca/v-apartments-condos/ville-de-montreal/big-bright-4-5-steps-to-lionel-groulx-metro-brick-walls-wood/1742726156
1742726045,"2,391.00",Lease Transfer Flexible - 2 Beds 1 bath - Pointe Claire,"Fairview, City of Montréal",2,1,Apartment,0,864,https://www.kijiji.ca/v-apartments-condos/ville-de-montreal/lease-transfer-flexible-2-beds-1-bath-pointe-claire/1742726045
1742714665,"1,400.00",4 1/2 Rénové près de St-Michel et Fleury,"Ottawa Park, City of Montréal",2,1,Apartment,0,740,https://www.kijiji.ca/v-apartments-condos/ville-de-montreal/4-1-2-renove-pres-de-st-michel-et-fleury/1742714665
1742714611,"1,150.00",Spacieux 3 ½ Ahuntsic,"Saint-Simon, Montréal",1,1,Apartment,0,700,https://www.kijiji.ca/v-apartments-condos/ville-de-montreal/spacieux-3-ahuntsic/1742714611
1742714463,Please Contact,Chambre a louer ,"Mercier-Ouest / Longue-Pointe, City of Montréal",N/A,N/A,N/A,N/A,N/A,https://www.kijiji.ca/v-short-term-rental/ville-de-montreal/chambre-a-louer/1742714463
1741644424,"1,595.00",3 1/2 for rent in the heart of Montreal (1 month free),"Gay Village, Montreal",1,1,Condo,1,540,https://www.kijiji.ca/v-apartments-condos/ville-de-montreal/3-1-2-for-rent-in-the-heart-of-montreal-1-month-free/1741644424
1742692388,"1,191.00",Studio à louer,"Notre-Dame-de-Grâce, City of Montréal",0,1,Apartment,0,500,https://www.kijiji.ca/v-apartments-condos/ville-de-montreal/studio-a-louer/1742692388
1742713949,975.00,3 1/2  A louer,"Marcel Laurin Park, Saint-Laurent",0,1,Apartment,0,250,https://www.kijiji.ca/v-apartments-condos/ville-de-montreal/3-1-2-a-louer/1742713949
1739480953,"1,340.00",3 1/2 RÉNOVÉ À NEUF (STYLE CONDO) BROSSARD,"sector B, Longueuil / South Shore",1,1,Apartment,1,N/A,https://www.kijiji.ca/v-apartments-condos/longueuil-rive-sud/3-1-2-renove-a-neuf-style-condo-brossard/1739480953
1739480945,"1,195.00",3 1/2 PARC RÉGIONAL LONGUEUIL,"Bellerive, Longueuil / South Shore",1,1,Apartment,1,N/A,https://www.kijiji.ca/v-apartments-condos/longueuil-rive-sud/3-1-2-parc-regional-longueuil/1739480945
1739480944,"1,650.00",Grand 5½ lumineux | Face au parc Laurier |Stationnement & locker,Longueuil / South Shore,3,1,Apartment,1,N/A,https://www.kijiji.ca/v-apartments-condos/longueuil-rive-sud/grand-5-lumineux-face-au-parc-laurier-stationnement-locker/1739480944
1738076477,"1,495.00",4 1/2 BOUCHERVILLE DISPO JUILLET,"Boucherville, Longueuil / South Shore",2,1,Apartment,1,N/A,https://www.kijiji.ca/v-apartments-condos/longueuil-rive-sud/4-1-2-boucherville-dispo-juillet/1738076477
1723405849,"1,595.00",4 1/2 Saint-Bruno-de-Montarville,Longueuil / South Shore,2,1,Apartment,1,N/A,https://www.kijiji.ca/v-apartments-condos/longueuil-rive-sud/4-1-2-saint-bruno-de-montarville/1723405849
1739480960,"1,245.00",TRÈS BEAU 3 1/2 LONGUEUIL PRÈS MÉTRO,"Notre-Dame-de-Grâces, Longueuil / South Shore",1,1,Apartment,1,N/A,https://www.kijiji.ca/v-apartments-condos/longueuil-rive-sud/tres-beau-3-1-2-longueuil-pres-metro/1739480960
1740783931,"1,395.00",4 1/2 VIEUX-LONGUEUIL CHAUFFAGE & EAU CHAUDE INCLUS,"Old Longueuil, Longueuil / South Shore",2,1,Apartment,1,N/A,https://www.kijiji.ca/v-apartments-condos/longueuil-rive-sud/4-1-2-vieux-longueuil-chauffage-eau-chaude-inclus/1740783931
1738089026,"1,295.00",BEAU 3 1/2 RUE PAISIBLE SAINT-BRUNO-DE-MONTARVILLE,"Saint-Bruno-de-Montarville, Longueuil / South Shore",1,1,Apartment,1,N/A,https://www.kijiji.ca/v-apartments-condos/longueuil-rive-sud/beau-3-1-2-rue-paisible-saint-bruno-de-montarville/1738089026
1742476371,Please Contact,"Superbe 3 chambres 1200pc   Terrasse 200pc - Lumineux, Rangement","Hochelaga-Maisonneuve, Montréal",3.5,2,Apartment,1,1200,https://www.kijiji.ca/v-apartments-condos/ville-de-montreal/superbe-3-chambres-1200pc-terrasse-200pc-lumineux-rangement/1742476371
1742711851,680.00,Joli grand 11 ½ sur 2 étages - Métros De l’Église & Jolicoeur,"Verdun, Verdun",N/A,N/A,N/A,N/A,N/A,https://www.kijiji.ca/v-room-rental-roommate/ville-de-montreal/joli-grand-11-sur-2-etages-metros-de-l-eglise-jolicoeur/1742711851
1742711807,75.00,"Stationnement extérieur/Outdoor Parking Metro Beaubien, Fabre","La Petite-Patrie, Montreal",N/A,N/A,N/A,N/A,N/A,https://www.kijiji.ca/v-storage-parking/ville-de-montreal/stationnement-exterieur-outdoor-parking-metro-beaubien-fabre/1742711807
1741269881,850.00,"Bright Fully Furnished Apartment in Griffintown, Move-in Sept 1","Shaughnessy Village, Ville-Marie",3,1,Apartment,1,1200,https://www.kijiji.ca/v-apartments-condos/ville-de-montreal/bright-fully-furnished-apartment-in-griffintown-move-in-sept-1/1741269881
1741064280,"1,295.00","Laval 3 1/2 , Tout Inclus - Metro Monmorency","Laval-des-Rapides, Laval",1,1,Apartment,0,750,https://www.kijiji.ca/v-apartments-condos/laval-rive-nord/laval-3-1-2-tout-inclus-metro-monmorency/1741064280
1726357288,289.00,On-Demand Private Office Use at Regus Boul des Grandes-Prairies,City of Montréal,N/A,N/A,N/A,N/A,N/A,https://www.kijiji.ca/v-commercial-office-space/ville-de-montreal/on-demand-private-office-use-at-regus-boul-des-grandes-prairies/1726357288
1726357302,799.00,Dedicated Office for Rent – Regus Boul des Grandes-Prairies in,City of Montréal,N/A,N/A,N/A,N/A,N/A,https://www.kijiji.ca/v-commercial-office-space/ville-de-montreal/dedicated-office-for-rent-regus-boul-des-grandes-prairies-in/1726357302
1726357307,"5,996.00",Dedicated Office for Rent – Regus Boul des Grandes-Prairies in,City of Montréal,N/A,N/A,N/A,N/A,N/A,https://www.kijiji.ca/v-commercial-office-space/ville-de-montreal/dedicated-office-for-rent-regus-boul-des-grandes-prairies-in/1726357307
1726357311,"3,996.00",Dedicated Office for Rent – Regus Boul des Grandes-Prairies in,City of Montréal,N/A,N/A,N/A,N/A,N/A,https://www.kijiji.ca/v-commercial-office-space/ville-de-montreal/dedicated-office-for-rent-regus-boul-des-grandes-prairies-in/1726357311
1726357231,159.00,Coworking Membership at Regus Wellington – Verdun,City of Montréal,N/A,N/A,N/A,N/A,N/A,https://www.kijiji.ca/v-commercial-office-space/ville-de-montreal/coworking-membership-at-regus-wellington-verdun/1726357231
1726357245,"1,289.00",Dedicated Office for Rent – Regus Wellington in Verdun,City of Montréal,N/A,N/A,N/A,N/A,N/A,https://www.kijiji.ca/v-commercial-office-space/ville-de-montreal/dedicated-office-for-rent-regus-wellington-in-verdun/1726357245
1726357252,339.00,Coworking for Rent – Regus Wellington in Verdun,City of Montréal,N/A,N/A,N/A,N/A,N/A,https://www.kijiji.ca/v-commercial-office-space/ville-de-montreal/coworking-for-rent-regus-wellington-in-verdun/1726357252
1726357235,"3,859.00",Dedicated Office for Rent – Regus Wellington in Verdun,City of Montréal,N/A,N/A,N/A,N/A,N/A,https://www.kijiji.ca/v-commercial-office-space/ville-de-montreal/dedicated-office-for-rent-regus-wellington-in-verdun/1726357235
1726357238,599.00,Dedicated Office for Rent – Regus Wellington in Verdun,City of Montréal,N/A,N/A,N/A,N/A,N/A,https://www.kijiji.ca/v-commercial-office-space/ville-de-montreal/dedicated-office-for-rent-regus-wellington-in-verdun/1726357238
1726357239,"5,877.00",Dedicated Office for Rent – Regus Wellington in Verdun,City of Montréal,N/A,N/A,N/A,N/A,N/A,https://www.kijiji.ca/v-commercial-office-space/ville-de-montreal/dedicated-office-for-rent-regus-wellington-in-verdun/1726357239
1726357242,289.00,On-Demand Private Office Use at Regus Wellington Verdun,City of Montréal,N/A,N/A,N/A,N/A,N/A,https://www.kijiji.ca/v-commercial-office-space/ville-de-montreal/on-demand-private-office-use-at-regus-wellington-verdun/1726357242
1726357248,225.00,Regus Wellington Virtual Office in Verdun,City of Montréal,N/A,N/A,N/A,N/A,N/A,https://www.kijiji.ca/v-commercial-office-space/ville-de-montreal/regus-wellington-virtual-office-in-verdun/1726357248
1726357256,859.00,Dedicated Office for Rent – Regus Wellington in Verdun,City of Montréal,N/A,N/A,N/A,N/A,N/A,https://www.kijiji.ca/v-commercial-office-space/ville-de-montreal/dedicated-office-for-rent-regus-wellington-in-verdun/1726357256
1726357263,"1,589.00",Dedicated Office for Rent – Regus Wellington in Verdun,City of Montréal,N/A,N/A,N/A,N/A,N/A,https://www.kijiji.ca/v-commercial-office-space/ville-de-montreal/dedicated-office-for-rent-regus-wellington-in-verdun/1726357263
1726355691,289.00,On-Demand Private Office Use at Regus Rene Levesque Montreal,City of Montréal,N/A,N/A,N/A,N/A,N/A,https://www.kijiji.ca/v-commercial-office-space/ville-de-montreal/on-demand-private-office-use-at-regus-rene-levesque-montreal/1726355691
1726355693,409.00,Coworking for Rent – Regus Rene Levesque in Montreal,City of Montréal,N/A,N/A,N/A,N/A,N/A,https://www.kijiji.ca/v-commercial-office-space/ville-de-montreal/coworking-for-rent-regus-rene-levesque-in-montreal/1726355693
1726355697,265.00,Regus Rene Levesque Virtual Office in Montreal,City of Montréal,N/A,N/A,N/A,N/A,N/A,https://www.kijiji.ca/v-commercial-office-space/ville-de-montreal/regus-rene-levesque-virtual-office-in-montreal/1726355697
1726355699,"4,207.00",Dedicated Office for Rent – Regus Rene Levesque in Montreal,City of Montréal,N/A,N/A,N/A,N/A,N/A,https://www.kijiji.ca/v-commercial-office-space/ville-de-montreal/dedicated-office-for-rent-regus-rene-levesque-in-montreal/1726355699
1726355703,524.00,Dedicated Office for Rent – Regus Rene Levesque in Montreal,City of Montréal,N/A,N/A,N/A,N/A,N/A,https://www.kijiji.ca/v-commercial-office-space/ville-de-montreal/dedicated-office-for-rent-regus-rene-levesque-in-montreal/1726355703
1726355711,"2,099.00",Dedicated Office for Rent – Regus Rene Levesque in Montreal,City of Montréal,N/A,N/A,N/A,N/A,N/A,https://www.kijiji.ca/v-commercial-office-space/ville-de-montreal/dedicated-office-for-rent-regus-rene-levesque-in-montreal/1726355711
1726355728,"1,059.00",Dedicated Office for Rent – Regus Rene Levesque in Montreal,City of Montréal,N/A,N/A,N/A,N/A,N/A,https://www.kijiji.ca/v-commercial-office-space/ville-de-montreal/dedicated-office-for-rent-regus-rene-levesque-in-montreal/1726355728
1726355731,"2,098.00",Dedicated Office for Rent – Regus Rene Levesque in Montreal,City of Montréal,N/A,N/A,N/A,N/A,N/A,https://www.kijiji.ca/v-commercial-office-space/ville-de-montreal/dedicated-office-for-rent-regus-rene-levesque-in-montreal/1726355731
1726355715,"6,447.00",Dedicated Office for Rent – Regus Rene Levesque in Montreal,City of Montréal,N/A,N/A,N/A,N/A,N/A,https://www.kijiji.ca/v-commercial-office-space/ville-de-montreal/dedicated-office-for-rent-regus-rene-levesque-in-montreal/1726355715
1742701025,"1,700.00",4 1/2 condo for rent or sale/à louer et à vendre,"Pointe McDonald, Lasalle",2,1,Condo,0,882,https://www.kijiji.ca/v-apartments-condos/ville-de-montreal/4-1-2-condo-for-rent-or-sale-a-louer-et-a-vendre/1742701025
1742700980,"1,750.00",51/2 à louer ,"Sainte-Marthe-sur-le-Lac, Laval / North Shore",3,1,Apartment,2,1100,https://www.kijiji.ca/v-apartments-condos/laval-rive-nord/51-2-a-louer/1742700980
1742708911,"1,250.00",3 1/2 à louer dans Ahuntsic à 1250 $ tout inclus,"Ahuntsic, Montréal",1,1,Apartment,0,750,https://www.kijiji.ca/v-apartments-condos/ville-de-montreal/3-1-2-a-louer-dans-ahuntsic-a-1250-tout-inclus/1742708911
1742708235,400.00,room for rent-chambre a louer,"Old Rosemont, Montréal",N/A,N/A,N/A,N/A,N/A,https://www.kijiji.ca/v-room-rental-roommate/ville-de-montreal/room-for-rent-chambre-a-louer/1742708235
1742707768,"1,695.00",2-BEDROOM APARTMENT – NEAR PLAMONDON METRO | LEASE TRANSFER,"Snowdon, Montreal",2,1,Apartment,0,900,https://www.kijiji.ca/v-apartments-condos/ville-de-montreal/2-bedroom-apartment-near-plamondon-metro-lease-transfer/1742707768
1741301074,"2,100.00",2 bdr renovated - Plateau - 4 1/2 renové from Sep 1st,"Saint-Louis, Le Plateau-Mont-Royal",2.5,1.5,Condo,0,900,https://www.kijiji.ca/v-apartments-condos/ville-de-montreal/2-bdr-renovated-plateau-4-1-2-renove-from-sep-1st/1741301074
1742696823,600.00,a girl's room for rent,"Hochelaga-Maisonneuve, City of Montréal",N/A,N/A,N/A,N/A,N/A,https://www.kijiji.ca/v-room-rental-roommate/ville-de-montreal/a-girls-room-for-rent/1742696823
1742705439,"1,680.00",Logement 5 1/2 à louer,"Pointe McDonald, City of Montréal",3,1,Apartment,0,N/A,https://www.kijiji.ca/v-apartments-condos/ville-de-montreal/logement-5-1-2-a-louer/1742705439
1742472576,"1,390.00",4 1/2 Ste. Therese libre,"Sainte-Thérèse, Laval / North Shore",2,1,Apartment,1,700,https://www.kijiji.ca/v-apartments-condos/laval-rive-nord/4-1-2-ste-therese-libre/1742472576
1742705048,"1,650.00",Appartement 5 1/2 montreal ,"Hochelaga-Maisonneuve, City of Montréal",3,1,Apartment,0,1000,https://www.kijiji.ca/v-apartments-condos/ville-de-montreal/appartement-5-1-2-montreal/1742705048
1742471497,"1,575.00",Appartement 4 et demi à louer,"Bellerive, City of Montréal",2,1,Apartment,0,1000,https://www.kijiji.ca/v-apartments-condos/ville-de-montreal/appartement-4-et-demi-a-louer/1742471497
1742704259,800.00,fully furnished room available Sept 1,"Little Burgundy, City of Montréal",N/A,N/A,N/A,N/A,N/A,https://www.kijiji.ca/v-short-term-rental/ville-de-montreal/fully-furnished-room-available-sept-1/1742704259
1742704192,"2,700.00",Grand 6 ½ rénové sur avenue Van Horne. Parking intérieur inclus,"Côte-des-Neiges, Montreal",3.5,1,Apartment,2,1350,https://www.kijiji.ca/v-apartments-condos/ville-de-montreal/grand-6-renove-sur-avenue-van-horne-parking-interieur-inclus/1742704192
1742229911,"1,600.00",Très beau 4½ rénové – Tout inclus – Semi-meublé – Disponible dès,"Cartierville, Montréal",2.5,1,Apartment,0,950,https://www.kijiji.ca/v-apartments-condos/ville-de-montreal/tres-beau-4-renove-tout-inclus-semi-meuble-disponible-des/1742229911
1742703020,"1,200.00",Spacious 3 1/2 Apartment with larg private Storage-Terrebonne,"Terrebonne, Laval / North Shore",1,1,Apartment,1,858,https://www.kijiji.ca/v-apartments-condos/laval-rive-nord/spacious-3-1-2-apartment-with-larg-private-storage-terrebonne/1742703020
1742702955,"1,450.00",3 1/2 Downtown Apartment For Rent,"Golden Square Mile, Montreal",1,1,Apartment,0,N/A,https://www.kijiji.ca/v-apartments-condos/ville-de-montreal/3-1-2-downtown-apartment-for-rent/1742702955
1742702858,700.00,Sept - room in LaSalle,"Cavelier Park, City of Montréal",N/A,N/A,N/A,N/A,N/A,https://www.kijiji.ca/v-room-rental-roommate/ville-de-montreal/sept-room-in-lasalle/1742702858
1742702786,"1,280.00",3 1/2 nice,"Centre-Sud, City of Montréal",1,1,Apartment,0,N/A,https://www.kijiji.ca/v-apartments-condos/ville-de-montreal/3-1-2-nice/1742702786
1742702560,950.00,2 1/2 sous sol duplex ,"Mercier-Ouest / Longue-Pointe, City of Montréal",N/A,N/A,N/A,N/A,N/A,https://www.kijiji.ca/v-short-term-rental/ville-de-montreal/2-1-2-sous-sol-duplex/1742702560
1742702206,695.00,Big furnished room Downtown | All-in for September,"Shaughnessy Village, Montreal",1,2,Apartment,0,100,https://www.kijiji.ca/v-apartments-condos/ville-de-montreal/big-furnished-room-downtown-all-in-for-september/1742702206
1742702085,695.00,Big furnished room Downtown | All-in for September,"Shaughnessy Village, Montreal",N/A,N/A,N/A,N/A,N/A,https://www.kijiji.ca/v-room-rental-roommate/ville-de-montreal/big-furnished-room-downtown-all-in-for-september/1742702085
1726355685,"1,049.00",Dedicated Office for Rent – Regus Rene Levesque in Montreal,City of Montréal,N/A,N/A,N/A,N/A,N/A,https://www.kijiji.ca/v-commercial-office-space/ville-de-montreal/dedicated-office-for-rent-regus-rene-levesque-in-montreal/1726355685
1726355681,159.00,Coworking Membership at Regus Rene Levesque – Montreal,City of Montréal,N/A,N/A,N/A,N/A,N/A,https://www.kijiji.ca/v-commercial-office-space/ville-de-montreal/coworking-membership-at-regus-rene-levesque-montreal/1726355681
1726355462,159.00,Coworking Membership at Regus Cathcart & McGill – Montreal,City of Montréal,N/A,N/A,N/A,N/A,N/A,https://www.kijiji.ca/v-commercial-office-space/ville-de-montreal/coworking-membership-at-regus-cathcart-mcgill-montreal/1726355462
1726355468,559.00,Dedicated Office for Rent – Regus Cathcart & McGill in Montreal,City of Montréal,N/A,N/A,N/A,N/A,N/A,https://www.kijiji.ca/v-commercial-office-space/ville-de-montreal/dedicated-office-for-rent-regus-cathcart-mcgill-in-montreal/1726355468
1726355494,"1,189.00",Dedicated Office for Rent – Regus Cathcart & McGill in Montreal,City of Montréal,N/A,N/A,N/A,N/A,N/A,https://www.kijiji.ca/v-commercial-office-space/ville-de-montreal/dedicated-office-for-rent-regus-cathcart-mcgill-in-montreal/1726355494
1726355500,"1,578.00",Dedicated Office for Rent – Regus Cathcart & McGill in Montreal,City of Montréal,N/A,N/A,N/A,N/A,N/A,https://www.kijiji.ca/v-commercial-office-space/ville-de-montreal/dedicated-office-for-rent-regus-cathcart-mcgill-in-montreal/1726355500
1742700842,"1,750.00","Cession de bail - Appartement 3½, Mont-Royal","Connaught Park, Mont-Royal",1,1,Condo,0,622,https://www.kijiji.ca/v-apartments-condos/ville-de-montreal/cession-de-bail-appartement-3-mont-royal/1742700842
1742700675,"1,650.00",41/2CONDO 1200p2!3ième étag.Garage intérieur+2toilet.+plafond 9p,"Pilon Park, Montréal",2,2,Condo,1,1200,https://www.kijiji.ca/v-apartments-condos/ville-de-montreal/41-2condo-1200p2-3ieme-etag-garage-interieur-2toilet-plafond-9p/1742700675
1742700556,"1,300.00",2 ½ Downtown Montreal Condo with Gym Near McGill and Concordia,"Golden Square Mile, Montreal",0,1,Condo,0,563,https://www.kijiji.ca/v-apartments-condos/ville-de-montreal/2-downtown-montreal-condo-with-gym-near-mcgill-and-concordia/1742700556
1742700343,"1,400.00",Grand 4 1/2 à louer,"Pilon Park, Montréal",2,1,Duplex/Triplex,0,900,https://www.kijiji.ca/v-apartments-condos/ville-de-montreal/grand-4-1-2-a-louer/1742700343
1742700238,"1,200.00",2155 Sicard logement 4.5/1er etage//libre/ref,"Little Italy, City of Montréal",2,1,Duplex/Triplex,0,100,https://www.kijiji.ca/v-apartments-condos/ville-de-montreal/2155-sicard-logement-4-5-1er-etage-libre-ref/1742700238
1742700167,850.00,Room for Rent,"Brook Park, Montreal",N/A,N/A,N/A,N/A,N/A,https://www.kijiji.ca/v-room-rental-roommate/ville-de-montreal/room-for-rent/1742700167
1740922906,Please Contact,recherche location temporaire ,"Repentigny, Laval / North Shore",N/A,N/A,N/A,N/A,N/A,https://www.kijiji.ca/v-short-term-rental/laval-rive-nord/recherche-location-temporaire/1740922906
1742699585,"1,400.00",3 et 1/2 Électroménagers inclu + wifi,"Mercier-Ouest / Longue-Pointe, City of Montréal",1,1,Apartment,0,750,https://www.kijiji.ca/v-apartments-condos/ville-de-montreal/3-et-1-2-electromenagers-inclu-wifi/1742699585
1742698914,"1,400.00",Petit 4 ½ à louer – Secteur Villeray parc jarry,"Jarry Park, Montreal",1,1,Duplex/Triplex,0,550,https://www.kijiji.ca/v-apartments-condos/ville-de-montreal/petit-4-a-louer-secteur-villeray-parc-jarry/1742698914
1742698570,"1,995.00",Superbe Appartement 4 ½ à Beloeil près de la piscine municipale,"Beloeil, Beloeil",2,2,Apartment,2,900,https://www.kijiji.ca/v-apartments-condos/longueuil-rive-sud/superbe-appartement-4-a-beloeil-pres-de-la-piscine-municipale/1742698570
1742698790,"1,495.00",Studio contemporain | Métro Assomption | Piscine | Rooftop,"HoMa Industrial, Montréal",0,1,Condo,0,476,https://www.kijiji.ca/v-apartments-condos/ville-de-montreal/studio-contemporain-metro-assomption-piscine-rooftop/1742698790
1742698776,"1,255.00",Appartement de 4 pieces et demi,"Old Rosemont, Montréal",2,1,Apartment,0,450,https://www.kijiji.ca/v-apartments-condos/ville-de-montreal/appartement-de-4-pieces-et-demi/1742698776
1739953665,925.00,Studio - Plateau Mont-Royal - Électros inclus - Disponible,City of Montréal,0,1,Apartment,0,200,https://www.kijiji.ca/v-apartments-condos/ville-de-montreal/studio-plateau-mont-royal-electros-inclus-disponible/1739953665
1739953691,"5,750.00","LUXURY PENTHOUSE 3 BEDROOM, 2 BATHROOM IN DOWNTOWN MONTREAL","Lucien L'Allier, City of Montréal",3,2,Apartment,1,N/A,https://www.kijiji.ca/v-apartments-condos/ville-de-montreal/luxury-penthouse-3-bedroom-2-bathroom-in-downtown-montreal/1739953691
1733907720,"2,250.00",Furnished Executive Studio in Montreal | Utilities Included,City of Montréal,N/A,N/A,N/A,N/A,N/A,https://www.kijiji.ca/v-short-term-rental/ville-de-montreal/furnished-executive-studio-in-montreal-utilities-included/1733907720
1736902484,"1,699.00","Spacieux 4 ½ à louer – Delson, rue Principale","Delson, Longueuil / South Shore",2,1,Apartment,1,N/A,https://www.kijiji.ca/v-apartments-condos/longueuil-rive-sud/spacieux-4-a-louer-delson-rue-principale/1736902484
1736902481,"1,799.00",Le Suva – Grand 4 ½ moderne à louer | St-Constant – 1160 pi²,"Saint-Constant, Longueuil / South Shore",2,1,Condo,2,1160,https://www.kijiji.ca/v-apartments-condos/longueuil-rive-sud/le-suva-grand-4-moderne-a-louer-st-constant-1160-pi/1736902481
1735331965,"1,927.00",modern 2-bedroom 2-floor unit in Ahuntsic on Papineau - ID 2547,Montreal,2,1,Apartment,0,1515,https://www.kijiji.ca/v-apartments-condos/ville-de-montreal/modern-2-bedroom-2-floor-unit-in-ahuntsic-on-papineau-id-2547/1735331965
1726355459,265.00,Regus Cathcart & McGill Virtual Office in Montreal,City of Montréal,N/A,N/A,N/A,N/A,N/A,https://www.kijiji.ca/v-commercial-office-space/ville-de-montreal/regus-cathcart-mcgill-virtual-office-in-montreal/1726355459
1726355465,339.00,Coworking for Rent – Regus Cathcart & McGill in Montreal,City of Montréal,N/A,N/A,N/A,N/A,N/A,https://www.kijiji.ca/v-commercial-office-space/ville-de-montreal/coworking-for-rent-regus-cathcart-mcgill-in-montreal/1726355465
1726355471,789.00,Dedicated Office for Rent – Regus Cathcart & McGill in Montreal,City of Montréal,N/A,N/A,N/A,N/A,N/A,https://www.kijiji.ca/v-commercial-office-space/ville-de-montreal/dedicated-office-for-rent-regus-cathcart-mcgill-in-montreal/1726355471
1726355483,"3,427.00",Dedicated Office for Rent – Regus Cathcart & McGill in Montreal,City of Montréal,N/A,N/A,N/A,N/A,N/A,https://www.kijiji.ca/v-commercial-office-space/ville-de-montreal/dedicated-office-for-rent-regus-cathcart-mcgill-in-montreal/1726355483
1726355488,289.00,On-Demand Private Office Use at Regus Cathcart & McGill Montreal,City of Montréal,N/A,N/A,N/A,N/A,N/A,https://www.kijiji.ca/v-commercial-office-space/ville-de-montreal/on-demand-private-office-use-at-regus-cathcart-mcgill-montreal/1726355488
1726355496,"5,516.00",Dedicated Office for Rent – Regus Cathcart & McGill in Montreal,City of Montréal,N/A,N/A,N/A,N/A,N/A,https://www.kijiji.ca/v-commercial-office-space/ville-de-montreal/dedicated-office-for-rent-regus-cathcart-mcgill-in-montreal/1726355496
1726355480,"1,849.00",Dedicated Office for Rent – Regus Cathcart & McGill in Montreal,City of Montréal,N/A,N/A,N/A,N/A,N/A,https://www.kijiji.ca/v-commercial-office-space/ville-de-montreal/dedicated-office-for-rent-regus-cathcart-mcgill-in-montreal/1726355480
1726354824,289.00,On-Demand Private Office Use at Regus Ville St-Laurent,City of Montréal,N/A,N/A,N/A,N/A,N/A,https://www.kijiji.ca/v-commercial-office-space/ville-de-montreal/on-demand-private-office-use-at-regus-ville-st-laurent/1726354824
1742701078,600.00,chambre à louer ,"Chomedey, Laval / North Shore",N/A,N/A,N/A,N/A,N/A,https://www.kijiji.ca/v-room-rental-roommate/laval-rive-nord/chambre-a-louer/1742701078
1703985288,"2,295.00","2 ch + 1,5 bain (4 1/2+) / 2 bed + 1.5 bath à louer à Brossard",Longueuil / South Shore,2,1.5,Apartment,0,N/A,https://www.kijiji.ca/v-apartments-condos/longueuil-rive-sud/2-ch-1-5-bain-4-1-2-2-bed-1-5-bath-a-louer-a-brossard/1703985288
1690612023,"2,038.00","3 1/2, 50 ans et mIeux",Longueuil / South Shore,1,1,Condo,0,817,https://www.kijiji.ca/v-apartments-condos/longueuil-rive-sud/3-1-2-50-ans-et-mieux/1690612023
1726357863,"3,203.00",Dedicated Office for Rent – Regus Boul Cremazie in Montreal,City of Montréal,N/A,N/A,N/A,N/A,N/A,https://www.kijiji.ca/v-commercial-office-space/ville-de-montreal/dedicated-office-for-rent-regus-boul-cremazie-in-montreal/1726357863
1726357870,209.00,Coworking for Rent – Regus Boul Cremazie in Montreal,City of Montréal,N/A,N/A,N/A,N/A,N/A,https://www.kijiji.ca/v-commercial-office-space/ville-de-montreal/coworking-for-rent-regus-boul-cremazie-in-montreal/1726357870
1726357853,439.00,Dedicated Office for Rent – Regus Boul Cremazie in Montreal,City of Montréal,N/A,N/A,N/A,N/A,N/A,https://www.kijiji.ca/v-commercial-office-space/ville-de-montreal/dedicated-office-for-rent-regus-boul-cremazie-in-montreal/1726357853
1726357855,225.00,Regus Boul Cremazie Virtual Office in Montreal,City of Montréal,N/A,N/A,N/A,N/A,N/A,https://www.kijiji.ca/v-commercial-office-space/ville-de-montreal/regus-boul-cremazie-virtual-office-in-montreal/1726357855
1726357857,"4,893.00",Dedicated Office for Rent – Regus Boul Cremazie in Montreal,City of Montréal,N/A,N/A,N/A,N/A,N/A,https://www.kijiji.ca/v-commercial-office-space/ville-de-montreal/dedicated-office-for-rent-regus-boul-cremazie-in-montreal/1726357857
1726357859,"1,265.00",Dedicated Office for Rent – Regus Boul Cremazie in Montreal,City of Montréal,N/A,N/A,N/A,N/A,N/A,https://www.kijiji.ca/v-commercial-office-space/ville-de-montreal/dedicated-office-for-rent-regus-boul-cremazie-in-montreal/1726357859
1726357873,159.00,Coworking Membership at Regus Boul Cremazie – Montreal,City of Montréal,N/A,N/A,N/A,N/A,N/A,https://www.kijiji.ca/v-commercial-office-space/ville-de-montreal/coworking-membership-at-regus-boul-cremazie-montreal/1726357873
1726357856,"1,019.00",Dedicated Office for Rent – Regus Boul Cremazie in Montreal,City of Montréal,N/A,N/A,N/A,N/A,N/A,https://www.kijiji.ca/v-commercial-office-space/ville-de-montreal/dedicated-office-for-rent-regus-boul-cremazie-in-montreal/1726357856
1726357862,289.00,On-Demand Private Office Use at Regus Boul Cremazie Montreal,City of Montréal,N/A,N/A,N/A,N/A,N/A,https://www.kijiji.ca/v-commercial-office-space/ville-de-montreal/on-demand-private-office-use-at-regus-boul-cremazie-montreal/1726357862
1726357871,726.00,Dedicated Office for Rent – Regus Boul Cremazie in Montreal,City of Montréal,N/A,N/A,N/A,N/A,N/A,https://www.kijiji.ca/v-commercial-office-space/ville-de-montreal/dedicated-office-for-rent-regus-boul-cremazie-in-montreal/1726357871
1726357874,"1,704.00",Dedicated Office for Rent – Regus Boul Cremazie in Montreal,City of Montréal,N/A,N/A,N/A,N/A,N/A,https://www.kijiji.ca/v-commercial-office-space/ville-de-montreal/dedicated-office-for-rent-regus-boul-cremazie-in-montreal/1726357874
1726357569,159.00,Coworking Membership at Regus 4605 Lapinière Boulevard –,Longueuil / South Shore,N/A,N/A,N/A,N/A,N/A,https://www.kijiji.ca/v-commercial-office-space/longueuil-rive-sud/coworking-membership-at-regus-4605-lapiniere-boulevard/1726357569
1726357582,729.00,Dedicated Office for Rent – Regus 4605 Lapinière Boulevard in,Longueuil / South Shore,N/A,N/A,N/A,N/A,N/A,https://www.kijiji.ca/v-commercial-office-space/longueuil-rive-sud/dedicated-office-for-rent-regus-4605-lapiniere-boulevard-in/1726357582
1726357585,229.00,Regus 4605 Lapinière Boulevard Virtual Office in Brossard,Longueuil / South Shore,N/A,N/A,N/A,N/A,N/A,https://www.kijiji.ca/v-commercial-office-space/longueuil-rive-sud/regus-4605-lapiniere-boulevard-virtual-office-in-brossard/1726357585
1726357586,289.00,On-Demand Private Office Use at Regus 4605 Lapinière Boulevard,Longueuil / South Shore,N/A,N/A,N/A,N/A,N/A,https://www.kijiji.ca/v-commercial-office-space/longueuil-rive-sud/on-demand-private-office-use-at-regus-4605-lapiniere-boulevard/1726357586
1726357607,"1,199.00",Dedicated Office for Rent – Regus 4605 Lapinière Boulevard in,Longueuil / South Shore,N/A,N/A,N/A,N/A,N/A,https://www.kijiji.ca/v-commercial-office-space/longueuil-rive-sud/dedicated-office-for-rent-regus-4605-lapiniere-boulevard-in/1726357607
1726357571,"1,528.00",Dedicated Office for Rent – Regus 4605 Lapinière Boulevard in,Longueuil / South Shore,N/A,N/A,N/A,N/A,N/A,https://www.kijiji.ca/v-commercial-office-space/longueuil-rive-sud/dedicated-office-for-rent-regus-4605-lapiniere-boulevard-in/1726357571
1726357573,"1,928.00",Dedicated Office for Rent – Regus 4605 Lapinière Boulevard in,Longueuil / South Shore,N/A,N/A,N/A,N/A,N/A,https://www.kijiji.ca/v-commercial-office-space/longueuil-rive-sud/dedicated-office-for-rent-regus-4605-lapiniere-boulevard-in/1726357573
1726354837,259.00,Regus Ville St-Laurent Virtual Office in Saint Laurent,City of Montréal,N/A,N/A,N/A,N/A,N/A,https://www.kijiji.ca/v-commercial-office-space/ville-de-montreal/regus-ville-st-laurent-virtual-office-in-saint-laurent/1726354837
1726354840,"2,536.00",Dedicated Office for Rent – Regus Ville St-Laurent in,City of Montréal,N/A,N/A,N/A,N/A,N/A,https://www.kijiji.ca/v-commercial-office-space/ville-de-montreal/dedicated-office-for-rent-regus-ville-st-laurent-in/1726354840
1726354848,"1,268.00",Dedicated Office for Rent – Regus Ville St-Laurent in,City of Montréal,N/A,N/A,N/A,N/A,N/A,https://www.kijiji.ca/v-commercial-office-space/ville-de-montreal/dedicated-office-for-rent-regus-ville-st-laurent-in/1726354848
1726354851,"1,118.00",Dedicated Office for Rent – Regus Ville St-Laurent in,City of Montréal,N/A,N/A,N/A,N/A,N/A,https://www.kijiji.ca/v-commercial-office-space/ville-de-montreal/dedicated-office-for-rent-regus-ville-st-laurent-in/1726354851
1726354843,559.00,Dedicated Office for Rent – Regus Ville St-Laurent in,City of Montréal,N/A,N/A,N/A,N/A,N/A,https://www.kijiji.ca/v-commercial-office-space/ville-de-montreal/dedicated-office-for-rent-regus-ville-st-laurent-in/1726354843
1726354845,709.00,Dedicated Office for Rent – Regus Ville St-Laurent in,City of Montréal,N/A,N/A,N/A,N/A,N/A,https://www.kijiji.ca/v-commercial-office-space/ville-de-montreal/dedicated-office-for-rent-regus-ville-st-laurent-in/1726354845
1726354867,"5,476.00",Dedicated Office for Rent – Regus Ville St-Laurent in,City of Montréal,N/A,N/A,N/A,N/A,N/A,https://www.kijiji.ca/v-commercial-office-space/ville-de-montreal/dedicated-office-for-rent-regus-ville-st-laurent-in/1726354867
1726354833,159.00,Coworking Membership at Regus Ville St-Laurent – Saint Laurent,City of Montréal,N/A,N/A,N/A,N/A,N/A,https://www.kijiji.ca/v-commercial-office-space/ville-de-montreal/coworking-membership-at-regus-ville-st-laurent-saint-laurent/1726354833
1726354818,339.00,Coworking for Rent – Regus Ville St-Laurent in Saint Laurent,City of Montréal,N/A,N/A,N/A,N/A,N/A,https://www.kijiji.ca/v-commercial-office-space/ville-de-montreal/coworking-for-rent-regus-ville-st-laurent-in-saint-laurent/1726354818
1726354816,429.00,Dedicated Office for Rent – Regus Ville St-Laurent in,City of Montréal,N/A,N/A,N/A,N/A,N/A,https://www.kijiji.ca/v-commercial-office-space/ville-de-montreal/dedicated-office-for-rent-regus-ville-st-laurent-in/1726354816
1726354584,159.00,Coworking Membership at Regus Place d'Armes – Montreal,City of Montréal,N/A,N/A,N/A,N/A,N/A,https://www.kijiji.ca/v-commercial-office-space/ville-de-montreal/coworking-membership-at-regus-place-darmes-montreal/1726354584
1726354594,"1,419.00",Dedicated Office for Rent – Regus Place d'Armes in Montreal,City of Montréal,N/A,N/A,N/A,N/A,N/A,https://www.kijiji.ca/v-commercial-office-space/ville-de-montreal/dedicated-office-for-rent-regus-place-darmes-in-montreal/1726354594
1726354597,289.00,On-Demand Private Office Use at Regus Place d'Armes Montreal,City of Montréal,N/A,N/A,N/A,N/A,N/A,https://www.kijiji.ca/v-commercial-office-space/ville-de-montreal/on-demand-private-office-use-at-regus-place-darmes-montreal/1726354597
1726354610,439.00,Coworking for Rent – Regus Place d'Armes in Montreal,City of Montréal,N/A,N/A,N/A,N/A,N/A,https://www.kijiji.ca/v-commercial-office-space/ville-de-montreal/coworking-for-rent-regus-place-darmes-in-montreal/1726354610
1726354589,789.00,Dedicated Office for Rent – Regus Place d'Armes in Montreal,City of Montréal,N/A,N/A,N/A,N/A,N/A,https://www.kijiji.ca/v-commercial-office-space/ville-de-montreal/dedicated-office-for-rent-regus-place-darmes-in-montreal/1726354589
1726354605,"1,039.00",Dedicated Office for Rent – Regus Place d'Armes in Montreal,City of Montréal,N/A,N/A,N/A,N/A,N/A,https://www.kijiji.ca/v-commercial-office-space/ville-de-montreal/dedicated-office-for-rent-regus-place-darmes-in-montreal/1726354605
1726354608,"2,078.00",Dedicated Office for Rent – Regus Place d'Armes in Montreal,City of Montréal,N/A,N/A,N/A,N/A,N/A,https://www.kijiji.ca/v-commercial-office-space/ville-de-montreal/dedicated-office-for-rent-regus-place-darmes-in-montreal/1726354608
1726354613,"7,676.00",Dedicated Office for Rent – Regus Place d'Armes in Montreal,City of Montréal,N/A,N/A,N/A,N/A,N/A,https://www.kijiji.ca/v-commercial-office-space/ville-de-montreal/dedicated-office-for-rent-regus-place-darmes-in-montreal/1726354613
1726354617,289.00,Regus Place d'Armes Virtual Office in Montreal,City of Montréal,N/A,N/A,N/A,N/A,N/A,https://www.kijiji.ca/v-commercial-office-space/ville-de-montreal/regus-place-darmes-virtual-office-in-montreal/1726354617
1726354601,"2,458.00",Dedicated Office for Rent – Regus Place d'Armes in Montreal,City of Montréal,N/A,N/A,N/A,N/A,N/A,https://www.kijiji.ca/v-commercial-office-space/ville-de-montreal/dedicated-office-for-rent-regus-place-darmes-in-montreal/1726354601
1726354619,"4,948.00",Dedicated Office for Rent – Regus Place d'Armes in Montreal,City of Montréal,N/A,N/A,N/A,N/A,N/A,https://www.kijiji.ca/v-commercial-office-space/ville-de-montreal/dedicated-office-for-rent-regus-place-darmes-in-montreal/1726354619
1726354532,235.00,Regus St. Martin Virtual Office in Laval,Laval / North Shore,N/A,N/A,N/A,N/A,N/A,https://www.kijiji.ca/v-commercial-office-space/laval-rive-nord/regus-st-martin-virtual-office-in-laval/1726354532
1726354544,799.00,Dedicated Office for Rent – Regus St. Martin in Laval,Laval / North Shore,N/A,N/A,N/A,N/A,N/A,https://www.kijiji.ca/v-commercial-office-space/laval-rive-nord/dedicated-office-for-rent-regus-st-martin-in-laval/1726354544
1726354548,469.00,Dedicated Office for Rent – Regus St. Martin in Laval,Laval / North Shore,N/A,N/A,N/A,N/A,N/A,https://www.kijiji.ca/v-commercial-office-space/laval-rive-nord/dedicated-office-for-rent-regus-st-martin-in-laval/1726354548
1726354518,289.00,On-Demand Private Office Use at Regus St. Martin Laval,Laval / North Shore,N/A,N/A,N/A,N/A,N/A,https://www.kijiji.ca/v-commercial-office-space/laval-rive-nord/on-demand-private-office-use-at-regus-st-martin-laval/1726354518
1726354536,"2,996.00",Dedicated Office for Rent – Regus St. Martin in Laval,Laval / North Shore,N/A,N/A,N/A,N/A,N/A,https://www.kijiji.ca/v-commercial-office-space/laval-rive-nord/dedicated-office-for-rent-regus-st-martin-in-laval/1726354536
1726354552,"4,404.00",Dedicated Office for Rent – Regus St. Martin in Laval,Laval / North Shore,N/A,N/A,N/A,N/A,N/A,https://www.kijiji.ca/v-commercial-office-space/laval-rive-nord/dedicated-office-for-rent-regus-st-martin-in-laval/1726354552
1726354525,159.00,Coworking Membership at Regus St. Martin – Laval,Laval / North Shore,N/A,N/A,N/A,N/A,N/A,https://www.kijiji.ca/v-commercial-office-space/laval-rive-nord/coworking-membership-at-regus-st-martin-laval/1726354525
1726354526,609.00,Dedicated Office for Rent – Regus St. Martin in Laval,Laval / North Shore,N/A,N/A,N/A,N/A,N/A,https://www.kijiji.ca/v-commercial-office-space/laval-rive-nord/dedicated-office-for-rent-regus-st-martin-in-laval/1726354526
1726354541,"1,268.00",Dedicated Office for Rent – Regus St. Martin in Laval,Laval / North Shore,N/A,N/A,N/A,N/A,N/A,https://www.kijiji.ca/v-commercial-office-space/laval-rive-nord/dedicated-office-for-rent-regus-st-martin-in-laval/1726354541
1726354562,"1,408.00",Dedicated Office for Rent – Regus St. Martin in Laval,Laval / North Shore,N/A,N/A,N/A,N/A,N/A,https://www.kijiji.ca/v-commercial-office-space/laval-rive-nord/dedicated-office-for-rent-regus-st-martin-in-laval/1726354562
1726354413,265.00,Regus McGill College Virtual Office in Montreal,City of Montréal,N/A,N/A,N/A,N/A,N/A,https://www.kijiji.ca/v-commercial-office-space/ville-de-montreal/regus-mcgill-college-virtual-office-in-montreal/1726354413
1726354417,339.00,Coworking for Rent – Regus McGill College in Montreal,City of Montréal,N/A,N/A,N/A,N/A,N/A,https://www.kijiji.ca/v-commercial-office-space/ville-de-montreal/coworking-for-rent-regus-mcgill-college-in-montreal/1726354417
1726354399,439.00,Dedicated Office for Rent – Regus McGill College in Montreal,City of Montréal,N/A,N/A,N/A,N/A,N/A,https://www.kijiji.ca/v-commercial-office-space/ville-de-montreal/dedicated-office-for-rent-regus-mcgill-college-in-montreal/1726354399
1726354405,159.00,Coworking Membership at Regus McGill College – Montreal,City of Montréal,N/A,N/A,N/A,N/A,N/A,https://www.kijiji.ca/v-commercial-office-space/ville-de-montreal/coworking-membership-at-regus-mcgill-college-montreal/1726354405
1726354426,"3,076.00",Dedicated Office for Rent – Regus McGill College in Montreal,City of Montréal,N/A,N/A,N/A,N/A,N/A,https://www.kijiji.ca/v-commercial-office-space/ville-de-montreal/dedicated-office-for-rent-regus-mcgill-college-in-montreal/1726354426
1726354431,"1,258.00",Dedicated Office for Rent – Regus McGill College in Montreal,City of Montréal,N/A,N/A,N/A,N/A,N/A,https://www.kijiji.ca/v-commercial-office-space/ville-de-montreal/dedicated-office-for-rent-regus-mcgill-college-in-montreal/1726354431
1726354445,"1,498.00",Dedicated Office for Rent – Regus McGill College in Montreal,City of Montréal,N/A,N/A,N/A,N/A,N/A,https://www.kijiji.ca/v-commercial-office-space/ville-de-montreal/dedicated-office-for-rent-regus-mcgill-college-in-montreal/1726354445
1726354409,869.00,Dedicated Office for Rent – Regus McGill College in Montreal,City of Montréal,N/A,N/A,N/A,N/A,N/A,https://www.kijiji.ca/v-commercial-office-space/ville-de-montreal/dedicated-office-for-rent-regus-mcgill-college-in-montreal/1726354409
1726354419,289.00,On-Demand Private Office Use at Regus McGill College Montreal,City of Montréal,N/A,N/A,N/A,N/A,N/A,https://www.kijiji.ca/v-commercial-office-space/ville-de-montreal/on-demand-private-office-use-at-regus-mcgill-college-montreal/1726354419
1726354427,629.00,Dedicated Office for Rent – Regus McGill College in Montreal,City of Montréal,N/A,N/A,N/A,N/A,N/A,https://www.kijiji.ca/v-commercial-office-space/ville-de-montreal/dedicated-office-for-rent-regus-mcgill-college-in-montreal/1726354427
1726354439,"5,146.00",Dedicated Office for Rent – Regus McGill College in Montreal,City of Montréal,N/A,N/A,N/A,N/A,N/A,https://www.kijiji.ca/v-commercial-office-space/ville-de-montreal/dedicated-office-for-rent-regus-mcgill-college-in-montreal/1726354439
1726353772,"5,879.00",Dedicated Office for Rent – Regus University Street in Montreal,City of Montréal,N/A,N/A,N/A,N/A,N/A,https://www.kijiji.ca/v-commercial-office-space/ville-de-montreal/dedicated-office-for-rent-regus-university-street-in-montreal/1726353772
1711192950,"2,085.00",Nouveaux appartements à louer à Delson - 5 et demi,Longueuil / South Shore,3,1,Apartment,0,N/A,https://www.kijiji.ca/v-apartments-condos/longueuil-rive-sud/nouveaux-appartements-a-louer-a-delson-5-et-demi/1711192950
1726353770,599.00,Dedicated Office for Rent – Regus University Street in Montreal,City of Montréal,N/A,N/A,N/A,N/A,N/A,https://www.kijiji.ca/v-commercial-office-space/ville-de-montreal/dedicated-office-for-rent-regus-university-street-in-montreal/1726353770
1726353707,289.00,On-Demand Private Office Use at Regus Montreal Airport,City of Montréal,N/A,N/A,N/A,N/A,N/A,https://www.kijiji.ca/v-commercial-office-space/ville-de-montreal/on-demand-private-office-use-at-regus-montreal-airport/1726353707
1726353722,"6,716.00",Dedicated Office for Rent – Regus Montreal Airport in,City of Montréal,N/A,N/A,N/A,N/A,N/A,https://www.kijiji.ca/v-commercial-office-space/ville-de-montreal/dedicated-office-for-rent-regus-montreal-airport-in/1726353722
1726353727,"1,418.00",Dedicated Office for Rent – Regus Montreal Airport in,City of Montréal,N/A,N/A,N/A,N/A,N/A,https://www.kijiji.ca/v-commercial-office-space/ville-de-montreal/dedicated-office-for-rent-regus-montreal-airport-in/1726353727
1726353751,159.00,Coworking Membership at Regus University Street – Montreal,City of Montréal,N/A,N/A,N/A,N/A,N/A,https://www.kijiji.ca/v-commercial-office-space/ville-de-montreal/coworking-membership-at-regus-university-street-montreal/1726353751
1726353756,"3,011.00",Dedicated Office for Rent – Regus University Street in Montreal,City of Montréal,N/A,N/A,N/A,N/A,N/A,https://www.kijiji.ca/v-commercial-office-space/ville-de-montreal/dedicated-office-for-rent-regus-university-street-in-montreal/1726353756
1726353759,906.00,Dedicated Office for Rent – Regus University Street in Montreal,City of Montréal,N/A,N/A,N/A,N/A,N/A,https://www.kijiji.ca/v-commercial-office-space/ville-de-montreal/dedicated-office-for-rent-regus-university-street-in-montreal/1726353759
1726353695,829.00,Dedicated Office for Rent – Regus Montreal Airport in,City of Montréal,N/A,N/A,N/A,N/A,N/A,https://www.kijiji.ca/v-commercial-office-space/ville-de-montreal/dedicated-office-for-rent-regus-montreal-airport-in/1726353695
1726353709,589.00,Dedicated Office for Rent – Regus Montreal Airport in,City of Montréal,N/A,N/A,N/A,N/A,N/A,https://www.kijiji.ca/v-commercial-office-space/ville-de-montreal/dedicated-office-for-rent-regus-montreal-airport-in/1726353709
1726353718,455.00,Dedicated Office for Rent – Regus Montreal Airport in,City of Montréal,N/A,N/A,N/A,N/A,N/A,https://www.kijiji.ca/v-commercial-office-space/ville-de-montreal/dedicated-office-for-rent-regus-montreal-airport-in/1726353718
1726353744,289.00,On-Demand Private Office Use at Regus University Street Montreal,City of Montréal,N/A,N/A,N/A,N/A,N/A,https://www.kijiji.ca/v-commercial-office-space/ville-de-montreal/on-demand-private-office-use-at-regus-university-street-montreal/1726353744
1726353745,319.00,Coworking for Rent – Regus University Street in Montreal,City of Montréal,N/A,N/A,N/A,N/A,N/A,https://www.kijiji.ca/v-commercial-office-space/ville-de-montreal/coworking-for-rent-regus-university-street-in-montreal/1726353745
1726353754,"1,198.00",Dedicated Office for Rent – Regus University Street in Montreal,City of Montréal,N/A,N/A,N/A,N/A,N/A,https://www.kijiji.ca/v-commercial-office-space/ville-de-montreal/dedicated-office-for-rent-regus-university-street-in-montreal/1726353754
1726353755,459.00,Dedicated Office for Rent – Regus University Street in Montreal,City of Montréal,N/A,N/A,N/A,N/A,N/A,https://www.kijiji.ca/v-commercial-office-space/ville-de-montreal/dedicated-office-for-rent-regus-university-street-in-montreal/1726353755
1726353763,"1,505.00",Dedicated Office for Rent – Regus University Street in Montreal,City of Montréal,N/A,N/A,N/A,N/A,N/A,https://www.kijiji.ca/v-commercial-office-space/ville-de-montreal/dedicated-office-for-rent-regus-university-street-in-montreal/1726353763
1726353700,289.00,Coworking for Rent – Regus Montreal Airport in Pointe-Claire,City of Montréal,N/A,N/A,N/A,N/A,N/A,https://www.kijiji.ca/v-commercial-office-space/ville-de-montreal/coworking-for-rent-regus-montreal-airport-in-pointe-claire/1726353700
1726353714,159.00,Coworking Membership at Regus Montreal Airport – Pointe-Claire,City of Montréal,N/A,N/A,N/A,N/A,N/A,https://www.kijiji.ca/v-commercial-office-space/ville-de-montreal/coworking-membership-at-regus-montreal-airport-pointe-claire/1726353714
1726353720,"1,199.00",Dedicated Office for Rent – Regus Montreal Airport in,City of Montréal,N/A,N/A,N/A,N/A,N/A,https://www.kijiji.ca/v-commercial-office-space/ville-de-montreal/dedicated-office-for-rent-regus-montreal-airport-in/1726353720
1726353740,"2,857.00",Dedicated Office for Rent – Regus Montreal Airport in,City of Montréal,N/A,N/A,N/A,N/A,N/A,https://www.kijiji.ca/v-commercial-office-space/ville-de-montreal/dedicated-office-for-rent-regus-montreal-airport-in/1726353740
1726353760,215.00,Regus University Street Virtual Office in Montreal,City of Montréal,N/A,N/A,N/A,N/A,N/A,https://www.kijiji.ca/v-commercial-office-space/ville-de-montreal/regus-university-street-virtual-office-in-montreal/1726353760
1738473462,"1,229.00","Apartment for Rent at 4875 Dufferin, Hampstead",City of Montréal,0,1,Apartment,0,420,https://www.kijiji.ca/v-apartments-condos/ville-de-montreal/apartment-for-rent-at-4875-dufferin-hampstead/1738473462
1726353688,254.00,Regus Montreal Airport Virtual Office in Pointe-Claire,City of Montréal,N/A,N/A,N/A,N/A,N/A,https://www.kijiji.ca/v-commercial-office-space/ville-de-montreal/regus-montreal-airport-virtual-office-in-pointe-claire/1726353688
1741320800,"1,455.00",3 1/2 avec Balcon,"Vertu, City of Montréal",1,1,Apartment,0,900,https://www.kijiji.ca/v-apartments-condos/ville-de-montreal/3-1-2-avec-balcon/1741320800
1741320735,"1,495.00",one bedroom apartment near McGill - ID 3372,"Milton-Parc, City of Montréal",1,1,Apartment,0,468,https://www.kijiji.ca/v-apartments-condos/ville-de-montreal/one-bedroom-apartment-near-mcgill-id-3372/1741320735
1741320737,"1,595.00",Renovated 1 bdrm - Beside McGill - November - ID 2044,"Milton-Parc, City of Montréal",1,1,Apartment,0,467,https://www.kijiji.ca/v-apartments-condos/ville-de-montreal/renovated-1-bdrm-beside-mcgill-november-id-2044/1741320737
1741320747,"1,650.00",renovated one-bedroom apartment in Ahuntsic - ID 2548,Montreal,1,1,Apartment,0,775,https://www.kijiji.ca/v-apartments-condos/ville-de-montreal/renovated-one-bedroom-apartment-in-ahuntsic-id-2548/1741320747
1736884199,"4,240.00","3 Bedroom available at 6801 Abraham de Sola St, Côte Saint-Luc",City of Montréal,3,1,Apartment,0,1397,https://www.kijiji.ca/v-apartments-condos/ville-de-montreal/3-bedroom-available-at-6801-abraham-de-sola-st-cote-saint-luc/1736884199
1736884213,"1,225.00",The St-Norbert Apartments - Bachelor available at 150 st Norbert,Montréal,0,1,Apartment,0,465,https://www.kijiji.ca/v-apartments-condos/ville-de-montreal/the-st-norbert-apartments-bachelor-available-at-150-st-norbert/1736884213
1731116739,"1,585.00",The Portneuf Apartments - 2 Bedroom available at 6465 East Sherb,City of Montréal,2,1,Apartment,0,841,https://www.kijiji.ca/v-apartments-condos/ville-de-montreal/the-portneuf-apartments-2-bedroom-available-at-6465-east-sherb/1731116739
1742690113,"2,000.00",4.5 Condo appartement,"Ahuntsic, Montreal",4.5,1,Apartment,0,800,https://www.kijiji.ca/v-apartments-condos/ville-de-montreal/4-5-condo-appartement/1742690113
1735323332,"1,350.00","The 1350 Dufort Apartments - 1 Bedroom, Montreal Apt for Rent",City of Montréal,1,1,Apartment,0,500,https://www.kijiji.ca/v-apartments-condos/ville-de-montreal/the-1350-dufort-apartments-1-bedroom-montreal-apt-for-rent/1735323332
1731116725,"1,395.00","The Lorne Apartments - 1 Bedroom available at 3580 Lorne Avenue,",Montréal,1,1,Apartment,0,490,https://www.kijiji.ca/v-apartments-condos/ville-de-montreal/the-lorne-apartments-1-bedroom-available-at-3580-lorne-avenue/1731116725
1741313224,"2,709.00","Apartment for Rent at 170 René-Lévesque, Downtown","Champ-de-Mars, City of Montréal",2,1,Apartment,0,880,https://www.kijiji.ca/v-apartments-condos/ville-de-montreal/apartment-for-rent-at-170-rene-levesque-downtown/1741313224
1671917032,"1,325.00",Spacious 3.5 all included in St-Lambert - available,Longueuil / South Shore,1,1,Apartment,0,N/A,https://www.kijiji.ca/v-apartments-condos/longueuil-rive-sud/spacious-3-5-all-included-in-st-lambert-available/1671917032
1736871495,"3,290.00","Westpark - 3 bed, 2 bath, den Apartment for Rent",Pointe-Claire,3,2,Apartment,0,1180,https://www.kijiji.ca/v-apartments-condos/ouest-de-lile-qc/westpark-3-bed-2-bath-den-apartment-for-rent/1736871495
1736871517,"1,909.00","Apartment for Rent at 5881 Monkland, Monkland Village NDG",City of Montréal,1,1,Apartment,0,900,https://www.kijiji.ca/v-apartments-condos/ville-de-montreal/apartment-for-rent-at-5881-monkland-monkland-village-ndg/1736871517
1741307356,"1,719.00",Central Parc Laval - 1 Bedroom (Althéa VI) Apartment for Rent,Laval,1,1,Apartment,0,627,https://www.kijiji.ca/v-apartments-condos/laval-rive-nord/central-parc-laval-1-bedroom-althea-vi-apartment-for-rent/1741307356
1741302332,"1,250.00","1 CH - 1 SDB - Montréal - $1,250 /mo",Montréal,1,1,Apartment,0,472,https://www.kijiji.ca/v-apartments-condos/ville-de-montreal/1-ch-1-sdb-montreal-1-250-mo/1741302332
1741302295,"2,295.00",renovated two-bedroom apartment near Guy-Concordia - ID 1311,City of Montréal,2,1,Apartment,0,750,https://www.kijiji.ca/v-apartments-condos/ville-de-montreal/renovated-two-bedroom-apartment-near-guy-concordia-id-1311/1741302295
1741301869,"1,440.00",One Bedroom Apartment for Rent - 1825 Ste Rose Street,Montréal,1,1,Apartment,0,546,https://www.kijiji.ca/v-apartments-condos/ville-de-montreal/one-bedroom-apartment-for-rent-1825-ste-rose-street/1741301869
1742698422,585.00,CHAMBRE À LOUER 585$,"Saint-Leonard West, Montréal",N/A,N/A,N/A,N/A,N/A,https://www.kijiji.ca/v-room-rental-roommate/ville-de-montreal/chambre-a-louer-585/1742698422
1742698358,"2,300.00",5 1/2 For Rent / A Louer - Lasalle WITH PARKING,"Angrignon, Montreal",3,1,House,1,1600,https://www.kijiji.ca/v-apartments-condos/ville-de-montreal/5-1-2-for-rent-a-louer-lasalle-with-parking/1742698358
1742698057,"1,825.00",4 1/2 STYLE CONDO LAVAL/ CHOMEDEY A LOUER POUR 1ER NOVEMBRE 2026,"Chomedey, Laval",2,1,Apartment,1,1019,https://www.kijiji.ca/v-apartments-condos/laval-rive-nord/4-1-2-style-condo-laval-chomedey-a-louer-pour-1er-novembre-2026/1742698057
1742697946,"1,800.00",Logement 5 1/2 a ste Therese,"Sainte-Thérèse, Sainte-Thérèse",3,1,Apartment,2,1200,https://www.kijiji.ca/v-apartments-condos/laval-rive-nord/logement-5-1-2-a-ste-therese/1742697946
1740302127,"1,490.00",4 1/2 meublé 2 chambres et électroménagers,"Saint-Michel, Montréal",2,1,Apartment,0,800,https://www.kijiji.ca/v-apartments-condos/ville-de-montreal/4-1-2-meuble-2-chambres-et-electromenagers/1740302127
1742463773,"2,200.00",1St Floor 4 1/2 renovated with backyard/parking available,"Verdun, Montreal",2,1,Apartment,2,1000,https://www.kijiji.ca/v-apartments-condos/ville-de-montreal/1st-floor-4-1-2-renovated-with-backyard-parking-available/1742463773
1740361839,"1,500.00",CDN APARTMENT FOR RENT,"Sainte-Dorothée, Sainte-Dorothée",2,1.5,Apartment,0,875,https://www.kijiji.ca/v-apartments-condos/ville-de-montreal/cdn-apartment-for-rent/1740361839
1742689862,"1,100.00",4 1/2 à louer dans rosemont.,"Rosemont, Rosemont—La Petite-Patrie",2,1,Apartment,0,635,https://www.kijiji.ca/v-apartments-condos/ville-de-montreal/4-1-2-a-louer-dans-rosemont/1742689862
1742689345,"2,750.00",A 3-Bedroom House for Rent - Special Price - One Month Free,"Elm Park, Pointe-Claire",3,1.5,House,2,1250,https://www.kijiji.ca/v-apartments-condos/ouest-de-lile-qc/a-3-bedroom-house-for-rent-special-price-one-month-free/1742689345
1742689134,"1,250.00",3½ meublé – Saint‑Catherine / Pie‑IX – 1250 $/mois – 1er oct.,"Hochelaga-Maisonneuve, Montreal",1,1,Apartment,0,N/A,https://www.kijiji.ca/v-apartments-condos/ville-de-montreal/3-meuble-saint-catherine-pie-ix-1250-mois-1er-oct/1742689134
1739882368,"1,050.00","Appartement 2 ½ Studio à Louer,Villeray ","Jarry Park, City of Montréal",0,1.5,Apartment,0,300,https://www.kijiji.ca/v-apartments-condos/ville-de-montreal/appartement-2-studio-a-louer-villeray/1739882368
1735732555,"1,250.00",Appartement Villeray 3 ½,"Jarry Park, City of Montréal",1,1,Apartment,0,350,https://www.kijiji.ca/v-apartments-condos/ville-de-montreal/appartement-villeray-3/1735732555
1742687933,"1,400.00",Grand 51/2 a louer dans Côte des Neiges limite Outremont,"Côte-des-Neiges, City of Montréal",2,1,Apartment,0,890,https://www.kijiji.ca/v-apartments-condos/ville-de-montreal/grand-51-2-a-louer-dans-cote-des-neiges-limite-outremont/1742687933
1742687489,700.00,Chambre à louer,"Vimont, Laval / North Shore",N/A,N/A,N/A,N/A,N/A,https://www.kijiji.ca/v-room-rental-roommate/laval-rive-nord/chambre-a-louer/1742687489
1742687474,"1,630.00",All inclusive 1 bed 1 bath apartment $1630,"The Triangle, City of Montréal",1,1,Apartment,1,640,https://www.kijiji.ca/v-apartments-condos/ville-de-montreal/all-inclusive-1-bed-1-bath-apartment-1630/1742687474
1742687363,449.00,130 ft² Private Office – All-Inclusive Monthly Rental,"De Liesse Industrial, City of Montréal",N/A,N/A,N/A,N/A,N/A,https://www.kijiji.ca/v-commercial-office-space/ville-de-montreal/130-ft-private-office-all-inclusive-monthly-rental/1742687363
1736751945,"1,295.00",À LOUER : 3 ½ rénové à NDG – Meublé et Tout Inclus,"Notre-Dame-de-Grâce, Montreal",1,1,Apartment,0,650,https://www.kijiji.ca/v-apartments-condos/ville-de-montreal/a-louer-:-3-renove-a-ndg-meuble-et-tout-inclus/1736751945
1742686546,"1,500.00",Female Roommate Wanted | 1 bed shared apt Maestria Condominiums,"Quartier-des-Spectacles, City of Montréal",N/A,N/A,N/A,N/A,N/A,https://www.kijiji.ca/v-room-rental-roommate/ville-de-montreal/female-roommate-wanted-1-bed-shared-apt-maestria-condominiums/1742686546
1742686287,"1,995.00",Local commercial,"Lachenaie, Laval / North Shore",N/A,N/A,N/A,N/A,N/A,https://www.kijiji.ca/v-commercial-office-space/laval-rive-nord/local-commercial/1742686287
1740549152,"1,026.00",All included renovated studio Metro Joliette,"Rosemont, Montréal",0,1,Apartment,0,350,https://www.kijiji.ca/v-apartments-condos/ville-de-montreal/all-included-renovated-studio-metro-joliette/1740549152
1740548393,990.00,Semi-basement all included and renovated studio,"Rosemont, Montréal",0,1,Apartment,0,200,https://www.kijiji.ca/v-apartments-condos/ville-de-montreal/semi-basement-all-included-and-renovated-studio/1740548393
1729545837,990.00,Studio rénové hydro inclus - Métro Joliette,"Rosemont, Montréal",0,1,Apartment,0,350,https://www.kijiji.ca/v-apartments-condos/ville-de-montreal/studio-renove-hydro-inclus-metro-joliette/1729545837
1736293844,450.00,Office space for rent in business center.,"Ahuntsic, Montréal",N/A,N/A,N/A,N/A,N/A,https://www.kijiji.ca/v-commercial-office-space/ville-de-montreal/office-space-for-rent-in-business-center/1736293844
1742685484,"1,995.00",Brossard-grand 5 1/2 entièrement rénové 2026-libre,"sector A, Brossard",3,1,Apartment,1,1200,https://www.kijiji.ca/v-apartments-condos/longueuil-rive-sud/brossard-grand-5-1-2-entierement-renove-2026-libre/1742685484
1742685312,"1,981.00",5-1/2  MOIS GRATUIT,"L'Assomption, Laval / North Shore",3,1,Apartment,2,1095,https://www.kijiji.ca/v-apartments-condos/laval-rive-nord/5-1-2-mois-gratuit/1742685312
1742696423,"1,450.00",4 ½ à louer – Vieux Longueuil - Immeuble béton,"Sacré-Coeur, Longueuil",2,1,Apartment,1,800,https://www.kijiji.ca/v-apartments-condos/longueuil-rive-sud/4-a-louer-vieux-longueuil-immeuble-beton/1742696423
1742696314,"1,900.00",3 1/2 - Cession de bail - en face du campus MIL,"Pierre Elliott Trudeau Park, Montreal",1,1,Apartment,0,506,https://www.kijiji.ca/v-apartments-condos/ville-de-montreal/3-1-2-cession-de-bail-en-face-du-campus-mil/1742696314
1740918575,"1,350.00",semi furnished one bedroom apartment for rent short or long term,"Blainville, Laval / North Shore",1,1,Basement,1,800,https://www.kijiji.ca/v-apartments-condos/laval-rive-nord/semi-furnished-one-bedroom-apartment-for-rent-short-or-long-term/1740918575
1742695729,"2,700.00",All included- cute 2 bedroom downtown condo,"Victoria Square-Convention Centre, City of Montréal",N/A,N/A,N/A,N/A,N/A,https://www.kijiji.ca/v-short-term-rental/ville-de-montreal/all-included-cute-2-bedroom-downtown-condo/1742695729
1742695454,"2,050.00","4 ½ for rent – Longueuil Metro – River view – $2,050/month","Saint-Jude, Longueuil",2,1,Condo,1,807,https://www.kijiji.ca/v-apartments-condos/longueuil-rive-sud/4-for-rent-longueuil-metro-river-view-2-050-month/1742695454
1742695385,910.00,1-1/2 appartment for rent in Longueuil,"The Old Greenfield Park, Longueuil",1,1,Apartment,1,590,https://www.kijiji.ca/v-apartments-condos/longueuil-rive-sud/1-1-2-appartment-for-rent-in-longueuil/1742695385
1742695097,"1,650.00",CONDO 4 ½ - À LOUER,"Pilon Park, Montreal",2,1,Condo,0,888,https://www.kijiji.ca/v-apartments-condos/ville-de-montreal/condo-4-a-louer/1742695097
1742694638,"3,190.00",CDN/Outremont Duplex Haut 4BR/4CAC Garage Chauffage Eau chaude,"Côte-des-Neiges, Montreal",4,2,Duplex/Triplex,3,1849,https://www.kijiji.ca/v-apartments-condos/ville-de-montreal/cdn-outremont-duplex-haut-4br-4cac-garage-chauffage-eau-chaude/1742694638
1742694302,"2,750.00",Beautiful rental in Sunnybrook Dollard,"Sunnybrooke, City of Montréal",4,2.5,Apartment,1,1128,https://www.kijiji.ca/v-apartments-condos/ville-de-montreal/beautiful-rental-in-sunnybrook-dollard/1742694302
1718020912,"1,275.00",Grand 3 1/2 Luxueux à Laval – Piscine,Laval / North Shore,1,3.5,Apartment,0,N/A,https://www.kijiji.ca/v-apartments-condos/laval-rive-nord/grand-3-1-2-luxueux-a-laval-piscine/1718020912
1742553173,"1,200.00",3 1/2 apartment - Quartier Notre Dame de Grâce,"Notre-Dame-de-Grâce, Montreal",1,1,Apartment,0,N/A,https://www.kijiji.ca/v-apartments-condos/ville-de-montreal/3-1-2-apartment-quartier-notre-dame-de-grace/1742553173
1741283853,"1,300.00",Superbe 3 1/2 Lumineux à Anjou – Tout inclus $1300,"Lucie-Bruneau Park, City of Montréal",1,1,Apartment,0,N/A,https://www.kijiji.ca/v-apartments-condos/ville-de-montreal/superbe-3-1-2-lumineux-a-anjou-tout-inclus-1300/1741283853
1736851851,"1,425.00",4 1/2 Touchette– Bord de l’eau & Rénové (40),City of Montréal,2,1,Apartment,0,N/A,https://www.kijiji.ca/v-apartments-condos/ville-de-montreal/4-1-2-touchette-bord-de-l-eau-renove-40/1736851851
1740872291,"1,350.00",Spacious 3 ½  à louer à Saint-Bruno,Longueuil / South Shore,1,1,Apartment,0,N/A,https://www.kijiji.ca/v-apartments-condos/longueuil-rive-sud/spacious-3-a-louer-a-saint-bruno/1740872291
1506209996,"1,350.00",3½ lumineux près du DIX30 – Brossard | Eau chaude,Longueuil / South Shore,1,1,Apartment,0,N/A,https://www.kijiji.ca/v-apartments-condos/longueuil-rive-sud/3-lumineux-pres-du-dix30-brossard-eau-chaude/1506209996
1741918112,"1,800.00",Appartement à louer (5 1/2 Rosemont-La Petite Patrie),"La Petite-Patrie, Montréal",3,1,Apartment,0,850,https://www.kijiji.ca/v-apartments-condos/ville-de-montreal/appartement-a-louer-5-1-2-rosemont-la-petite-patrie/1741918112
1737103846,"1,045.00",Luxe 2 1/2 MEUBLÉ – Près Sacré-Cœur – TOUT INCLUS – $1045 (32),City of Montréal,1,1,Apartment,0,N/A,https://www.kijiji.ca/v-apartments-condos/ville-de-montreal/luxe-2-1-2-meuble-pres-sacre-coeur-tout-inclus-1045-32/1737103846
1742685087,743.00,"Chambre à louer — Appart 4 chambres, proche métro Sherbrooke","Quartier-des-Spectacles, Montreal",N/A,N/A,N/A,N/A,N/A,https://www.kijiji.ca/v-room-rental-roommate/ville-de-montreal/chambre-a-louer-appart-4-chambres-proche-metro-sherbrooke/1742685087
1742684966,"1,525.00",3 bedrooms Ste Anne de Bellevue. $1525 a month,"Sainte-Anne-de-Bellevue Town Centre, Sainte-Anne-de-Bellevue",3,1,Apartment,0,1100,https://www.kijiji.ca/v-apartments-condos/ville-de-montreal/3-bedrooms-ste-anne-de-bellevue-1525-a-month/1742684966
1742684795,"1,330.00","Grand 4 1/2 à loyer, Montréal-Nord","Bourassa, Montréal",2,1,Apartment,0,N/A,https://www.kijiji.ca/v-apartments-condos/ville-de-montreal/grand-4-1-2-a-loyer-montreal-nord/1742684795
1742684792,"1,250.00",R.D.P.  4 1/2 Libre 1er septembre 2026,"Rivière-des-Prairies North, Montréal",2,1,Apartment,1,N/A,https://www.kijiji.ca/v-apartments-condos/ville-de-montreal/r-d-p-4-1-2-libre-1er-septembre-2026/1742684792
1742684691,"1,550.00","4 ½  à Rue Nantel, Brossard - 2 chambres, stationnement","sector N, Brossard",2.5,1,Apartment,1,750,https://www.kijiji.ca/v-apartments-condos/longueuil-rive-sud/4-a-rue-nantel-brossard-2-chambres-stationnement/1742684691
1742684685,800.00,Grand Studio tout inclus  / Large studio all included,"Côte-Saint-Paul, Montreal",1.5,1,Basement,0,555,https://www.kijiji.ca/v-apartments-condos/ville-de-montreal/grand-studio-tout-inclus-large-studio-all-included/1742684685
1738576160,"2,400.00",APPARTEMENT 7 1/2 HAUT DE DUPLEX – HAMPSTEAD,"Snowdon, Hampstead",5,1.5,Duplex/Triplex,0,1300,https://www.kijiji.ca/v-apartments-condos/ville-de-montreal/appartement-7-1-2-haut-de-duplex-hampstead/1738576160
1742684382,"1,600.00",3 ½ MEUBLÉ + TOUT INCLUS | 1600 $ | MÉTRO PLACE-DES-ART,"Quartier-des-Spectacles, Montréal",1,1,Condo,0,550,https://www.kijiji.ca/v-apartments-condos/ville-de-montreal/3-meuble-tout-inclus-1600-metro-place-des-art/1742684382
1742684229,890.00,Bureau privé à louer – À la limite du Plateau/Rosemont Montréal,"De Lorimier, Montreal",N/A,N/A,N/A,N/A,N/A,https://www.kijiji.ca/v-commercial-office-space/ville-de-montreal/bureau-prive-a-louer-a-la-limite-du-plateau-rosemont-montreal/1742684229
1741739109,"1,888.00",Furnished penthouse loft with private roof top terrace,"Quartier-des-Spectacles, Montreal",1,1,Apartment,0,700,https://www.kijiji.ca/v-apartments-condos/ville-de-montreal/furnished-penthouse-loft-with-private-roof-top-terrace/1741739109
1742683812,650.00,a nice and clean room for rent,"Ville-Émard, City of Montréal",N/A,N/A,N/A,N/A,N/A,https://www.kijiji.ca/v-room-rental-roommate/ville-de-montreal/a-nice-and-clean-room-for-rent/1742683812
1742683722,"1,590.00",CESSATION DE BAIL  CONDO 3 1/2 Mascouche ,"Mascouche, Laval / North Shore",1.5,2,Condo,1,700,https://www.kijiji.ca/v-apartments-condos/laval-rive-nord/cessation-de-bail-condo-3-1-2-mascouche/1742683722
1677472559,Please Contact,4 1/2 RÉNOVÉ À C.S.L. À PARTIR DE $1750 TOUT INCLUS.,"Saint-Luc Junction, Côte Saint-Luc",2,1,Apartment,0,1000,https://www.kijiji.ca/v-apartments-condos/ville-de-montreal/4-1-2-renove-a-c-s-l-a-partir-de-1750-tout-inclus/1677472559
1737100686,Please Contact,5 1/2 CÔTE ST-LUC TOUT INCLUS!!! À PARTIR D'OCTOBRE,"Saint-Luc Junction, Côte Saint-Luc",3,1,Apartment,0,950,https://www.kijiji.ca/v-apartments-condos/ville-de-montreal/5-1-2-cote-st-luc-tout-inclus-a-partir-doctobre/1737100686
1677474615,Please Contact,3 1/2 C.S.L À PARTIR DE $1250 TOUT INCLUS À PARTIR D'AOÛT,"Saint-Luc Junction, Côte Saint-Luc",1,1,Apartment,0,800,https://www.kijiji.ca/v-apartments-condos/ville-de-montreal/3-1-2-c-s-l-a-partir-de-1250-tout-inclus-a-partir-daout/1677474615
1733070921,Please Contact,4 1/2 VILLE SAINT-LAURENT TOUT INCLUS!!,"Roman Zytynsky Park, Montreal",2,1,Apartment,0,450,https://www.kijiji.ca/v-apartments-condos/ville-de-montreal/4-1-2-ville-saint-laurent-tout-inclus/1733070921
1733608060,Please Contact,"3 1/2 DISPONIBLE MAINTENANT, ANJOU","Lucie-Bruneau Park, Montreal",1,1,Apartment,0,300,https://www.kijiji.ca/v-apartments-condos/ville-de-montreal/3-1-2-disponible-maintenant-anjou/1733608060
1677461354,Please Contact,4 1/2 APPARTEMENT DE PRESTIGE À LOUER,"Saint-Luc Junction, Côte Saint-Luc",1,1,Apartment,0,880,https://www.kijiji.ca/v-apartments-condos/ville-de-montreal/4-1-2-appartement-de-prestige-a-louer/1677461354
1733070358,Please Contact,3 1/2 VILLE SAINT-LAURENT TOUT INCLUS!!! À PARTIR DU 1er JUILLET,"Roman Zytynsky Park, Montreal",1,1,Apartment,0,300,https://www.kijiji.ca/v-apartments-condos/ville-de-montreal/3-1-2-ville-saint-laurent-tout-inclus-a-partir-du-1er-juillet/1733070358
1722624031,"1,425.00",4 1/2 apartment on Touchette Street for 1425$,City of Montréal,2,1,Apartment,0,N/A,https://www.kijiji.ca/v-apartments-condos/ville-de-montreal/4-1-2-apartment-on-touchette-street-for-1425/1722624031
1735322785,"1,575.00",4 1/2 ANJOU DISPONIBLE MAINTENANT,"Saint-François d'Assise, Montreal",1,1,Apartment,0,625,https://www.kijiji.ca/v-apartments-condos/ville-de-montreal/4-1-2-anjou-disponible-maintenant/1735322785
1722684838,"1,350.00",3 1/2 apartment on Touchette Street for 1350$,City of Montréal,2,1,Apartment,0,N/A,https://www.kijiji.ca/v-apartments-condos/ville-de-montreal/3-1-2-apartment-on-touchette-street-for-1350/1722684838
1734303030,"1,495.00","4 1/2 Grand et Luxueux, Lasalle 1495$ au bord de l'eau (13)",City of Montréal,2,1,Apartment,0,N/A,https://www.kijiji.ca/v-apartments-condos/ville-de-montreal/4-1-2-grand-et-luxueux-lasalle-1495-au-bord-de-leau-13/1734303030
1734331228,"1,295.00",3 1/2 Grand et Luxueux au bord de l'eau a Lasalle (13),City of Montréal,1,1,Apartment,0,N/A,https://www.kijiji.ca/v-apartments-condos/ville-de-montreal/3-1-2-grand-et-luxueux-au-bord-de-leau-a-lasalle-13/1734331228
1736760785,"1,425.00","Magnifique 4 1/2 rénové,Touchette, Laval – Bord de l'eau $1425","Ottawa Park, City of Montréal",2,1,Apartment,0,N/A,https://www.kijiji.ca/v-apartments-condos/ville-de-montreal/magnifique-4-1-2-renove-touchette-laval-bord-de-leau-1425/1736760785
1734351112,"1,650.00","4 1/2 Grand et Luxueux, au bord de l'eau! Lasalle(19)",City of Montréal,2,1,Apartment,0,N/A,https://www.kijiji.ca/v-apartments-condos/ville-de-montreal/4-1-2-grand-et-luxueux-au-bord-de-leau-lasalle-19/1734351112
1720096478,"1,350.00",3½ à Anjou - Tout inclus & Balcon - Concierge 24/7,City of Montréal,1,1,Apartment,0,N/A,https://www.kijiji.ca/v-apartments-condos/ville-de-montreal/3-a-anjou-tout-inclus-balcon-concierge-24-7/1720096478
1730578185,"1,550.00","4.5 Style Condo,  Semi-Meublé 1550$ (28-103)",City of Montréal,2,1,Apartment,0,N/A,https://www.kijiji.ca/v-apartments-condos/ville-de-montreal/4-5-style-condo-semi-meuble-1550-28-103/1730578185
1694742279,"1,595.00","4.5 Grand et Luxueux Style condo, Plateau 1595$",City of Montréal,2.5,1,Apartment,0,N/A,https://www.kijiji.ca/v-apartments-condos/ville-de-montreal/4-5-grand-et-luxueux-style-condo-plateau-1595/1694742279
1657963373,"1,295.00","3 1/2 Style Condo, à Pierrefonds -Heating & Water & Gym 1295$",City of Montréal,1,1,Apartment,0,N/A,https://www.kijiji.ca/v-apartments-condos/ville-de-montreal/3-1-2-style-condo-a-pierrefonds-heating-water-gym-1295/1657963373
1730578186,"1,350.00","3 1/2 Style Condo, Semi-Meublé a Lasalle (28-207)",City of Montréal,1,1.5,Apartment,0,N/A,https://www.kijiji.ca/v-apartments-condos/ville-de-montreal/3-1-2-style-condo-semi-meuble-a-lasalle-28-207/1730578186
1737524257,"1,495.00","4 1/2 Style Condo - Gym, à Pierrefonds 1495$",City of Montréal,2,1,Apartment,0,N/A,https://www.kijiji.ca/v-apartments-condos/ville-de-montreal/4-1-2-style-condo-gym-a-pierrefonds-1495/1737524257
1734383444,"1,345.00","3.5 Luxueux et illuminé au bord de l'eau, Lasalle",City of Montréal,1,1,Apartment,0,N/A,https://www.kijiji.ca/v-apartments-condos/ville-de-montreal/3-5-luxueux-et-illumine-au-bord-de-leau-lasalle/1734383444
1732996612,"1,450.00",4½ style condo à Brossard | À deux pas du DIX30,City of Montréal,2,1,Apartment,0,N/A,https://www.kijiji.ca/v-apartments-condos/ville-de-montreal/4-style-condo-a-brossard-a-deux-pas-du-dix30/1732996612
1742693536,190.00,Garage souterrain Centre-ville proche du CHUM,"Centre-Sud, City of Montréal",N/A,N/A,N/A,N/A,N/A,https://www.kijiji.ca/v-storage-parking/ville-de-montreal/garage-souterrain-centre-ville-proche-du-chum/1742693536
1723843010,"1,195.00",Benny Crescent Apartments - 1 Bedroom for Rent,Montréal,1,1,Apartment,0,835,https://www.kijiji.ca/v-apartments-condos/ville-de-montreal/benny-crescent-apartments-1-bedroom-for-rent/1723843010
1742693481,"1,392.00",à louer à Boisbriand,"Boisbriand, Laval / North Shore",3,1,Apartment,2,1100,https://www.kijiji.ca/v-apartments-condos/laval-rive-nord/a-louer-a-boisbriand/1742693481
1742693327,"1,500.00",4 1/2 Apartment For Rent - Laval - November 1st 2026,"Chomedey, Laval / North Shore",2,1,Apartment,1,800,https://www.kijiji.ca/v-apartments-condos/laval-rive-nord/4-1-2-apartment-for-rent-laval-november-1st-2026/1742693327
1741674039,"1,200.00",Appartement 3 1/2 à louer,"Ottawa Park, City of Montréal",1,1,Apartment,0,650,https://www.kijiji.ca/v-apartments-condos/ville-de-montreal/appartement-3-1-2-a-louer/1741674039
1741283958,999.00,3 ½ BEL APPARTEMENT PRIVÉE ÉQUIPÉ A LOUER – MÉTRO HENRI-BOURASSA,"Pilon Park, Montréal",1,1,Apartment,0,1200,https://www.kijiji.ca/v-apartments-condos/ville-de-montreal/3-bel-appartement-privee-equipe-a-louer-metro-henri-bourassa/1741283958
1740643859,990.00,Renovated and nice 2.5-room apartment in NDG neighborhood,"Loyola, Montréal",1,1,Apartment,0,400,https://www.kijiji.ca/v-apartments-condos/ville-de-montreal/renovated-and-nice-2-5-room-apartment-in-ndg-neighborhood/1740643859
1742693103,"1,250.00",A LOUER 3 1/2,"Saint-Leonard East, City of Montréal",1,1,Basement,0,1158,https://www.kijiji.ca/v-apartments-condos/ville-de-montreal/a-louer-3-1-2/1742693103
1742692780,Swap/Trade, CHAMBRE MEUBLÉE À LOUER – 800 $ TOUT INCLUS – MERCIER-EST,"Bellerive, Montréal",N/A,N/A,N/A,N/A,N/A,https://www.kijiji.ca/v-room-rental-roommate/ville-de-montreal/chambre-meublee-a-louer-800-tout-inclus-mercier-est/1742692780
1742692721,Please Contact,Campus1 MTL – 2 Bed/1 Bath – Relet - Sept. 2026 to Apr. 2027,"Quartier-des-Spectacles, Montreal",2,1,Apartment,0,260,https://www.kijiji.ca/v-apartments-condos/ville-de-montreal/campus1-mtl-2-bed-1-bath-relet-sept-2026-to-apr-2027/1742692721
1742216637,"1,290.00","3 1/2 semi-meublé, Rénové, Métro Cadilac","Mercier-Ouest / Longue-Pointe, Montréal",1,1,Apartment,0,650,https://www.kijiji.ca/v-apartments-condos/ville-de-montreal/3-1-2-semi-meuble-renove-metro-cadilac/1742216637
1742692162,"1,350.00",Magnifique studio meublé à louer à 10 minutes à pied du REM,"Val-Royal, Montréal",0,1,Condo,0,410,https://www.kijiji.ca/v-apartments-condos/ville-de-montreal/magnifique-studio-meuble-a-louer-a-10-minutes-a-pied-du-rem/1742692162
1742692060,"2,900.00",Maison 4 chambres à Saint-Constant (quartier R),"Saint-Constant, Longueuil / South Shore",5,1.5,House,2,3000,https://www.kijiji.ca/v-apartments-condos/longueuil-rive-sud/maison-4-chambres-a-saint-constant-quartier-r/1742692060
1740959518,"1,750.00",Condo 3 1/2 little italy complètement neuf,Montréal,1,1,Condo,1,N/A,https://www.kijiji.ca/v-apartments-condos/ville-de-montreal/condo-3-1-2-little-italy-completement-neuf/1740959518
1740364706,"1,450.00",SUPER STUDIO À LOUER! PARKING INTÉRIEUR INCLUS! ÉLECTROS!,Laval,0,1,Condo,1,527,https://www.kijiji.ca/v-apartments-condos/laval-rive-nord/super-studio-a-louer-parking-interieur-inclus-electros/1740364706
1742691874,Please Contact,chambre à louer ,"Pilon Park, City of Montréal",N/A,N/A,N/A,N/A,N/A,https://www.kijiji.ca/v-room-rental-roommate/ville-de-montreal/chambre-a-louer/1742691874
1742314406,"1,370.00",BEAU GRAND 4 1/2 LUMNEUX SAINT-LÉONARD,"Saint-Leonard East, Montréal",2,1,Duplex/Triplex,0,900,https://www.kijiji.ca/v-apartments-condos/ville-de-montreal/beau-grand-4-1-2-lumneux-saint-leonard/1742314406
1742691103,"1,350.00",4 1/2 à Longueuil - Rue Cartier,"Saint-Jean-Vianney, Longueuil",2,1,Apartment,1,890,https://www.kijiji.ca/v-apartments-condos/longueuil-rive-sud/4-1-2-a-longueuil-rue-cartier/1742691103
1742690892,"1,475.00",3 1/2 rénové Boucherville - près de l'eau IMMENSE RANGEMENT,"Boucherville, Boucherville",1,1,Apartment,1,700,https://www.kijiji.ca/v-apartments-condos/longueuil-rive-sud/3-1-2-renove-boucherville-pres-de-leau-immense-rangement/1742690892
1741893150,"1,680.00",4 1/2 à louer,"Parc-Lafontaine, City of Montréal",2,1,Apartment,0,1100,https://www.kijiji.ca/v-apartments-condos/ville-de-montreal/4-1-2-a-louer/1741893150
1741746178,"1,080.00","Room for lease transfer – $1,080/month","Griffintown, Montréal",N/A,N/A,N/A,N/A,N/A,https://www.kijiji.ca/v-room-rental-roommate/ville-de-montreal/room-for-lease-transfer-1-080-month/1741746178
1740280839,"2,550.00",local commercial Boucherville,"Boucherville, Longueuil / South Shore",N/A,N/A,N/A,N/A,N/A,https://www.kijiji.ca/v-commercial-office-space/longueuil-rive-sud/local-commercial-boucherville/1740280839
1742683517,"2,650.00",Lumineux appartement sur 2 étages,"Viauville, City of Montréal",4,2,Apartment,0,1100,https://www.kijiji.ca/v-apartments-condos/ville-de-montreal/lumineux-appartement-sur-2-etages/1742683517
1711468724,Please Contact,D.D.O 3 1/2 À PARTIR DE 1090$ DISPONIBLE MAINTENANT,"Sunnybrooke, Dollard-Des Ormeaux",1,1,Apartment,0,700,https://www.kijiji.ca/v-apartments-condos/ville-de-montreal/d-d-o-3-1-2-a-partir-de-1090-disponible-maintenant/1711468724
1742683390,"1,500.00",ANJOU 4 1/2 TOUT INCLUS DISPONIBLE MAINTENANT,"Peterborough Park, Montreal",2,1,Apartment,0,750,https://www.kijiji.ca/v-apartments-condos/ville-de-montreal/anjou-4-1-2-tout-inclus-disponible-maintenant/1742683390
1742683258,"1,100.00",ANJOU 3 1/2 TOUT INCLUS 1100$ DISPONIBLE MAINTENANT,"Peterborough Park, Montreal",1,1,Apartment,0,600,https://www.kijiji.ca/v-apartments-condos/ville-de-montreal/anjou-3-1-2-tout-inclus-1100-disponible-maintenant/1742683258
1742682960,"1,900.00",Condo de luxe 3 1/2 À LOUER /Luxury Condo for Rent at YUL 2,"Lucien L'Allier, Montréal",1,1,Condo,0,620,https://www.kijiji.ca/v-apartments-condos/ville-de-montreal/condo-de-luxe-3-1-2-a-louer-luxury-condo-for-rent-at-yul-2/1742682960
1742682942,"2,200.00",3 1/2  Plateau | Mile-End – Meublé/Équipé + Parking,"Mile End, Montreal",1,1,Condo,1,750,https://www.kijiji.ca/v-apartments-condos/ville-de-montreal/3-1-2-plateau-mile-end-meuble-equipe-parking/1742682942
1742682575,800.00,Dans un logement une belle chambre à louer,"Rosemont, Montréal",N/A,N/A,N/A,N/A,N/A,https://www.kijiji.ca/v-room-rental-roommate/ville-de-montreal/dans-un-logement-une-belle-chambre-a-louer/1742682575
1742682452,649.00,Chambre à louer,"Pointe-aux-Trembles, City of Montréal",N/A,N/A,N/A,N/A,N/A,https://www.kijiji.ca/v-room-rental-roommate/ville-de-montreal/chambre-a-louer/1742682452
1676458119,Please Contact,Bureau de prestige à louer – 1 657 pi² – Métro Sherbrooke,"Parc-Lafontaine, Montréal",N/A,N/A,N/A,N/A,N/A,https://www.kijiji.ca/v-commercial-office-space/ville-de-montreal/bureau-de-prestige-a-louer-1-657-pi-metro-sherbrooke/1676458119
1683918244,Please Contact,"BUREAU À LOUER, 2,195PC PLATEAU, PRÈS DU CENTRE-VILLE","Parc-Lafontaine, Montreal",N/A,N/A,N/A,N/A,N/A,https://www.kijiji.ca/v-commercial-office-space/ville-de-montreal/bureau-a-louer-2-195pc-plateau-pres-du-centre-ville/1683918244
1742445585,Please Contact,Luxury Beach Front Condo Nuevo Vallarta Mexico,"Chomedey, Laval",N/A,N/A,N/A,N/A,N/A,https://www.kijiji.ca/v-short-term-rental/laval-rive-nord/luxury-beach-front-condo-nuevo-vallarta-mexico/1742445585
1740846829,"1,395.00", ST-CONSTANT | Grand 4½ | 2 chambres 1erAout,"Saint-Constant, Saint-Constant",2,1,Apartment,1,700,https://www.kijiji.ca/v-apartments-condos/longueuil-rive-sud/st-constant-grand-4-2-chambres-1eraout/1740846829
1742681922,"2,300.00",location  court terme meublé,"Chomedey, Laval",N/A,N/A,N/A,N/A,N/A,https://www.kijiji.ca/v-short-term-rental/laval-rive-nord/location-court-terme-meuble/1742681922
1742681855,"1,875.00","5 ½ lumineux, 2 ch fermées, rénové | Rosemont / Petite-Patrie","La Petite-Patrie, Rosemont—La Petite-Patrie",3,1,Apartment,0,1000,https://www.kijiji.ca/v-apartments-condos/ville-de-montreal/5-lumineux-2-ch-fermees-renove-rosemont-petite-patrie/1742681855
1742681051,300.00,"Large, Bright Office for Rent/Bureau Lumineux à Louer","Pointe-aux-Trembles Industrial, Montreal",N/A,N/A,N/A,N/A,N/A,https://www.kijiji.ca/v-commercial-office-space/ville-de-montreal/large-bright-office-for-rent-bureau-lumineux-a-louer/1742681051
1742032419,"1,400.00",3½ NDG – Près campus Loyola – électro inclus – Dispo août/sept,"Loyola, Montréal",1,1,Apartment,0,850,https://www.kijiji.ca/v-apartments-condos/ville-de-montreal/3-ndg-pres-campus-loyola-electro-inclus-dispo-aout-sept/1742032419
1742680890,"1,900.00",condo a louer,"Golden Square Mile, Montréal",1,1,Condo,0,600,https://www.kijiji.ca/v-apartments-condos/ville-de-montreal/condo-a-louer/1742680890
1742107412,"2,300.00","MAISON À LOUER  - JULIE-SAINTE, QUEBEC","Sainte-Julie, Sainte-Julie",3,1.5,House,2,5000,https://www.kijiji.ca/v-apartments-condos/longueuil-rive-sud/maison-a-louer-julie-sainte-quebec/1742107412
1741378395,"1,950.00","61I2-Lachine-pres de Centre-Ville,tres joli,completement renove.","Cavelier Park, LaSalle",4.5,1,Apartment,3,11,https://www.kijiji.ca/v-apartments-condos/ville-de-montreal/61i2-lachine-pres-de-centre-ville-tres-joli-completement-renove/1741378395
1741361792,"1,450.00",Studio à louer,"Notre-Dame-de-la-Garde, Longueuil",0,1,Apartment,1,616,https://www.kijiji.ca/v-apartments-condos/longueuil-rive-sud/studio-a-louer/1741361792
1741734631,"1,895.00","Grand 5 ½ rénové, lumineux et idéalement situé","Ville-Émard, City of Montréal",3,1,Apartment,1,1300,https://www.kijiji.ca/v-apartments-condos/ville-de-montreal/grand-5-renove-lumineux-et-idealement-situe/1741734631
1742678814,"1,625.00","1-br condo for rent, 2nd floor – bright, clean, quiet","Gay Village, Montreal",1,1,Condo,0,575,https://www.kijiji.ca/v-apartments-condos/ville-de-montreal/1-br-condo-for-rent-2nd-floor-bright-clean-quiet/1742678814
1742678501,750.00,Colocation sympa dans maison tranquille centre ville métro Berri,"Gay Village, Montréal",N/A,N/A,N/A,N/A,N/A,https://www.kijiji.ca/v-room-rental-roommate/ville-de-montreal/colocation-sympa-dans-maison-tranquille-centre-ville-metro-berri/1742678501
1742678321,625.00,private room 625 - discount 50 for sept,"Côte-des-Neiges, City of Montréal",3,1,Apartment,0,700,https://www.kijiji.ca/v-apartments-condos/ville-de-montreal/private-room-625-discount-50-for-sept/1742678321
1740856042,"2,300.00",GRAND ET LUXUEUX 5 1 /2 À LOUER À P. A.T.,"Pointe-aux-Trembles South, Montréal",3,2,Apartment,0,1500,https://www.kijiji.ca/v-apartments-condos/ville-de-montreal/grand-et-luxueux-5-1-2-a-louer-a-p-a-t/1740856042
1742677563,"1,491.00",Appartement Pour Sous Location,"Frederic-Back Park, Montreal",1,1,Apartment,0,685,https://www.kijiji.ca/v-apartments-condos/ville-de-montreal/appartement-pour-sous-location/1742677563
1742677536,"1,850.00",5 ½ STYLE CONDO RÉNOVÉ SUR 2 NIVEAUX | VERDUN | COUR + CLIM,"Desmarchais-Crawford, City of Montréal",3,1,Apartment,0,1200,https://www.kijiji.ca/v-apartments-condos/ville-de-montreal/5-style-condo-renove-sur-2-niveaux-verdun-cour-clim/1742677536
1741747631,"1,600.00",4 ½  à louer – Montréal,"Étienne Desmarteaux, City of Montréal",2,1,Condo,0,882,https://www.kijiji.ca/v-apartments-condos/ville-de-montreal/4-a-louer-montreal/1741747631
1742676940,"1,590.00",Complètement rénové  - 4 1/2 – Snowdon - Chauffage inclus,"Snowdon, Montreal",2,1,Apartment,0,860,https://www.kijiji.ca/v-apartments-condos/ville-de-montreal/completement-renove-4-1-2-snowdon-chauffage-inclus/1742676940
1742676751,660.00,"chambre à loue room for rent, 5min à métro ","Saint-Michel, City of Montréal",N/A,N/A,N/A,N/A,N/A,https://www.kijiji.ca/v-room-rental-roommate/ville-de-montreal/chambre-a-loue-room-for-rent-5min-a-metro/1742676751
1742676545,465.00,chambre dans une colocation - 465 ou 565 + charges,"Viauville, City of Montréal",N/A,N/A,N/A,N/A,N/A,https://www.kijiji.ca/v-room-rental-roommate/ville-de-montreal/chambre-dans-une-colocation-465-ou-565-charges/1742676545
1742676170,"1,500.00","Appartement 4 1/2 à louer , 1500$","Salaberry-de-Valleyfield, Salaberry-de-Valleyfield",2,1,Condo,2,1120,https://www.kijiji.ca/v-apartments-condos/ouest-de-lile-qc/appartement-4-1-2-a-louer-1500/1742676170
1742676057,"1,290.00",3 ½ à louer à La Prairie,"La Prairie, La Prairie",1,1,Duplex/Triplex,1,500,https://www.kijiji.ca/v-apartments-condos/longueuil-rive-sud/3-a-louer-a-la-prairie/1742676057
1741945263,"1,930.00",Grand 5 1/2 à louer dans le Vieux-Longueuil pour octobre,"Notre-Dame-de-Grâces, Longueuil / South Shore",3,1,Apartment,1,1000,https://www.kijiji.ca/v-apartments-condos/longueuil-rive-sud/grand-5-1-2-a-louer-dans-le-vieux-longueuil-pour-octobre/1741945263
1742675862,"2,320.00",Apartment for rent Downtown Montreal/Griffintown/Saint-Henri,"Griffintown, Montreal",2,1,Apartment,0,775,https://www.kijiji.ca/v-apartments-condos/ville-de-montreal/apartment-for-rent-downtown-montreal-griffintown-saint-henri/1742675862
1742675844,"1,668.00",High-End Studio in the Heart of Downtown Montreal,"Quartier-des-Spectacles, Montreal",0,1,Condo,0,320,https://www.kijiji.ca/v-apartments-condos/ville-de-montreal/high-end-studio-in-the-heart-of-downtown-montreal/1742675844
1742675496,700.00,2 ½ NDG-CsL,"Loyola, Montreal",0,1,Apartment,0,600,https://www.kijiji.ca/v-apartments-condos/ville-de-montreal/2-ndg-csl/1742675496
1740228506,980.00,4 et demi rénovées à Ville St-Laurent - Wi-Fi et électros inclus,City of Montréal,2,1,Apartment,0,850,https://www.kijiji.ca/v-apartments-condos/ville-de-montreal/4-et-demi-renovees-a-ville-st-laurent-wi-fi-et-electros-inclus/1740228506
1742675293,890.00,studio metro frontenac all include,"Centre-Sud, Montreal",0,1,Apartment,0,250,https://www.kijiji.ca/v-apartments-condos/ville-de-montreal/studio-metro-frontenac-all-include/1742675293
1742668639,"1,460.00",Beau 4½ à Boisbriand – Disponible le 1er octobre – 1 460 $/mois,"Boisbriand, Laval / North Shore",2,1,Condo,0,900,https://www.kijiji.ca/v-apartments-condos/laval-rive-nord/beau-4-a-boisbriand-disponible-le-1er-octobre-1-460-mois/1742668639
1742675010,800.00,private room with private bathroom metro frontenac all include,"Centre-Sud, Montreal",N/A,N/A,N/A,N/A,N/A,https://www.kijiji.ca/v-room-rental-roommate/ville-de-montreal/private-room-with-private-bathroom-metro-frontenac-all-include/1742675010
1742674927,690.00,Chambre à louer,"Mascouche, Mascouche",N/A,N/A,N/A,N/A,N/A,https://www.kijiji.ca/v-room-rental-roommate/laval-rive-nord/chambre-a-louer/1742674927
1742673685,"1,475.00",Amazing Superb Lux Condo 3 1/2 for rent Acadie Ahuntsic Montreal,"Eastern Junction, Montreal",1,1,Condo,1,632,https://www.kijiji.ca/v-apartments-condos/ville-de-montreal/amazing-superb-lux-condo-3-1-2-for-rent-acadie-ahuntsic-montreal/1742673685
1742673633,"1,800.00","Spacious 4½ Condo, Laval – Available October","Chomedey, Laval",2,1,Condo,1,1100,https://www.kijiji.ca/v-apartments-condos/laval-rive-nord/spacious-4-condo-laval-available-october/1742673633
1742673570,950.00,Lease transfer in Villeray (3.5) - mid-September/Cession de bail,"Jarry Park, Montreal",1,1,Apartment,0,500,https://www.kijiji.ca/v-apartments-condos/ville-de-montreal/lease-transfer-in-villeray-3-5-mid-september-cession-de-bail/1742673570
1742673594,"1,760.00",Grand 5 ½ avec jardin et stationnement – 4 min à pied du métro,"Laval-des-Rapides, Laval",2,1,Apartment,1,1200,https://www.kijiji.ca/v-apartments-condos/laval-rive-nord/grand-5-avec-jardin-et-stationnement-4-min-a-pied-du-metro/1742673594
1742673440,"1,550.00",Petit 4 1/2 Métro Fabre dans Villeray - 1er NOVEMBRE,"Villeray, Villeray—Saint-Michel—Parc-Extension",2,1,Apartment,0,650,https://www.kijiji.ca/v-apartments-condos/ville-de-montreal/petit-4-1-2-metro-fabre-dans-villeray-1er-novembre/1742673440
1742672743,"1,375.00", Appartement 4 1/2  À louer.,"Salaberry-de-Valleyfield, West Island",2,1,Apartment,2,1000,https://www.kijiji.ca/v-apartments-condos/ouest-de-lile-qc/appartement-4-1-2-a-louer/1742672743
1742671516,"1,050.00","1 CH - 1 SDB - Montréal - $1,050 /mo",Montréal,1,1,Apartment,0,275,https://www.kijiji.ca/v-apartments-condos/ville-de-montreal/1-ch-1-sdb-montreal-1-050-mo/1742671516
1742672569,"2,000.00",Appartement à sous louer centre ville de Montreal,"Centre-Sud, Montreal",2,1,Apartment,0,790,https://www.kijiji.ca/v-apartments-condos/ville-de-montreal/appartement-a-sous-louer-centre-ville-de-montreal/1742672569
1742672353,190.00,Stationnement/Parking intérieur – Centre-ville de Montréal,"Quartier-des-Spectacles, Montreal",N/A,N/A,N/A,N/A,N/A,https://www.kijiji.ca/v-storage-parking/ville-de-montreal/stationnement-parking-interieur-centre-ville-de-montreal/1742672353
1742672287,120.00,stationnement a loué a côté du métro Longueuil ,"Notre-Dame-de-la-Garde, Longueuil / South Shore",N/A,N/A,N/A,N/A,N/A,https://www.kijiji.ca/v-storage-parking/longueuil-rive-sud/stationnement-a-loue-a-cote-du-metro-longueuil/1742672287
1742672048,"1,850.00",maison avec garage à louer Mt-St-Hilaire,"Mont-Saint-Hilaire, Longueuil / South Shore",2,1,House,1,1500,https://www.kijiji.ca/v-apartments-condos/longueuil-rive-sud/maison-avec-garage-a-louer-mt-st-hilaire/1742672048
1732939806,"1,455.00",4-1/2 Vieux Longueuil,"Notre-Dame-de-la-Garde, Longueuil / South Shore",2,1,Apartment,1,975,https://www.kijiji.ca/v-apartments-condos/longueuil-rive-sud/4-1-2-vieux-longueuil/1732939806
1742671578,"1,175.00",Appartement 3 1/2 à louer,"Villeray, Montreal",1,1,Apartment,0,620,https://www.kijiji.ca/v-apartments-condos/ville-de-montreal/appartement-3-1-2-a-louer/1742671578
1742668591,"1,650.00","Furnished 3-1/2, Westmount on Metcalfe Ave. - Month to Month","Westmount Park, Montreal",1,1,Apartment,0,695,https://www.kijiji.ca/v-apartments-condos/ville-de-montreal/furnished-3-1-2-westmount-on-metcalfe-ave-month-to-month/1742668591
1742668401,"1,850.00","4 1/2 plus BUREAU à VERDUN, RÉNOVÉ, thermopompe et stationnement","Verdun, Montreal",2.5,1,Apartment,1,850,https://www.kijiji.ca/v-apartments-condos/ville-de-montreal/4-1-2-plus-bureau-a-verdun-renove-thermopompe-et-stationnement/1742668401
1742660433,"1,900.00","GALLERY  sur le Canal - FULLY FURNISHED -1 bed, gym,Balcony","Griffintown, Montreal",1,1,Condo,0,550,https://www.kijiji.ca/v-apartments-condos/ville-de-montreal/gallery-sur-le-canal-fully-furnished-1-bed-gym-balcony/1742660433
1742660039,"1,190.00",Studio Apartment for Rent - 1825 Ste Rose Street,Montréal,0,1,Apartment,0,355,https://www.kijiji.ca/v-apartments-condos/ville-de-montreal/studio-apartment-for-rent-1825-ste-rose-street/1742660039
1742660441,"1,691.00",newly Renovated 1 bed apartment UDEM - ID 2344,Montreal,1,1,Apartment,0,531,https://www.kijiji.ca/v-apartments-condos/ville-de-montreal/newly-renovated-1-bed-apartment-udem-id-2344/1742660441
1742660041,"2,485.00",3 Bedroom Apartment for Rent - 3659 av. Jean-Béraud,"Chomedey, Laval",3,2,Apartment,0,1046,https://www.kijiji.ca/v-apartments-condos/laval-rive-nord/3-bedroom-apartment-for-rent-3659-av-jean-beraud/1742660041
1742668171,Please Contact,Apparemment à louer 41/2. À RDP.  Montreal,"Marie Claire Daveluy Park, City of Montréal",2,1,Apartment,1,1000,https://www.kijiji.ca/v-apartments-condos/ville-de-montreal/apparemment-a-louer-41-2-a-rdp-montreal/1742668171
1742660444,"3,495.00",Downtown two bedroom apartment with renovated kitchen - ID 2937,Montreal,2,2,Apartment,0,989,https://www.kijiji.ca/v-apartments-condos/ville-de-montreal/downtown-two-bedroom-apartment-with-renovated-kitchen-id-2937/1742660444
1742668111,"1,950.00",Appartement Bord de l'eau à louer,"Repentigny, Repentigny",2,1,Apartment,1,1021,https://www.kijiji.ca/v-apartments-condos/laval-rive-nord/appartement-bord-de-leau-a-louer/1742668111
1742660638,"1,825.00",EQUINOXE Bois-Franc - Phase 1 - 1ch - 1sdb -1wkn Apartment for R,Saint-Laurent,1,1,Apartment,0,657,https://www.kijiji.ca/v-apartments-condos/ville-de-montreal/equinoxe-bois-franc-phase-1-1ch-1sdb-1wkn-apartment-for-r/1742660638
1742671530,"1,300.00",4 1/2 métro du collège ,"Gohier, City of Montréal",2,1,Apartment,0,1234,https://www.kijiji.ca/v-apartments-condos/ville-de-montreal/4-1-2-metro-du-college/1742671530
1742671463,"1,195.00",Sunny clean 3 1/2 on Bourret near metro,"Côte-des-Neiges, Montreal",1,1,Apartment,0,700,https://www.kijiji.ca/v-apartments-condos/ville-de-montreal/sunny-clean-3-1-2-on-bourret-near-metro/1742671463
1742671333,850.00,Belle chambre dans une maison meublée à louer à Laval,"Fabreville, Laval",N/A,N/A,N/A,N/A,N/A,https://www.kijiji.ca/v-room-rental-roommate/laval-rive-nord/belle-chambre-dans-une-maison-meublee-a-louer-a-laval/1742671333
1742671102,"1,900.00","5 1/2 Upper Duplex , Lachine West   (H8T 3C2 )","Dixie, Lachine",3,1,Duplex/Triplex,0,1150,https://www.kijiji.ca/v-apartments-condos/ville-de-montreal/5-1-2-upper-duplex-lachine-west-h8t-3c2/1742671102
1742671100,"1,190.00",apparemment 3 1/2 à louer ,"Rosemont, City of Montréal",1,1,Apartment,0,1000,https://www.kijiji.ca/v-apartments-condos/ville-de-montreal/apparemment-3-1-2-a-louer/1742671100
1739176084,"1,675.00",4 1/2 Récent Tétreaultville (Mercier Hochelaga Maisonneuve),"Bellerive, Montréal",2,1,Condo,0,1050,https://www.kijiji.ca/v-apartments-condos/ville-de-montreal/4-1-2-recent-tetreaultville-mercier-hochelaga-maisonneuve/1739176084
1742670722,"2,280.00",URGENT LEASE TAKEOVER 4 1/2 CONDO STE-CATHERINE,"Saint-Constant, Longueuil / South Shore",2,2,Condo,1,1090,https://www.kijiji.ca/v-apartments-condos/longueuil-rive-sud/urgent-lease-takeover-4-1-2-condo-ste-catherine/1742670722
1742670665,"1,375.00",4 1/2 furnished basement apartment in Hochelaga ,"HoMa South, City of Montréal",2,1,Apartment,1,750,https://www.kijiji.ca/v-apartments-condos/ville-de-montreal/4-1-2-furnished-basement-apartment-in-hochelaga/1742670665
1742670616,Please Contact,"***Entrepôts à Louer À Longueuil, St-Hubert, Brossard***","Parcours-du-Cerf - Du Tremblay, Longueuil",N/A,N/A,N/A,N/A,N/A,https://www.kijiji.ca/v-commercial-office-space/longueuil-rive-sud/entrepots-a-louer-a-longueuil-st-hubert-brossard/1742670616
1742152251,"2,200.00",Vieux Chambly ♥️4 1/2 tout rénové-patrimonial♥️,"Chambly, Longueuil / South Shore",2,1.5,Apartment,2,1600,https://www.kijiji.ca/v-apartments-condos/longueuil-rive-sud/vieux-chambly-4-1-2-tout-renove-patrimonial/1742152251
1742432645,950.00,Chambre pour femme - NDG / Room for a woman - NDG,"Notre-Dame-de-Grâce, Montreal",N/A,N/A,N/A,N/A,N/A,https://www.kijiji.ca/v-room-rental-roommate/ville-de-montreal/chambre-pour-femme-ndg-room-for-a-woman-ndg/1742432645
1742670385,978.00,Lease transfer,"Milton-Parc, Montreal",N/A,N/A,N/A,N/A,N/A,https://www.kijiji.ca/v-room-rental-roommate/ville-de-montreal/lease-transfer/1742670385
1742670183,"1,500.00","Espace commercial à louer à Montréal, Ahuntsic-Cartierville","Mascouche, Mascouche",N/A,N/A,N/A,N/A,N/A,https://www.kijiji.ca/v-commercial-office-space/ville-de-montreal/espace-commercial-a-louer-a-montreal-ahuntsic-cartierville/1742670183
1742660432,"1,775.00","FURNISHED Studio GALLERY CANAL-Griffintow- Luxury Condos, gym","Griffintown, Montreal",1,1,Condo,0,500,https://www.kijiji.ca/v-apartments-condos/ville-de-montreal/furnished-studio-gallery-canal-griffintow-luxury-condos-gym/1742660432
1742667648,"1,750.00",2 Bed 1 Bath Apartment in Rosemont,"Rosemont, Montreal",2,1,Apartment,0,700,https://www.kijiji.ca/v-apartments-condos/ville-de-montreal/2-bed-1-bath-apartment-in-rosemont/1742667648
1742666575,"1,754.00","Apartment for Rent at 1025 Sherbrooke, Downtown",Montréal,1,1,Apartment,0,565,https://www.kijiji.ca/v-apartments-condos/ville-de-montreal/apartment-for-rent-at-1025-sherbrooke-downtown/1742666575
1742660038,"1,565.00",Two Bedroom Apartment for Rent - 1825 Ste Rose Street,Montréal,2,2,Apartment,0,674,https://www.kijiji.ca/v-apartments-condos/ville-de-montreal/two-bedroom-apartment-for-rent-1825-ste-rose-street/1742660038
1742667458,580.00,"Petite Italie, 4-5 min du Metro, UdM, MILA, Element AI, tout inc","Little Italy, Montréal",N/A,N/A,N/A,N/A,N/A,https://www.kijiji.ca/v-room-rental-roommate/ville-de-montreal/petite-italie-4-5-min-du-metro-udm-mila-element-ai-tout-inc/1742667458
1742667230,"1,980.00",haut de maison à louer mascouche,"Mascouche, Laval / North Shore",2.5,1,House,2,800,https://www.kijiji.ca/v-apartments-condos/laval-rive-nord/haut-de-maison-a-louer-mascouche/1742667230
1742609905,"2,000.00",5 1/2 grand ahuntsic,"Bordeaux, City of Montréal",3,1,Apartment,0,1200,https://www.kijiji.ca/v-apartments-condos/ville-de-montreal/5-1-2-grand-ahuntsic/1742609905
1742290901,"1,150.00",A renovated gem NDG,"Notre-Dame-de-Grâce, Montréal",1,1,Apartment,0,750,https://www.kijiji.ca/v-apartments-condos/ville-de-montreal/a-renovated-gem-ndg/1742290901
1739773939,"1,095.00",3 1/2 à louer,"Rosemont, City of Montréal",1,1,Apartment,0,900,https://www.kijiji.ca/v-apartments-condos/ville-de-montreal/3-1-2-a-louer/1739773939
1742667128,"1,600.00", Grand 5½ à louer - Longueuil,"Sacré-Coeur, Longueuil / South Shore",3.5,1,Apartment,1,1000,https://www.kijiji.ca/v-apartments-condos/longueuil-rive-sud/grand-5-a-louer-longueuil/1742667128
1734024368,"1,900.00",5 1/2 près du cégep Ahuntsic,"Saint-Sulpice, Montréal",3,1,Apartment,0,1050,https://www.kijiji.ca/v-apartments-condos/ville-de-montreal/5-1-2-pres-du-cegep-ahuntsic/1734024368
1742666656,"1,185.00",3½ LUMINEUX – MÉTRO CADILLAC/ASSOMPTION – ÉLECTROS INCLUS,"New Rosemont, Saint-Basile-le-Grand",1,1,Duplex/Triplex,0,630,https://www.kijiji.ca/v-apartments-condos/ville-de-montreal/3-lumineux-metro-cadillac-assomption-electros-inclus/1742666656
1742665674,"1,895.00",Condo 3½ Le Solano Vieux-Montréal-Électos inclus-Terrasse privée,"Old Montreal, Montreal",1,1,Condo,0,765,https://www.kijiji.ca/v-apartments-condos/ville-de-montreal/condo-3-le-solano-vieux-montreal-electos-inclus-terrasse-privee/1742665674
1742670085,"1,054.00","3 et 1/2 avec balcon, parc de la Savane, metro Namur, Royalmount","The Triangle, Montreal",1,1,Apartment,0,675,https://www.kijiji.ca/v-apartments-condos/ville-de-montreal/3-et-1-2-avec-balcon-parc-de-la-savane-metro-namur-royalmount/1742670085
1742669791,1.00,Condo 3 Chambres 1100PC,"Centre-Sud, City of Montréal",4.5,1,Condo,0,1100,https://www.kijiji.ca/v-apartments-condos/ville-de-montreal/condo-3-chambres-1100pc/1742669791
1742669659,"1,200.00",3½ à louer à Ahuntsic,"Saint-Simon, Montréal",1,1,Duplex/Triplex,0,N/A,https://www.kijiji.ca/v-apartments-condos/ville-de-montreal/3-a-louer-a-ahuntsic/1742669659
1742669503,"1,422.00",Apartment 4/2 longueuil Rue Joliette beautiful Apartment.,"Saint-Jean-Vianney, Longueuil",2.5,1,Apartment,1,500,https://www.kijiji.ca/v-apartments-condos/longueuil-rive-sud/apartment-4-2-longueuil-rue-joliette-beautiful-apartment/1742669503
1741957086,"2,900.00",Renting amazing NDG duplex,"Notre-Dame-de-Grâce, Montreal",3,2,Apartment,1,1500,https://www.kijiji.ca/v-apartments-condos/ville-de-montreal/renting-amazing-ndg-duplex/1741957086
1741584715,"1,250.00","PAT, Grand 4 1/2 à louer, propre, 3e etage, idéal personne seul","Pointe-aux-Trembles South, City of Montréal",2,1,Apartment,0,650,https://www.kijiji.ca/v-apartments-condos/ville-de-montreal/pat-grand-4-1-2-a-louer-propre-3e-etage-ideal-personne-seul/1741584715
1742669237,800.00,**URGENT chambre a louer *Plateau* 1sep! court duree,"Mile End, City of Montréal",N/A,N/A,N/A,N/A,N/A,https://www.kijiji.ca/v-room-rental-roommate/ville-de-montreal/urgent-chambre-a-louer-plateau-1sep-court-duree/1742669237
1742669225,"1,875.00",4 1/2 modern condo for rent in Ville St Laurent,"Marcel Laurin Park, Montreal",2,1,Condo,1,1200,https://www.kijiji.ca/v-apartments-condos/ville-de-montreal/4-1-2-modern-condo-for-rent-in-ville-st-laurent/1742669225
1742669194,"1,050.00",Plateau...Condo to Share,"Little Portugal, Le Plateau-Mont-Royal",N/A,N/A,N/A,N/A,N/A,https://www.kijiji.ca/v-room-rental-roommate/ville-de-montreal/plateau-condo-to-share/1742669194
1742669190,"2,300.00",Complete house for rent,"Chomedey, Laval / North Shore",3,1.5,House,2,2000,https://www.kijiji.ca/v-apartments-condos/laval-rive-nord/complete-house-for-rent/1742669190
1742666576,"1,754.00","Apartment for Rent at 1025 Sherbrooke, Downtown",Montréal,1,1,Apartment,0,555,https://www.kijiji.ca/v-apartments-condos/ville-de-montreal/apartment-for-rent-at-1025-sherbrooke-downtown/1742666576
1742665489,660.00,Looking for a roommate in the Mile End,"Mount Royal Park, Montréal",N/A,N/A,N/A,N/A,N/A,https://www.kijiji.ca/v-room-rental-roommate/ville-de-montreal/looking-for-a-roommate-in-the-mile-end/1742665489
1742665333,"1,400.00",4 1/2 in VSL for 1400$,"Marcel Laurin Park, City of Montréal",2,1,Apartment,0,800,https://www.kijiji.ca/v-apartments-condos/ville-de-montreal/4-1-2-in-vsl-for-1400/1742665333
1742664835,"1,600.00",cession de bail - Plateau Mont Royal,"Saint-Louis, City of Montréal",2,1,Apartment,0,N/A,https://www.kijiji.ca/v-apartments-condos/ville-de-montreal/cession-de-bail-plateau-mont-royal/1742664835
1742188378,"1,600.00",Plex de 2 chambre à louer,"Terrebonne, Laval / North Shore",N/A,N/A,N/A,N/A,N/A,https://www.kijiji.ca/v-room-rental-roommate/laval-rive-nord/plex-de-2-chambre-a-louer/1742188378
1742663485,"1,400.00",Renovated big 4 1/2 with good storage space - St. Leonard,"Saint-Leonard West, Montreal",2,1,Duplex/Triplex,0,900,https://www.kijiji.ca/v-apartments-condos/ville-de-montreal/renovated-big-4-1-2-with-good-storage-space-st-leonard/1742663485
1742659342,"2,000.00","5 1/2  3bds, 2parkings Saint-Michel, metro d'Iberville, $2000/m","Villeray, Montréal",3,1,Apartment,2,1400,https://www.kijiji.ca/v-apartments-condos/ville-de-montreal/5-1-2-3bds-2parkings-saint-michel-metro-diberville-2000-m/1742659342
1742659312,"1,150.00",31/2 libre 1 mois gratuit (dernière) rénové ,"Hochelaga-Maisonneuve, City of Montréal",1,1,Apartment,0,500,https://www.kijiji.ca/v-apartments-condos/ville-de-montreal/31-2-libre-1-mois-gratuit-derniere-renove/1742659312
1742659264,"1,500.00",4 1/2 Style condo à louer - Tétreaultville,"Mercier-Est / Tétreaultville, Montréal",2,1,Duplex/Triplex,1,850,https://www.kijiji.ca/v-apartments-condos/ville-de-montreal/4-1-2-style-condo-a-louer-tetreaultville/1742659264
1742657706,"1,850.00",Appartement 3 chambres 1 salle de bain ,"De Lorimier, City of Montréal",3,1,Apartment,0,850,https://www.kijiji.ca/v-apartments-condos/ville-de-montreal/appartement-3-chambres-1-salle-de-bain/1742657706
1741480644,"2,150.00",Magnifique loft entièrement meublé avec une chambre fermée.,"Victoria Square-Convention Centre, Montréal",2,1,Apartment,0,900,https://www.kijiji.ca/v-apartments-condos/ville-de-montreal/magnifique-loft-entierement-meuble-avec-une-chambre-fermee/1741480644
1742656786,"1,250.00",Beau 4½ à louer Montréal-Tétreaultville/Disponible immédiatement,"Mercier-Est / Tétreaultville, Montreal",2,1,Apartment,0,700,https://www.kijiji.ca/v-apartments-condos/ville-de-montreal/beau-4-a-louer-montreal-tetreaultville-disponible-immediatement/1742656786
1742656823,"1,072.00",À louer 3 1/2 A Laval,"Chomedey, Laval / North Shore",1,1,Apartment,3,3,https://www.kijiji.ca/v-apartments-condos/laval-rive-nord/a-louer-3-1-2-a-laval/1742656823
1742656245,"1,550.00",4 1/2 apartment in Hochelaga in the first floor,"HoMa South, City of Montréal",2,1,Apartment,1,850,https://www.kijiji.ca/v-apartments-condos/ville-de-montreal/4-1-2-apartment-in-hochelaga-in-the-first-floor/1742656245
1740479196,975.00,3 1/2 - près du marché Maisonneuve,"Hochelaga-Maisonneuve, Montréal",1,1,Apartment,0,975,https://www.kijiji.ca/v-apartments-condos/ville-de-montreal/3-1-2-pres-du-marche-maisonneuve/1740479196
1742656220,950.00,3 1/2 Longueuil,"Sacré-Coeur, Longueuil / South Shore",1,1,Apartment,0,500,https://www.kijiji.ca/v-apartments-condos/longueuil-rive-sud/3-1-2-longueuil/1742656220
1741711044,"1,690.00",Grand 4 1/2 Meublé Hochelaga Maisonneuve,"Little Portugal, City of Montréal",2,1,Apartment,1,900,https://www.kijiji.ca/v-apartments-condos/ville-de-montreal/grand-4-1-2-meuble-hochelaga-maisonneuve/1741711044
